City,Locality,BHK,Area_sqft,Bathrooms,Total_Floors,Floor_Number,Parking_Spaces,Balcony,Property_Age,Furnishing,Property_Type,Distance_to_City_Center_km,Metro_Distance_km,Nearby_Schools,Nearby_Hospitals,Amenities_Score,Security_Score,Maintenance_Cost,Price_INR
Mumbai,Andheri,2,1278,2.0,15,14,0.0,1.0,27,Semi-Furnished,Apartment,6.8,4.8,2.0,0,10.0,10,6133,21299000
Bengaluru,Electronic City,4,2319,3.0,15,9,2.0,1.0,27,Semi-Furnished,Villa,2.7,10.8,1.0,2,4.0,2,12338,20496000
Pune,Viman Nagar,2,1173,1.0,3,2,1.0,2.0,29,Fully-Furnished,Apartment,4.1,1.2,10.0,7,5.0,3,6449,9577000
Chennai,Anna Nagar,4,2148,4.0,6,3,0.0,1.0,28,Unfurnished,Apartment,4.3,1.7,6.0,1,7.0,5,12526,15947000
Vijayawada,Patamata,2,1341,1.0,2,1,1.0,3.0,26,Semi-Furnished,Apartment,1.5,2.3,6.0,4,10.0,5,6194,6117000
Pune,Hinjewadi,4,2371,4.0,8,3,2.0,1.0,39,Semi-Furnished,Apartment,5.6,15.0,0.0,7,10.0,7,5815,17939000
Bengaluru,Yelahanka,4,1945,5.0,10,3,1.0,1.0,29,Semi-Furnished,Villa,3.5,0.9,6.0,6,5.0,2,5379,18628000
Chennai,Velachery,3,1855,3.0,12,2,1.0,1.0,20,Semi-Furnished,Apartment,9.9,5.3,1.0,5,7.0,10,8982,15562000
Kolkata,Ballygunge,1,600,1.0,15,14,3.0,0.0,3,Semi-Furnished,Apartment,3.3,2.0,9.0,4,7.0,1,2471,4854000
Ahmedabad,Chandkheda,3,1843,4.0,6,1,0.0,1.0,37,Unfurnished,Apartment,8.5,4.1,2.0,3,3.0,3,4481,9647000
Vijayawada,Moghalrajpuram,1,1085,1.0,15,14,2.0,1.0,38,Semi-Furnished,Apartment,6.7,1.4,3.0,0,1.0,4,5382,4343000
Chennai,T Nagar,3,1744,3.0,6,3,0.0,1.0,15,Fully-Furnished,Apartment,12.9,2.1,9.0,1,5.0,8,3785,13810000
Chennai,Adyar,2,1208,2.0,15,12,0.0,1.0,37,Semi-Furnished,Villa,3.7,1.9,0.0,4,6.0,1,4382,9323000
Pune,Kharadi,3,1943,3.0,3,3,0.0,1.0,9,Fully-Furnished,Apartment,3.4,0.9,3.0,2,4.0,4,5076,17833000
Kolkata,Ballygunge,2,1406,2.0,4,3,1.0,1.0,2,Unfurnished,Apartment,5.9,2.9,6.0,5,8.0,5,7745,10442000
Mumbai,Navi Mumbai,2,748,1.0,10,7,2.0,1.0,13,Unfurnished,Apartment,8.2,4.7,6.0,1,5.0,4,2917,10491000
Hyderabad,Madhapur,3,1578,3.0,15,5,0.0,1.0,9,Unfurnished,Apartment,25.0,8.3,2.0,0,6.0,3,3426,9907000
Bengaluru,HSR Layout,2,1047,2.0,2,2,1.0,2.0,29,Unfurnished,Independent House,6.0,4.5,9.0,0,1.0,10,2261,8921000
Mumbai,Navi Mumbai,4,2032,3.0,5,5,2.0,0.0,12,Semi-Furnished,Apartment,16.2,3.3,0.0,1,6.0,10,4553,32453000
Visakhapatnam,Dwaraka Nagar,3,1728,4.0,15,2,0.0,3.0,0,Unfurnished,Apartment,1.9,1.5,7.0,3,2.0,8,4207,11224000
Pune,Baner,1,1290,1.0,7,4,1.0,0.0,27,Semi-Furnished,Apartment,5.8,4.6,3.0,7,10.0,7,5552,10308000
Pune,Hinjewadi,1,910,1.0,2,1,1.0,1.0,11,Fully-Furnished,Independent House,1.5,1.8,1.0,1,1.0,1,2809,8397000
Mumbai,Bandra,4,1891,4.0,4,1,2.0,1.0,28,Unfurnished,Apartment,7.3,0.5,10.0,3,10.0,2,5206,29023000
Mumbai,Bandra,2,1512,2.0,15,2,3.0,1.0,3,Semi-Furnished,Independent House,5.0,6.2,6.0,5,5.0,8,4387,25051000
Ahmedabad,Vastrapur,2,1726,1.0,5,3,2.0,1.0,39,Fully-Furnished,Apartment,10.8,2.0,8.0,5,9.0,8,5576,10869000
Vijayawada,Benz Circle,3,1881,2.0,3,3,2.0,2.0,28,Unfurnished,Apartment,4.6,7.6,9.0,6,8.0,3,5950,9769000
Pune,Baner,3,1957,3.0,4,3,1.0,2.0,33,Fully-Furnished,Independent House,5.4,8.6,3.0,5,6.0,9,8024,17006000
Bengaluru,Indiranagar,3,2036,4.0,3,2,2.0,2.0,28,Unfurnished,Independent House,5.7,9.5,0.0,4,5.0,4,6459,17650000
Vijayawada,Gunadala,4,2132,5.0,5,1,2.0,0.0,25,Unfurnished,Apartment,4.8,0.3,2.0,6,8.0,7,5173,10891000
Vijayawada,Patamata,3,2268,3.0,12,5,3.0,1.0,20,Semi-Furnished,Apartment,3.1,3.8,6.0,2,2.0,1,7741,13430000
Chennai,Anna Nagar,1,699,2.0,2,2,1.0,2.0,34,Unfurnished,Independent House,6.0,3.6,8.0,0,2.0,5,2372,3845000
Kolkata,Dum Dum,5,2688,5.0,2,1,1.0,2.0,22,Unfurnished,Independent House,8.7,3.8,4.0,5,1.0,3,8567,14415000
Visakhapatnam,Madhurawada,4,2424,3.0,4,2,1.0,0.0,18,Semi-Furnished,Independent House,10.6,0.5,1.0,5,8.0,7,9307,14935000
Pune,Baner,2,1193,3.0,6,1,3.0,1.0,19,Semi-Furnished,Apartment,7.2,2.2,6.0,0,5.0,10,6347,9883000
Visakhapatnam,Seethammadhara,5,2010,6.0,3,1,3.0,2.0,15,Fully-Furnished,Apartment,8.3,1.4,4.0,3,8.0,2,11493,12725000
Vijayawada,Governorpet,2,1189,3.0,6,3,3.0,1.0,4,Semi-Furnished,Apartment,4.5,2.6,8.0,4,4.0,5,3114,6633000
Kolkata,Salt Lake,2,1389,3.0,4,1,1.0,2.0,17,,Apartment,8.5,0.2,3.0,6,9.0,6,5289,9945000
Delhi,Dwarka,4,2446,3.0,5,5,2.0,1.0,11,Semi-Furnished,Apartment,2.7,4.1,4.0,6,2.0,5,11438,23792000
Mumbai,Navi Mumbai,2,1563,2.0,7,6,2.0,2.0,36,Semi-Furnished,Apartment,2.8,6.5,3.0,5,2.0,7,5477,23486000
Pune,Kharadi,3,1932,3.0,2,1,1.0,2.0,1,Unfurnished,Apartment,4.5,2.7,3.0,4,10.0,1,9723,16353000
Mumbai,Bandra,2,1307,2.0,6,2,1.0,2.0,29,Semi-Furnished,Apartment,11.9,3.9,2.0,4,7.0,4,7462,20324000
Bengaluru,Electronic City,2,1384,3.0,4,2,0.0,1.0,27,Fully-Furnished,Apartment,5.6,2.6,3.0,5,9.0,2,6874,13331000
Visakhapatnam,Dwaraka Nagar,2,1336,1.0,3,1,2.0,1.0,35,Semi-Furnished,Independent House,5.3,2.3,0.0,7,9.0,2,7886,6876000
Ahmedabad,Vastrapur,3,1714,4.0,6,1,3.0,0.0,26,Semi-Furnished,Apartment,9.8,3.6,10.0,1,5.0,7,6045,12339000
Ahmedabad,Satellite,2,1171,1.0,4,1,3.0,1.0,25,Fully-Furnished,Apartment,3.7,0.4,7.0,7,1.0,5,4569,7623000
Ahmedabad,Prahlad Nagar,4,2288,5.0,10,1,2.0,3.0,1,Unfurnished,Independent House,4.4,4.0,9.0,0,4.0,7,10522,15298000
Delhi,Pitampura,3,1968,4.0,12,4,1.0,1.0,4,Fully-Furnished,Apartment,13.8,5.2,1.0,3,3.0,8,5169,20514000
Pune,Wakad,2,1729,3.0,2,2,2.0,2.0,30,Unfurnished,Apartment,5.1,0.5,6.0,4,10.0,5,7944,13619000
Ahmedabad,Chandkheda,3,1968,4.0,4,2,2.0,1.0,7,Semi-Furnished,Independent House,1.8,1.9,7.0,6,8.0,2,6227,13324000
Kolkata,Salt Lake,2,1837,2.0,4,4,2.0,1.0,32,Semi-Furnished,Apartment,15.0,4.7,1.0,7,1.0,8,6411,9154000
Chennai,Adyar,3,1858,3.0,3,1,1.0,1.0,26,Fully-Furnished,Apartment,13.1,1.1,0.0,6,9.0,4,6654,14588000
Vijayawada,Governorpet,4,2010,4.0,3,2,1.0,2.0,39,Semi-Furnished,Independent House,10.2,4.4,7.0,1,6.0,4,6947,10410000
Vijayawada,Patamata,3,1673,3.0,12,10,1.0,0.0,28,Semi-Furnished,Villa,4.3,0.8,0.0,3,9.0,9,7720,9634000
Bengaluru,HSR Layout,5,2778,4.0,4,1,2.0,0.0,39,Fully-Furnished,Apartment,8.0,0.7,1.0,7,6.0,6,6997,25865000
Delhi,Rohini,2,1535,3.0,10,5,1.0,2.0,38,Unfurnished,Independent House,7.0,2.6,8.0,0,4.0,10,6269,12627000
Vijayawada,Benz Circle,1,1200,1.0,2,1,1.0,2.0,10,Semi-Furnished,Apartment,4.2,2.1,0.0,1,9.0,3,3173,7611000
Chennai,OMR,3,1346,3.0,4,4,2.0,2.0,12,Fully-Furnished,Independent House,4.8,4.8,7.0,7,5.0,4,6052,11966000
Bengaluru,Indiranagar,4,2038,3.0,15,6,2.0,2.0,34,Unfurnished,Independent House,3.4,6.1,2.0,5,3.0,4,4734,17941000
Pune,Hinjewadi,3,2085,3.0,4,1,1.0,1.0,37,Semi-Furnished,Apartment,5.4,1.4,5.0,7,10.0,8,9222,18064000
Bengaluru,Electronic City,2,1306,2.0,15,3,2.0,2.0,10,Unfurnished,Independent House,6.8,3.7,4.0,7,9.0,10,2931,12853000
Delhi,Mayur Vihar,4,2172,4.0,4,4,0.0,2.0,18,Fully-Furnished,Apartment,3.4,10.1,8.0,5,10.0,6,9946,22702000
Visakhapatnam,Gajuwaka,3,1871,2.0,3,1,1.0,0.0,16,Fully-Furnished,Apartment,6.8,4.9,0.0,5,6.0,4,7569,11385000
Ahmedabad,Maninagar,3,1926,3.0,15,10,1.0,2.0,1,Semi-Furnished,Independent House,6.8,2.5,1.0,4,4.0,5,4982,13934000
Pune,Viman Nagar,1,975,1.0,10,1,2.0,1.0,9,Fully-Furnished,Villa,12.3,2.8,6.0,3,5.0,1,2024,9015000
Visakhapatnam,MVP Colony,2,1778,2.0,15,12,2.0,1.0,24,Semi-Furnished,Apartment,4.7,0.8,0.0,1,8.0,1,8705,10183000
Hyderabad,Gachibowli,1,1019,2.0,4,3,1.0,1.0,14,Unfurnished,Apartment,17.0,1.9,0.0,4,1.0,8,4214,7017000
Pune,Baner,2,1495,3.0,6,3,2.0,1.0,0,Semi-Furnished,Apartment,8.2,1.2,10.0,5,5.0,2,6934,13653000
Visakhapatnam,Madhurawada,5,2919,5.0,15,5,1.0,0.0,19,Unfurnished,Apartment,5.9,6.6,3.0,0,3.0,6,10010,15486000
Delhi,Vasant Kunj,1,1040,1.0,2,2,2.0,1.0,20,Fully-Furnished,Apartment,8.3,2.3,5.0,0,9.0,5,4978,10647000
Hyderabad,Kukatpally,2,1254,1.0,10,4,1.0,3.0,24,Unfurnished,Apartment,4.6,4.8,6.0,6,10.0,2,3292,9017000
Pune,Hinjewadi,4,2396,4.0,15,14,1.0,1.0,2,Semi-Furnished,Apartment,3.5,9.1,2.0,5,7.0,10,11233,20788000
Hyderabad,Miyapur,2,977,2.0,3,1,2.0,2.0,37,Semi-Furnished,Villa,2.9,3.8,3.0,7,5.0,5,3055,5911000
Chennai,Velachery,2,1369,2.0,3,1,2.0,1.0,40,Unfurnished,Apartment,3.3,14.8,10.0,4,9.0,5,8155,9304000
Kolkata,New Town,2,1391,2.0,10,10,1.0,2.0,27,Semi-Furnished,Independent House,0.5,2.6,2.0,3,4.0,4,6775,7896000
Chennai,Porur,3,1627,4.0,5,5,1.0,1.0,19,Semi-Furnished,Apartment,8.0,1.2,2.0,1,1.0,8,6695,12646000
Pune,Wakad,3,1831,4.0,12,7,1.0,1.0,13,Fully-Furnished,Independent House,7.0,0.6,0.0,5,3.0,2,9497,16642000
Mumbai,Powai,2,1599,1.0,12,11,2.0,1.0,23,Semi-Furnished,Apartment,15.7,2.3,7.0,0,7.0,1,3209,24503000
Visakhapatnam,Seethammadhara,3,1509,3.0,4,2,3.0,1.0,39,Semi-Furnished,Apartment,8.2,1.6,2.0,7,4.0,10,3118,7171000
Kolkata,Rajarhat,1,1193,1.0,3,2,2.0,2.0,38,Fully-Furnished,Apartment,1.4,6.5,9.0,4,4.0,4,5085,7490000
Bengaluru,Koramangala,2,1618,2.0,10,3,1.0,0.0,0,Fully-Furnished,Apartment,6.8,3.0,4.0,2,6.0,1,8219,15999000
Vijayawada,Poranki,3,1794,4.0,6,6,2.0,1.0,6,Fully-Furnished,Apartment,2.6,6.1,8.0,7,3.0,5,8521,11873000
Delhi,Pitampura,4,2529,5.0,8,4,2.0,1.0,40,Semi-Furnished,Apartment,6.4,0.9,4.0,3,2.0,2,9282,22176000
Hyderabad,Miyapur,1,903,1.0,4,4,2.0,3.0,21,Semi-Furnished,Apartment,8.8,3.9,0.0,0,7.0,10,4562,6121000
Kolkata,Rajarhat,3,1769,2.0,15,9,0.0,3.0,18,Semi-Furnished,Apartment,5.2,4.1,8.0,2,10.0,3,9031,10869000
Ahmedabad,Satellite,2,1550,2.0,3,2,2.0,2.0,15,Unfurnished,Apartment,7.2,2.7,1.0,6,6.0,6,4815,9980000
Hyderabad,Madhapur,1,1286,2.0,6,5,1.0,2.0,22,Semi-Furnished,Independent House,13.7,1.3,0.0,3,4.0,10,3957,8235000
Chennai,OMR,4,2589,5.0,8,1,2.0,2.0,4,Semi-Furnished,Independent House,4.7,5.1,3.0,1,2.0,2,11492,20490000
Vijayawada,Gunadala,4,2050,4.0,5,4,1.0,2.0,16,Fully-Furnished,Apartment,13.7,2.0,2.0,4,6.0,4,11946,11942000
Bengaluru,Electronic City,2,1435,3.0,4,4,1.0,2.0,31,Fully-Furnished,Apartment,7.8,1.9,4.0,2,4.0,3,7478,13299000
Hyderabad,Kukatpally,3,1635,4.0,4,2,1.0,1.0,27,Semi-Furnished,Apartment,1.9,2.3,5.0,4,4.0,7,3533,12778000
Vijayawada,Gunadala,2,1419,2.0,3,2,1.0,1.0,31,Semi-Furnished,Apartment,13.6,6.5,10.0,0,9.0,7,6412,9258000
Delhi,Rohini,3,1681,4.0,3,3,2.0,2.0,15,Semi-Furnished,Apartment,9.3,1.0,5.0,6,2.0,7,8894,16135000
Ahmedabad,Vastrapur,4,2041,4.0,15,5,1.0,2.0,6,Semi-Furnished,Apartment,6.9,7.0,2.0,6,1.0,2,8544,14485000
Delhi,Rohini,5,2446,4.0,10,1,3.0,3.0,14,Semi-Furnished,Independent House,1.3,3.5,6.0,5,1.0,9,10836,25776000
Kolkata,New Town,3,1526,3.0,12,11,2.0,2.0,1,Semi-Furnished,Villa,5.1,0.7,1.0,5,5.0,8,4713,10616000
Pune,Hadapsar,1,742,1.0,5,1,0.0,2.0,31,Unfurnished,Independent House,7.2,2.2,2.0,3,5.0,1,3221,5314000
Bengaluru,Yelahanka,3,1736,4.0,5,5,1.0,1.0,29,Unfurnished,Apartment,10.8,0.4,2.0,6,1.0,1,9478,16037000
Chennai,Porur,2,1320,1.0,4,2,1.0,1.0,25,Semi-Furnished,Apartment,7.9,2.1,7.0,2,7.0,2,7056,9759000
Bengaluru,Indiranagar,2,1522,3.0,8,6,2.0,1.0,39,Fully-Furnished,Apartment,3.4,0.8,7.0,6,9.0,3,7154,16315000
Pune,Baner,3,1702,3.0,8,6,0.0,1.0,40,Semi-Furnished,Apartment,12.3,3.7,6.0,4,2.0,2,4452,13141000
Kolkata,Dum Dum,1,1326,1.0,15,11,2.0,1.0,19,Semi-Furnished,Apartment,1.0,5.0,0.0,5,6.0,9,3947,9219000
Delhi,Pitampura,2,1400,3.0,10,4,0.0,2.0,1,Fully-Furnished,Apartment,1.9,2.0,8.0,2,7.0,3,6794,16041000
Vijayawada,Benz Circle,3,2081,4.0,2,1,1.0,2.0,7,Semi-Furnished,Apartment,11.7,2.2,7.0,5,3.0,1,9198,11919000
Pune,Wakad,2,1022,2.0,5,1,1.0,1.0,26,Semi-Furnished,Villa,8.1,2.0,9.0,1,2.0,7,5067,6892000
Vijayawada,Patamata,4,2267,4.0,15,7,1.0,1.0,39,Fully-Furnished,Independent House,1.1,0.5,9.0,4,5.0,1,5141,14063000
Pune,Hinjewadi,2,1195,1.0,12,9,0.0,2.0,22,Semi-Furnished,Independent House,3.4,0.5,7.0,2,5.0,3,2405,10248000
Chennai,Porur,3,1908,2.0,12,3,1.0,2.0,17,Semi-Furnished,Villa,6.1,2.7,7.0,7,1.0,9,8578,16216000
Kolkata,Dum Dum,5,2710,6.0,4,3,2.0,1.0,10,Semi-Furnished,Independent House,9.5,5.4,7.0,4,8.0,7,12610,18510000
Kolkata,Dum Dum,4,2508,5.0,10,5,0.0,3.0,22,Unfurnished,Apartment,5.6,2.6,0.0,1,6.0,8,5447,15388000
Chennai,Porur,3,1846,4.0,4,1,1.0,1.0,26,Unfurnished,Apartment,14.6,1.9,7.0,0,4.0,7,5539,13308000
Ahmedabad,Maninagar,3,1765,3.0,10,4,2.0,1.0,23,Fully-Furnished,Apartment,2.0,6.0,8.0,3,3.0,4,10129,12478000
Chennai,Anna Nagar,4,2402,5.0,12,7,2.0,0.0,35,Unfurnished,Apartment,3.4,2.0,0.0,0,1.0,3,7387,17372000
Vijayawada,Governorpet,1,962,1.0,5,3,2.0,1.0,33,Semi-Furnished,Apartment,3.8,2.5,1.0,7,8.0,10,4812,4689000
Delhi,Saket,2,1146,1.0,2,2,1.0,2.0,14,Unfurnished,Apartment,6.2,2.2,,4,5.0,7,4843,10241000
Ahmedabad,Maninagar,3,1847,3.0,15,11,2.0,2.0,24,Semi-Furnished,Independent House,15.6,4.3,0.0,6,5.0,3,8215,13047000
Hyderabad,Kukatpally,3,1646,3.0,12,10,1.0,2.0,21,Unfurnished,Independent House,3.5,0.2,5.0,6,6.0,7,8149,12640000
Bengaluru,Koramangala,3,1792,4.0,5,1,1.0,1.0,32,Fully-Furnished,Apartment,9.9,1.6,5.0,2,3.0,3,8288,17961000
Bengaluru,Electronic City,4,2081,3.0,7,7,1.0,3.0,23,Unfurnished,Independent House,3.8,5.2,5.0,5,8.0,2,9362,18740000
Ahmedabad,Bodakdev,3,1658,4.0,5,3,1.0,3.0,14,Fully-Furnished,Apartment,0.9,4.2,2.0,6,3.0,6,4198,12015000
Visakhapatnam,Dwaraka Nagar,5,2371,5.0,6,3,2.0,1.0,32,Semi-Furnished,Apartment,4.1,15.0,9.0,1,5.0,6,14096,13755000
Delhi,Mayur Vihar,5,2531,4.0,10,1,1.0,1.0,23,Fully-Furnished,Apartment,6.2,3.8,1.0,0,5.0,3,11918,26136000
Chennai,OMR,3,1520,3.0,5,1,3.0,2.0,24,Semi-Furnished,Independent House,9.4,1.6,7.0,1,4.0,10,3530,11800000
Kolkata,Dum Dum,3,1789,3.0,12,6,3.0,2.0,31,Semi-Furnished,Independent House,8.5,2.6,4.0,5,6.0,2,5116,11370000
Chennai,Porur,4,2403,5.0,3,1,1.0,1.0,28,Semi-Furnished,Villa,4.9,15.0,10.0,4,1.0,7,9606,18268000
Chennai,Anna Nagar,3,1998,3.0,12,9,1.0,2.0,19,Unfurnished,Apartment,6.8,1.9,8.0,1,8.0,2,8247,15578000
Kolkata,Dum Dum,1,878,1.0,15,1,2.0,1.0,7,Semi-Furnished,Villa,21.5,4.7,5.0,6,5.0,10,3289,6257000
Hyderabad,Gachibowli,5,2513,6.0,5,5,1.0,2.0,22,Fully-Furnished,Independent House,1.9,6.2,9.0,5,1.0,2,13009,19854000
Mumbai,Navi Mumbai,2,865,3.0,6,1,1.0,2.0,38,Fully-Furnished,Independent House,13.7,7.0,8.0,2,9.0,9,4332,14556000
Kolkata,Dum Dum,3,2003,4.0,12,11,2.0,1.0,38,Unfurnished,Apartment,5.0,1.5,0.0,7,9.0,4,4775,11583000
Ahmedabad,Chandkheda,3,1709,3.0,10,9,2.0,1.0,28,Semi-Furnished,Independent House,13.4,5.5,5.0,3,1.0,6,6380,11240000
Vijayawada,Poranki,2,1614,2.0,12,6,2.0,1.0,5,Unfurnished,Apartment,1.9,4.5,4.0,5,5.0,5,4065,8982000
Visakhapatnam,Madhurawada,3,1934,3.0,5,5,2.0,3.0,6,Fully-Furnished,Apartment,0.8,5.2,4.0,7,1.0,3,9922,12082000
Bengaluru,Koramangala,3,1665,3.0,8,2,2.0,0.0,8,Semi-Furnished,Apartment,4.2,3.0,5.0,2,9.0,1,4720,17975000
Delhi,Rohini,4,1971,3.0,5,5,1.0,2.0,12,Semi-Furnished,Independent House,3.9,1.0,7.0,6,6.0,8,9142,20224000
Chennai,Adyar,2,1359,2.0,3,2,0.0,1.0,30,Semi-Furnished,Apartment,7.3,4.0,3.0,6,10.0,10,8008,10668000
Visakhapatnam,MVP Colony,2,1404,2.0,8,8,1.0,3.0,32,Fully-Furnished,Villa,4.5,1.4,8.0,3,1.0,7,5346,9127000
Kolkata,Salt Lake,2,1007,1.0,15,10,2.0,2.0,25,Unfurnished,Independent House,9.2,6.6,1.0,5,4.0,8,2561,5047000
Vijayawada,Gunadala,5,2727,5.0,10,2,3.0,2.0,22,Fully-Furnished,Villa,12.9,3.5,5.0,6,2.0,5,15795,16150000
Visakhapatnam,MVP Colony,2,1343,2.0,10,5,1.0,1.0,10,Semi-Furnished,Apartment,1.2,1.0,4.0,7,9.0,10,6232,9854000
Ahmedabad,Maninagar,2,1443,3.0,4,3,1.0,1.0,6,Fully-Furnished,Apartment,7.1,4.6,0.0,1,1.0,1,4495,10432000
Hyderabad,Gachibowli,3,2046,2.0,5,1,2.0,0.0,23,Semi-Furnished,Villa,2.8,0.2,6.0,1,4.0,1,10759,14568000
Vijayawada,Patamata,3,1425,4.0,2,1,1.0,2.0,8,Semi-Furnished,Apartment,0.6,1.2,0.0,1,1.0,4,6176,7376000
Bengaluru,HSR Layout,2,1904,1.0,12,3,3.0,1.0,20,Semi-Furnished,Independent House,7.1,3.8,5.0,7,2.0,2,9847,17110000
Chennai,Porur,5,2797,5.0,3,1,2.0,0.0,5,Semi-Furnished,Apartment,14.5,1.8,7.0,2,3.0,6,7070,22336000
Delhi,Dwarka,3,1756,3.0,12,12,2.0,1.0,33,Semi-Furnished,Apartment,7.5,9.5,6.0,1,3.0,10,8397,15934000
Bengaluru,Whitefield,3,1972,3.0,6,6,1.0,2.0,22,Fully-Furnished,Apartment,6.7,7.3,5.0,3,3.0,6,5091,18480000
Delhi,Rohini,3,2029,3.0,10,8,1.0,1.0,21,Semi-Furnished,Independent House,4.9,1.9,9.0,3,3.0,7,7074,19815000
Mumbai,Bandra,2,1201,1.0,4,2,2.0,0.0,40,Unfurnished,Independent House,9.6,4.3,10.0,3,4.0,7,3110,16774000
Ahmedabad,Bodakdev,5,2812,5.0,2,1,1.0,2.0,26,Unfurnished,Apartment,2.7,5.0,9.0,0,1.0,8,6742,17767000
Chennai,Adyar,2,1579,2.0,3,2,2.0,2.0,0,Unfurnished,Apartment,3.5,9.0,5.0,1,3.0,4,8077,11970000
Vijayawada,Governorpet,3,1650,2.0,10,6,1.0,2.0,0,Unfurnished,Apartment,3.9,0.4,6.0,6,6.0,5,5692,9370000
Chennai,Porur,4,2347,3.0,15,10,3.0,2.0,40,Semi-Furnished,Apartment,7.5,5.1,2.0,0,2.0,6,5861,17947000
Delhi,Rohini,3,1477,3.0,15,13,1.0,3.0,31,Fully-Furnished,Independent House,6.4,4.0,5.0,5,1.0,8,3824,15536000
Vijayawada,Gunadala,4,2545,5.0,6,2,1.0,1.0,27,Semi-Furnished,Apartment,4.1,0.8,8.0,3,3.0,5,5675,14105000
Mumbai,Navi Mumbai,2,1176,3.0,15,13,0.0,0.0,31,Semi-Furnished,Independent House,9.8,,1.0,5,10.0,7,2955,18893000
Chennai,Anna Nagar,2,1285,2.0,5,2,2.0,0.0,13,Semi-Furnished,Independent House,20.7,6.8,8.0,6,5.0,3,3276,9474000
Mumbai,Navi Mumbai,4,2546,3.0,2,1,1.0,1.0,17,Semi-Furnished,Apartment,5.9,1.5,0.0,1,1.0,2,10944,40541000
Kolkata,Ballygunge,5,2210,5.0,10,9,3.0,2.0,14,Unfurnished,Independent House,3.8,2.8,1.0,1,10.0,3,10107,14738000
Mumbai,Bandra,3,1527,2.0,10,10,2.0,1.0,9,Unfurnished,Independent House,5.4,3.0,7.0,1,9.0,1,5695,23815000
Mumbai,Thane,4,2008,4.0,15,2,2.0,2.0,31,Unfurnished,Apartment,3.5,0.6,4.0,1,4.0,6,6491,30147000
Visakhapatnam,MVP Colony,3,1789,3.0,8,3,3.0,3.0,23,Semi-Furnished,Apartment,7.7,2.2,3.0,6,5.0,1,3997,10143000
Chennai,T Nagar,3,1817,3.0,12,8,2.0,2.0,32,Semi-Furnished,Apartment,7.8,8.6,4.0,3,2.0,8,6829,12910000
Delhi,Dwarka,2,1311,2.0,3,1,2.0,2.0,17,Semi-Furnished,Apartment,5.6,4.9,0.0,7,10.0,6,3965,13641000
Pune,Kharadi,1,772,2.0,4,4,1.0,0.0,36,Unfurnished,Apartment,10.5,3.8,8.0,0,6.0,3,2290,4805000
Visakhapatnam,Madhurawada,2,1369,2.0,6,2,2.0,2.0,15,Semi-Furnished,Independent House,3.1,3.1,3.0,1,5.0,2,3350,6622000
Kolkata,Rajarhat,4,2164,5.0,6,6,1.0,1.0,16,Unfurnished,Villa,0.7,4.6,4.0,1,6.0,4,9511,13168000
Bengaluru,Whitefield,4,2437,3.0,4,4,0.0,1.0,20,Semi-Furnished,Villa,4.3,2.4,8.0,7,8.0,10,12775,22839000
Delhi,Rohini,3,1751,2.0,4,3,1.0,1.0,26,Fully-Furnished,Apartment,6.6,9.5,4.0,2,1.0,10,9878,17301000
Ahmedabad,Prahlad Nagar,2,1294,3.0,7,6,0.0,1.0,9,Semi-Furnished,Independent House,6.4,3.6,6.0,3,6.0,10,5144,11112000
Delhi,Dwarka,2,1364,1.0,2,2,3.0,2.0,22,Semi-Furnished,Apartment,12.2,1.2,2.0,4,3.0,7,5971,11516000
Hyderabad,Banjara Hills,3,1784,3.0,4,1,1.0,0.0,21,Fully-Furnished,Independent House,2.0,3.2,0.0,7,5.0,2,7019,14050000
Visakhapatnam,Rushikonda,3,1515,4.0,6,3,3.0,3.0,37,Fully-Furnished,Villa,6.8,1.0,9.0,5,1.0,2,6271,8286000
Ahmedabad,Satellite,5,2544,4.0,4,4,1.0,2.0,17,Unfurnished,Apartment,3.7,10.7,3.0,7,2.0,8,7538,16025000
Chennai,Anna Nagar,3,1855,4.0,7,2,1.0,0.0,3,Fully-Furnished,Apartment,6.6,13.3,1.0,6,2.0,7,8318,14987000
Vijayawada,Governorpet,3,1785,4.0,10,9,2.0,2.0,29,Semi-Furnished,Villa,12.0,,6.0,1,7.0,7,5068,9770000
Hyderabad,Kukatpally,3,1620,3.0,8,6,2.0,1.0,13,Semi-Furnished,Independent House,13.9,6.1,3.0,5,10.0,3,3771,13182000
Delhi,Rohini,4,2313,4.0,6,5,1.0,1.0,31,Semi-Furnished,Apartment,6.0,8.2,6.0,7,6.0,10,5145,22294000
Ahmedabad,Satellite,3,2030,3.0,8,3,1.0,1.0,40,Unfurnished,Apartment,9.3,2.3,2.0,6,8.0,7,8786,10897000
Pune,Kharadi,3,1464,2.0,2,1,1.0,2.0,39,Fully-Furnished,Apartment,4.6,7.5,6.0,6,9.0,10,2968,12649000
Ahmedabad,Prahlad Nagar,2,1383,1.0,7,3,3.0,2.0,13,Semi-Furnished,Independent House,25.0,4.1,1.0,4,7.0,7,4465,9647000
Mumbai,Powai,5,2606,5.0,6,1,2.0,0.0,40,Semi-Furnished,Apartment,4.0,3.5,3.0,5,2.0,3,9950,40293000
Hyderabad,Madhapur,4,2187,4.0,5,4,2.0,1.0,27,Unfurnished,Apartment,16.6,2.1,2.0,1,8.0,2,12706,15544000
Vijayawada,Patamata,2,1362,1.0,7,4,2.0,2.0,22,Semi-Furnished,Apartment,12.3,8.8,6.0,4,5.0,6,8169,7032000
Bengaluru,Whitefield,3,1634,2.0,7,5,1.0,1.0,17,Semi-Furnished,Independent House,1.5,3.7,7.0,6,8.0,1,6830,15681000
Delhi,Mayur Vihar,3,2265,4.0,4,3,0.0,0.0,15,Fully-Furnished,Independent House,17.3,2.2,8.0,0,1.0,5,5860,23815000
Hyderabad,Gachibowli,4,2342,4.0,8,6,3.0,3.0,13,Semi-Furnished,Apartment,1.4,3.4,8.0,2,8.0,1,7587,18938000
Chennai,Velachery,4,2146,5.0,15,6,2.0,3.0,3,Semi-Furnished,Apartment,3.9,15.0,3.0,3,1.0,2,11171,17443000
Mumbai,Thane,3,1830,3.0,12,10,0.0,1.0,19,,Apartment,5.7,3.0,3.0,0,10.0,1,8240,28908000
Mumbai,Borivali,4,2471,4.0,3,1,2.0,3.0,26,Unfurnished,Apartment,16.8,0.3,3.0,5,5.0,6,9439,35947000
Chennai,Porur,5,3068,5.0,3,1,2.0,2.0,20,Semi-Furnished,Independent House,4.4,4.6,2.0,6,2.0,2,8115,24510000
Bengaluru,HSR Layout,2,1462,2.0,7,1,2.0,1.0,33,Unfurnished,Independent House,7.1,9.5,0.0,0,10.0,5,8314,11972000
Kolkata,New Town,2,1353,2.0,15,7,1.0,0.0,20,Fully-Furnished,Apartment,5.3,7.5,8.0,4,7.0,8,4124,9899000
Mumbai,Thane,4,2247,5.0,6,6,3.0,0.0,6,Unfurnished,Apartment,6.2,10.9,8.0,0,8.0,2,8331,35499000
Hyderabad,Gachibowli,3,1690,4.0,6,5,2.0,1.0,35,Fully-Furnished,Apartment,5.9,1.5,8.0,0,9.0,6,8160,13230000
Delhi,Pitampura,4,2775,4.0,3,1,0.0,3.0,38,Fully-Furnished,Apartment,0.5,5.5,1.0,1,4.0,7,15436,25710000
Chennai,Velachery,2,1490,3.0,2,2,2.0,1.0,37,Semi-Furnished,Apartment,10.8,3.3,8.0,7,5.0,2,3967,11023000
Pune,Hadapsar,2,1515,2.0,7,1,2.0,1.0,15,Semi-Furnished,Independent House,2.2,3.0,1.0,1,1.0,5,3653,12157000
Kolkata,Ballygunge,3,2089,3.0,12,1,1.0,1.0,12,Semi-Furnished,Villa,2.8,4.6,8.0,5,10.0,5,8227,14740000
Bengaluru,Whitefield,4,2551,4.0,4,2,1.0,0.0,22,Semi-Furnished,Apartment,2.1,0.7,4.0,0,1.0,2,8040,23351000
Delhi,Dwarka,2,1656,3.0,5,1,2.0,3.0,1,Unfurnished,Independent House,8.0,5.2,8.0,1,3.0,3,6722,15829000
Delhi,Pitampura,1,1056,1.0,2,1,2.0,0.0,22,Unfurnished,Independent House,6.4,0.7,3.0,4,6.0,8,3142,9141000
Visakhapatnam,Dwaraka Nagar,2,1596,2.0,6,6,2.0,2.0,10,Unfurnished,Independent House,20.5,2.8,8.0,3,7.0,3,7772,7959000
Kolkata,Behala,2,1185,2.0,2,2,1.0,1.0,40,Semi-Furnished,Villa,21.8,3.9,9.0,2,8.0,1,7069,5489000
Delhi,Rohini,3,1844,3.0,12,10,2.0,0.0,37,Unfurnished,Independent House,7.7,7.9,2.0,4,6.0,2,7774,17052000
Visakhapatnam,Madhurawada,2,1431,3.0,12,3,1.0,1.0,28,Semi-Furnished,Independent House,4.3,1.8,4.0,2,2.0,7,6241,8641000
Hyderabad,Kukatpally,4,2104,4.0,12,10,1.0,1.0,24,Unfurnished,Independent House,2.3,1.8,4.0,6,10.0,5,7295,14727000
Ahmedabad,Bodakdev,3,1822,2.0,15,4,1.0,2.0,32,Unfurnished,Apartment,3.3,5.0,2.0,2,1.0,7,10285,11002000
Vijayawada,Benz Circle,4,2130,4.0,6,5,1.0,1.0,9,Fully-Furnished,Apartment,5.6,0.3,0.0,5,3.0,3,5409,12406000
Pune,Hinjewadi,2,874,2.0,3,3,2.0,1.0,28,Semi-Furnished,Apartment,3.9,3.0,7.0,1,6.0,3,3734,6752000
Chennai,Velachery,4,2212,4.0,4,1,3.0,1.0,7,Semi-Furnished,Apartment,1.7,4.4,0.0,5,2.0,9,8786,18545000
Mumbai,Powai,1,1077,1.0,3,3,0.0,2.0,23,Fully-Furnished,Apartment,1.8,4.9,2.0,6,3.0,6,2344,15987000
Delhi,Rohini,3,1814,4.0,5,2,1.0,3.0,33,Semi-Furnished,Apartment,13.0,2.3,1.0,5,1.0,7,4401,17012000
Bengaluru,Whitefield,3,1811,3.0,7,5,2.0,1.0,0,Semi-Furnished,Apartment,4.4,4.4,10.0,1,10.0,2,8390,18218000
Hyderabad,Gachibowli,3,1471,3.0,15,5,1.0,1.0,11,Fully-Furnished,Apartment,6.8,3.4,8.0,2,5.0,7,7521,11985000
Bengaluru,Indiranagar,2,1331,3.0,4,4,3.0,1.0,33,Semi-Furnished,Apartment,5.8,2.8,2.0,4,7.0,9,5653,13770000
Hyderabad,Kondapur,4,2534,4.0,4,4,3.0,2.0,37,Semi-Furnished,Apartment,1.3,2.2,8.0,5,5.0,9,10382,18204000
Mumbai,Navi Mumbai,1,1134,1.0,15,15,0.0,1.0,8,Fully-Furnished,Apartment,4.1,5.3,9.0,3,2.0,1,2848,18338000
Visakhapatnam,Rushikonda,4,2331,5.0,15,15,2.0,1.0,33,Semi-Furnished,Villa,12.6,0.4,10.0,6,9.0,8,5361,14835000
Pune,Kharadi,3,2155,4.0,15,15,1.0,3.0,35,Semi-Furnished,Apartment,9.4,0.9,4.0,0,10.0,9,7810,18526000
Pune,Wakad,4,2331,4.0,4,2,2.0,1.0,18,Semi-Furnished,Apartment,16.0,4.7,5.0,0,10.0,4,4810,19665000
Bengaluru,HSR Layout,3,1462,2.0,4,1,2.0,0.0,33,Semi-Furnished,Apartment,4.6,0.5,8.0,5,8.0,7,8350,12578000
Pune,Hadapsar,2,812,2.0,3,2,1.0,2.0,10,Semi-Furnished,Apartment,12.7,0.2,1.0,0,10.0,9,4013,8637000
Ahmedabad,Chandkheda,4,2316,4.0,15,1,2.0,2.0,11,Unfurnished,Apartment,3.5,3.0,2.0,7,8.0,1,11622,15790000
Mumbai,Navi Mumbai,5,2633,5.0,7,6,1.0,0.0,20,Fully-Furnished,Apartment,6.6,1.1,1.0,1,10.0,9,9444,44185000
Mumbai,Borivali,2,1606,2.0,7,3,1.0,2.0,17,Semi-Furnished,Independent House,7.4,11.3,10.0,7,6.0,10,7915,24488000
Ahmedabad,Satellite,3,1896,2.0,7,7,1.0,1.0,10,Fully-Furnished,Villa,13.4,6.8,10.0,5,2.0,7,6159,14888000
Delhi,Dwarka,2,1897,2.0,15,5,1.0,1.0,14,Semi-Furnished,Apartment,4.4,1.6,9.0,7,9.0,5,5043,18686000
Pune,Hinjewadi,3,2160,3.0,5,3,1.0,2.0,15,Unfurnished,Apartment,2.5,3.1,9.0,0,7.0,9,10297,17634000
Mumbai,Borivali,2,1487,2.0,15,7,1.0,3.0,35,Semi-Furnished,Independent House,3.8,4.0,4.0,5,5.0,6,7662,22421000
Bengaluru,Indiranagar,3,1889,3.0,8,3,1.0,1.0,31,Fully-Furnished,Independent House,10.1,1.7,9.0,3,4.0,2,9545,18912000
Chennai,Anna Nagar,2,1522,1.0,3,3,2.0,1.0,36,Semi-Furnished,Apartment,25.0,2.0,4.0,4,4.0,4,4068,10658000
Hyderabad,Banjara Hills,3,1668,3.0,15,10,3.0,0.0,26,Semi-Furnished,Apartment,3.3,2.6,1.0,2,2.0,5,8132,11685000
Ahmedabad,Chandkheda,2,1197,1.0,4,1,2.0,3.0,7,Semi-Furnished,Independent House,4.9,2.2,0.0,0,9.0,5,4999,7216000
Ahmedabad,Bodakdev,5,2331,4.0,15,13,3.0,1.0,7,Semi-Furnished,Apartment,10.9,2.2,3.0,2,2.0,7,6801,17291000
Chennai,Porur,2,1428,3.0,6,1,1.0,1.0,20,Unfurnished,Apartment,7.2,1.7,3.0,2,10.0,4,8561,9727000
Chennai,T Nagar,3,1592,4.0,15,10,1.0,1.0,0,Unfurnished,Apartment,3.7,3.1,8.0,0,2.0,7,9134,12399000
Hyderabad,Madhapur,2,1424,3.0,2,1,3.0,1.0,28,Fully-Furnished,Independent House,13.1,0.8,2.0,3,5.0,3,5746,9903000
Kolkata,Rajarhat,4,2321,3.0,2,1,1.0,2.0,6,Fully-Furnished,Independent House,3.6,4.0,2.0,4,2.0,5,9537,17225000
Kolkata,Ballygunge,5,2535,4.0,4,3,3.0,1.0,17,Semi-Furnished,Villa,4.7,7.0,9.0,1,3.0,2,6322,15977000
Delhi,Saket,3,1977,3.0,15,8,1.0,1.0,18,Unfurnished,Apartment,16.6,2.8,2.0,2,7.0,5,8665,18917000
Bengaluru,HSR Layout,2,1472,3.0,7,4,0.0,0.0,17,Semi-Furnished,Independent House,17.8,0.7,10.0,1,9.0,9,6503,13796000
Visakhapatnam,Gajuwaka,4,2665,4.0,3,3,1.0,1.0,37,Semi-Furnished,Independent House,5.9,0.9,3.0,7,7.0,2,9790,13342000
Visakhapatnam,Madhurawada,3,1925,3.0,2,1,2.0,1.0,37,Semi-Furnished,Apartment,5.9,5.5,10.0,4,2.0,5,10079,9839000
Pune,Hinjewadi,1,1225,1.0,3,1,1.0,1.0,38,Semi-Furnished,Apartment,10.5,5.1,3.0,7,5.0,6,3538,9585000
Bengaluru,HSR Layout,4,1949,5.0,8,6,1.0,2.0,5,Semi-Furnished,Apartment,3.7,2.7,7.0,0,4.0,1,9015,18845000
Hyderabad,Banjara Hills,2,1360,1.0,8,7,2.0,1.0,8,Unfurnished,Independent House,6.4,4.8,10.0,7,5.0,1,6936,9307000
Ahmedabad,Bodakdev,3,1783,2.0,5,3,0.0,0.0,3,Unfurnished,Apartment,6.0,2.1,3.0,3,3.0,10,8927,11506000
Kolkata,Ballygunge,2,1163,3.0,4,1,1.0,1.0,24,Semi-Furnished,Apartment,7.4,3.4,4.0,6,3.0,2,5212,6908000
Visakhapatnam,Rushikonda,2,1076,2.0,7,7,2.0,0.0,39,Fully-Furnished,Apartment,1.4,2.9,9.0,5,9.0,9,3657,7254000
Ahmedabad,Maninagar,3,1666,3.0,8,8,1.0,2.0,8,Semi-Furnished,Apartment,4.4,1.4,3.0,6,6.0,4,6029,12647000
Bengaluru,Indiranagar,4,2225,4.0,10,4,1.0,1.0,25,Unfurnished,Apartment,4.6,0.5,3.0,4,6.0,8,4920,20012000
Chennai,OMR,1,675,1.0,8,7,1.0,0.0,23,Unfurnished,Apartment,3.7,4.6,6.0,5,6.0,2,1354,4939000
Ahmedabad,Bodakdev,3,1635,3.0,8,8,2.0,1.0,16,Unfurnished,Apartment,2.1,1.6,2.0,3,1.0,3,7089,10327000
Pune,Wakad,4,2507,5.0,5,4,1.0,1.0,24,Fully-Furnished,Apartment,16.1,9.9,0.0,6,5.0,4,5323,21533000
Hyderabad,Banjara Hills,4,2332,5.0,12,9,2.0,2.0,22,Semi-Furnished,Apartment,10.6,3.2,1.0,6,10.0,8,9959,17140000
Pune,Hadapsar,1,967,1.0,15,4,1.0,1.0,27,Semi-Furnished,Apartment,2.4,4.3,7.0,0,9.0,4,4785,7841000
Hyderabad,Kondapur,3,1782,4.0,12,3,0.0,2.0,3,Semi-Furnished,Independent House,10.3,0.6,0.0,3,2.0,5,9452,13392000
Pune,Viman Nagar,3,1758,3.0,15,4,1.0,2.0,30,Semi-Furnished,Apartment,13.4,7.7,2.0,7,2.0,2,6740,13937000
Visakhapatnam,Gajuwaka,1,1176,2.0,2,2,2.0,2.0,2,Semi-Furnished,Apartment,5.5,5.4,2.0,3,9.0,5,3684,7388000
Pune,Wakad,4,2512,4.0,5,4,1.0,2.0,40,Semi-Furnished,Independent House,9.8,1.6,3.0,2,5.0,6,12559,20127000
Pune,Baner,4,2178,5.0,4,1,1.0,0.0,3,Semi-Furnished,Apartment,8.5,3.1,1.0,7,8.0,1,5626,19547000
Delhi,Vasant Kunj,3,1905,4.0,4,2,1.0,1.0,20,Semi-Furnished,Apartment,3.9,6.4,4.0,0,3.0,5,4587,20237000
Visakhapatnam,Rushikonda,4,2361,4.0,4,1,2.0,2.0,10,Semi-Furnished,Independent House,8.8,4.4,7.0,4,5.0,5,9384,14089000
Chennai,Adyar,3,1315,3.0,6,4,2.0,2.0,27,Fully-Furnished,Independent House,3.9,7.8,4.0,6,1.0,5,3947,11455000
Kolkata,Dum Dum,3,1844,4.0,4,2,1.0,1.0,18,Fully-Furnished,Apartment,0.7,3.2,4.0,1,1.0,6,8860,11604000
Bengaluru,HSR Layout,2,947,1.0,3,3,1.0,1.0,28,Fully-Furnished,Independent House,3.4,2.7,9.0,5,8.0,8,3258,9141000
Hyderabad,Gachibowli,3,1582,3.0,6,5,2.0,1.0,27,Semi-Furnished,Apartment,4.5,1.9,9.0,6,9.0,10,5030,13319000
Vijayawada,Poranki,3,1763,3.0,12,12,1.0,2.0,25,Fully-Furnished,Apartment,2.2,2.6,10.0,3,4.0,9,9126,10540000
Vijayawada,Poranki,3,1797,3.0,15,10,2.0,0.0,3,Semi-Furnished,Apartment,1.6,2.5,1.0,3,6.0,5,3871,11171000
Hyderabad,Kukatpally,3,2256,4.0,3,2,2.0,1.0,34,Semi-Furnished,Apartment,13.5,0.4,7.0,2,4.0,3,11375,15684000
Ahmedabad,Maninagar,2,1190,2.0,5,2,1.0,1.0,18,Unfurnished,Apartment,4.8,2.3,7.0,7,6.0,4,3669,7708000
Chennai,Adyar,4,2089,4.0,2,1,1.0,2.0,28,Fully-Furnished,Apartment,3.1,3.1,0.0,1,8.0,10,9929,17081000
Pune,Viman Nagar,3,1691,3.0,12,8,1.0,2.0,37,Unfurnished,Independent House,0.9,1.2,5.0,3,10.0,5,5308,13206000
Mumbai,Navi Mumbai,3,1796,3.0,8,2,3.0,1.0,34,Semi-Furnished,Independent House,6.6,2.6,4.0,7,5.0,8,9367,28223000
Hyderabad,Miyapur,2,1185,2.0,12,3,1.0,1.0,22,Semi-Furnished,Apartment,19.5,2.2,9.0,0,5.0,4,3153,7831000
Kolkata,Dum Dum,3,2142,2.0,8,8,3.0,2.0,37,Unfurnished,Apartment,8.1,3.5,9.0,3,2.0,8,8308,10893000
Ahmedabad,Bodakdev,4,1935,4.0,5,3,2.0,1.0,19,Fully-Furnished,Villa,2.2,8.9,5.0,6,9.0,5,6999,14235000
Chennai,OMR,1,1381,1.0,3,1,1.0,2.0,30,Fully-Furnished,Apartment,4.6,3.3,4.0,3,7.0,4,5727,10142000
Delhi,Rohini,2,1375,3.0,7,3,1.0,1.0,33,Semi-Furnished,Independent House,3.0,4.0,6.0,5,3.0,5,4132,12442000
Kolkata,Ballygunge,1,743,1.0,10,1,0.0,2.0,30,Fully-Furnished,Apartment,9.1,8.8,7.0,5,4.0,9,2070,4493000
Kolkata,Salt Lake,1,804,1.0,10,4,2.0,2.0,37,Semi-Furnished,Independent House,15.5,2.4,5.0,1,8.0,3,2348,4097000
Ahmedabad,Bodakdev,3,1727,2.0,5,3,0.0,0.0,13,Fully-Furnished,Apartment,4.1,1.8,3.0,3,4.0,3,6924,11830000
Kolkata,New Town,5,2490,5.0,15,9,1.0,2.0,8,Semi-Furnished,Apartment,3.9,7.7,6.0,5,10.0,3,11017,16766000
Bengaluru,Yelahanka,2,1436,1.0,2,2,1.0,1.0,28,Unfurnished,Apartment,8.5,8.0,5.0,1,8.0,5,7538,12153000
Delhi,Vasant Kunj,1,1160,2.0,10,7,3.0,1.0,15,Fully-Furnished,Independent House,6.8,8.2,3.0,2,8.0,9,2795,12791000
Delhi,Mayur Vihar,3,1631,3.0,12,8,1.0,0.0,27,Fully-Furnished,Apartment,2.5,0.7,2.0,3,3.0,7,4955,17140000
Ahmedabad,Vastrapur,3,1798,3.0,4,2,3.0,1.0,35,Unfurnished,Apartment,5.7,2.3,1.0,2,4.0,10,3893,10626000
Ahmedabad,Vastrapur,1,669,1.0,7,1,1.0,1.0,2,Unfurnished,Apartment,4.5,3.8,10.0,6,4.0,7,3531,4854000
Vijayawada,Benz Circle,3,1554,4.0,4,1,3.0,1.0,7,Fully-Furnished,Apartment,7.2,1.9,3.0,3,9.0,4,6825,9461000
Pune,Viman Nagar,3,1568,2.0,3,3,3.0,1.0,34,Semi-Furnished,Apartment,1.1,2.3,7.0,0,3.0,8,3671,11935000
Bengaluru,HSR Layout,3,1687,4.0,4,4,2.0,2.0,3,Fully-Furnished,Apartment,3.3,12.7,10.0,0,3.0,9,4519,17092000
Mumbai,Thane,3,1941,3.0,10,5,0.0,1.0,21,Unfurnished,Apartment,8.0,2.8,5.0,0,3.0,7,9913,30095000
Ahmedabad,Chandkheda,2,1360,2.0,4,3,1.0,0.0,22,Semi-Furnished,Apartment,0.5,,8.0,1,8.0,7,5180,9333000
Hyderabad,Madhapur,2,1626,1.0,15,3,2.0,3.0,3,Semi-Furnished,Independent House,1.5,1.2,4.0,3,2.0,8,7282,12229000
Kolkata,Rajarhat,4,2017,4.0,15,3,2.0,2.0,20,Fully-Furnished,Apartment,10.4,2.5,5.0,2,9.0,9,7877,14311000
Chennai,OMR,2,1070,3.0,2,1,2.0,0.0,1,Semi-Furnished,Apartment,4.6,3.1,0.0,4,1.0,6,6168,8629000
Bengaluru,Whitefield,2,1174,3.0,8,7,1.0,1.0,37,Semi-Furnished,Apartment,12.8,3.8,2.0,0,2.0,6,3355,9401000
Visakhapatnam,Seethammadhara,5,2806,6.0,12,4,2.0,1.0,23,Fully-Furnished,Independent House,8.4,6.8,10.0,3,10.0,1,15983,17453000
Kolkata,New Town,3,1879,3.0,2,2,1.0,1.0,12,Semi-Furnished,Apartment,7.3,0.5,8.0,3,1.0,1,8079,12231000
Pune,Wakad,3,1830,3.0,12,9,1.0,2.0,25,Semi-Furnished,Apartment,3.6,3.1,5.0,0,2.0,1,6570,14853000
Pune,Wakad,2,1323,3.0,4,3,1.0,1.0,35,Unfurnished,Villa,7.4,2.0,7.0,4,9.0,6,3099,11430000
Delhi,Mayur Vihar,5,2497,6.0,5,2,1.0,2.0,0,Semi-Furnished,Villa,9.8,1.6,1.0,6,9.0,3,9690,25212000
Visakhapatnam,Dwaraka Nagar,2,1203,3.0,6,6,1.0,2.0,2,Fully-Furnished,Independent House,3.4,3.0,10.0,1,8.0,5,5364,8945000
Pune,Baner,2,1605,1.0,5,5,1.0,2.0,15,Fully-Furnished,Apartment,4.3,10.2,10.0,0,5.0,3,9123,14666000
Delhi,Dwarka,2,1343,1.0,12,4,1.0,3.0,6,Semi-Furnished,Apartment,2.4,2.8,8.0,0,6.0,9,6243,14756000
Mumbai,Thane,3,1648,3.0,8,7,0.0,2.0,2,Unfurnished,Independent House,13.1,11.8,0.0,4,3.0,2,5919,25160000
Kolkata,Behala,3,2174,4.0,7,7,1.0,1.0,22,Fully-Furnished,Apartment,4.4,5.7,4.0,7,10.0,1,10977,15482000
Hyderabad,Gachibowli,1,914,1.0,6,2,0.0,0.0,37,Semi-Furnished,Independent House,1.3,5.9,1.0,5,9.0,5,5394,6365000
Mumbai,Navi Mumbai,2,1540,1.0,3,1,2.0,1.0,30,Semi-Furnished,Apartment,14.1,2.4,4.0,4,8.0,3,5673,23734000
Hyderabad,Banjara Hills,3,1276,3.0,7,7,1.0,3.0,2,Unfurnished,Apartment,1.0,7.2,10.0,1,4.0,9,4964,10470000
Kolkata,Dum Dum,3,1561,2.0,5,5,1.0,1.0,11,Semi-Furnished,Apartment,4.6,2.3,10.0,1,8.0,9,4762,11487000
Delhi,Pitampura,4,2332,5.0,4,3,1.0,1.0,40,Unfurnished,Apartment,2.7,8.2,4.0,7,4.0,10,10221,20611000
Bengaluru,Koramangala,4,1999,3.0,3,2,1.0,1.0,26,Unfurnished,Apartment,13.0,2.9,3.0,6,8.0,5,10162,16873000
Mumbai,Andheri,5,2162,6.0,4,2,1.0,3.0,39,Semi-Furnished,Apartment,0.9,1.2,10.0,0,9.0,10,5466,33912000
Pune,Viman Nagar,1,484,1.0,10,4,1.0,2.0,33,Fully-Furnished,Apartment,1.6,1.1,8.0,3,8.0,1,984,4484000
Kolkata,Dum Dum,2,1700,3.0,4,2,2.0,2.0,1,Unfurnished,Apartment,5.7,1.3,4.0,2,6.0,8,4175,11150000
Mumbai,Navi Mumbai,3,1605,3.0,4,4,2.0,2.0,9,Unfurnished,Apartment,9.4,2.3,4.0,1,9.0,8,8302,24015000
Vijayawada,Governorpet,1,834,1.0,10,4,1.0,1.0,24,Unfurnished,Independent House,4.2,4.2,3.0,6,1.0,7,3180,3237000
Hyderabad,Madhapur,2,1538,2.0,3,1,2.0,1.0,40,Unfurnished,Apartment,8.9,2.3,0.0,5,9.0,2,3245,9658000
Visakhapatnam,Rushikonda,2,1450,2.0,8,5,1.0,0.0,33,Fully-Furnished,Apartment,8.6,1.0,1.0,7,10.0,4,8217,8358000
Chennai,T Nagar,3,1849,2.0,10,10,1.0,1.0,29,Semi-Furnished,Apartment,2.1,1.5,6.0,1,7.0,5,7084,14265000
Visakhapatnam,Seethammadhara,3,1547,4.0,6,4,0.0,2.0,24,Unfurnished,Independent House,3.2,8.4,4.0,1,8.0,6,4738,7554000
Mumbai,Borivali,3,2263,3.0,5,5,0.0,3.0,25,Fully-Furnished,Apartment,7.3,1.6,5.0,0,7.0,4,6583,36979000
Pune,Baner,2,1225,1.0,2,1,2.0,2.0,9,Unfurnished,Apartment,1.7,4.5,3.0,3,2.0,9,5964,10881000
Bengaluru,HSR Layout,3,1724,3.0,3,1,3.0,1.0,3,Semi-Furnished,Apartment,16.2,7.1,2.0,7,9.0,5,3896,16209000
Chennai,Anna Nagar,3,1822,4.0,15,11,2.0,1.0,30,Fully-Furnished,Independent House,7.7,1.6,2.0,3,8.0,2,9918,14507000
Vijayawada,Patamata,4,1857,3.0,7,4,2.0,1.0,19,Semi-Furnished,Apartment,12.1,6.4,10.0,7,9.0,3,6792,9810000
Delhi,Rohini,3,1750,3.0,15,11,1.0,2.0,2,Semi-Furnished,Apartment,4.4,3.8,4.0,2,3.0,10,6269,19177000
Mumbai,Borivali,3,1723,2.0,3,3,1.0,2.0,31,Semi-Furnished,Apartment,10.6,7.4,2.0,6,10.0,5,7955,27299000
Mumbai,Powai,3,1598,3.0,6,2,3.0,1.0,5,Semi-Furnished,Apartment,7.5,1.5,7.0,4,2.0,8,5126,25886000
Chennai,Porur,3,1653,3.0,12,3,3.0,2.0,32,Semi-Furnished,Apartment,10.7,4.6,9.0,0,5.0,7,7470,13640000
Chennai,Anna Nagar,4,1916,4.0,15,10,2.0,2.0,19,Semi-Furnished,Independent House,3.7,3.6,10.0,3,8.0,3,5760,14644000
Pune,Wakad,2,1288,3.0,6,4,1.0,1.0,31,Semi-Furnished,Apartment,8.1,1.9,9.0,5,6.0,7,4967,11242000
Kolkata,Salt Lake,1,732,1.0,7,7,3.0,1.0,34,Fully-Furnished,Apartment,13.2,1.7,7.0,7,3.0,7,4171,4204000
Bengaluru,Electronic City,1,715,1.0,6,2,1.0,2.0,32,Semi-Furnished,Apartment,9.9,5.9,4.0,4,10.0,4,1587,5791000
Hyderabad,Kukatpally,4,2103,4.0,8,1,2.0,1.0,27,Semi-Furnished,Independent House,8.6,1.1,4.0,4,7.0,2,6834,14807000
Delhi,Saket,3,1715,3.0,15,13,3.0,2.0,34,Unfurnished,Apartment,10.6,0.9,9.0,0,1.0,7,7336,14752000
Hyderabad,Gachibowli,3,1637,3.0,15,3,2.0,0.0,28,Semi-Furnished,Apartment,15.8,1.6,4.0,5,1.0,3,6677,11319000
Bengaluru,Whitefield,3,1820,2.0,2,1,0.0,1.0,9,Semi-Furnished,Independent House,17.0,2.4,4.0,2,9.0,1,10430,16581000
Bengaluru,Indiranagar,3,1895,4.0,6,6,1.0,1.0,6,Semi-Furnished,Independent House,6.3,1.9,5.0,5,3.0,8,6062,20216000
Vijayawada,Benz Circle,2,1273,3.0,15,12,,1.0,8,Unfurnished,Independent House,16.8,3.9,6.0,6,4.0,2,4161,5966000
Hyderabad,Madhapur,3,1345,2.0,4,1,2.0,3.0,6,Fully-Furnished,Apartment,13.1,3.3,10.0,6,7.0,5,4534,11320000
Vijayawada,Benz Circle,3,2114,3.0,12,6,2.0,1.0,25,Unfurnished,Apartment,3.0,6.5,5.0,4,6.0,1,9651,11024000
Hyderabad,Kukatpally,4,1699,5.0,6,2,1.0,1.0,16,Fully-Furnished,Apartment,7.3,5.8,8.0,2,1.0,8,3513,13018000
Chennai,T Nagar,3,1908,3.0,6,6,2.0,1.0,3,Unfurnished,Independent House,5.7,2.4,7.0,7,2.0,8,8914,15109000
Pune,Hadapsar,3,1805,3.0,8,5,2.0,0.0,5,Fully-Furnished,Apartment,16.9,2.0,5.0,0,5.0,5,9285,16651000
Bengaluru,Indiranagar,3,1611,3.0,15,8,1.0,1.0,3,Semi-Furnished,Apartment,3.0,1.5,3.0,0,5.0,2,9169,14364000
Delhi,Saket,3,1921,4.0,10,2,1.0,2.0,39,Semi-Furnished,Independent House,2.3,2.0,4.0,2,3.0,10,8859,17633000
Delhi,Vasant Kunj,2,1171,1.0,12,12,0.0,2.0,40,Fully-Furnished,Apartment,5.5,3.3,2.0,2,3.0,8,4660,11919000
Bengaluru,Electronic City,2,1501,2.0,10,9,1.0,1.0,22,Semi-Furnished,Villa,11.1,1.7,6.0,0,3.0,8,8361,14187000
Chennai,Velachery,3,2079,3.0,8,1,2.0,1.0,4,Fully-Furnished,Apartment,6.2,1.5,7.0,4,4.0,10,11348,18037000
Kolkata,Behala,2,1014,2.0,6,5,1.0,2.0,14,Unfurnished,Apartment,6.6,4.8,2.0,3,2.0,1,4358,5032000
Chennai,Velachery,2,1338,3.0,8,2,1.0,1.0,21,Fully-Furnished,Apartment,9.4,5.2,10.0,1,6.0,6,6527,10605000
Bengaluru,Yelahanka,2,1773,3.0,2,2,2.0,1.0,8,Unfurnished,Apartment,9.4,4.8,2.0,3,8.0,2,6598,15450000
Chennai,Velachery,4,2195,5.0,2,2,0.0,0.0,27,Unfurnished,Independent House,4.9,4.2,4.0,7,2.0,10,5422,16153000
Pune,Kharadi,2,1318,3.0,2,1,2.0,2.0,7,Unfurnished,Apartment,5.3,1.8,4.0,6,2.0,4,4873,11018000
Hyderabad,Madhapur,4,2644,4.0,10,1,1.0,1.0,36,Unfurnished,Apartment,7.4,4.3,4.0,2,5.0,4,12920,17279000
Chennai,OMR,3,1885,2.0,5,5,1.0,2.0,21,Unfurnished,Apartment,4.2,0.8,10.0,4,1.0,7,7257,14117000
Bengaluru,Yelahanka,2,1751,3.0,4,2,2.0,1.0,18,Fully-Furnished,Apartment,1.8,12.9,3.0,2,8.0,4,9602,18626000
Bengaluru,Electronic City,2,1176,1.0,2,2,2.0,1.0,32,Semi-Furnished,Independent House,9.4,5.5,9.0,0,6.0,6,2587,10203000
Vijayawada,Poranki,1,1058,1.0,4,2,2.0,2.0,14,Unfurnished,Villa,3.9,1.0,2.0,1,7.0,9,4256,6515000
Hyderabad,Kondapur,3,2081,3.0,10,6,3.0,2.0,0,Semi-Furnished,Villa,5.3,0.5,7.0,1,1.0,4,4592,16959000
Visakhapatnam,Madhurawada,3,1958,3.0,6,5,2.0,2.0,33,Fully-Furnished,Apartment,18.0,0.9,3.0,4,3.0,1,7735,11267000
Chennai,Porur,2,1081,2.0,4,1,1.0,3.0,29,Semi-Furnished,Apartment,4.6,2.5,8.0,1,8.0,1,5304,7845000
Visakhapatnam,Dwaraka Nagar,2,1357,3.0,6,4,3.0,3.0,1,Fully-Furnished,Apartment,4.5,3.5,4.0,5,9.0,7,4668,9615000
Kolkata,Ballygunge,1,1130,1.0,15,8,2.0,1.0,20,Unfurnished,Apartment,2.0,4.8,1.0,3,7.0,2,3173,7548000
Ahmedabad,Chandkheda,5,2780,5.0,10,4,2.0,1.0,16,Fully-Furnished,Independent House,4.8,1.1,0.0,3,6.0,5,15886,20547000
Chennai,Adyar,2,1382,2.0,6,5,2.0,2.0,18,Semi-Furnished,Villa,12.4,4.2,3.0,7,4.0,7,4381,11829000
Hyderabad,Kukatpally,4,2311,3.0,6,5,1.0,1.0,32,Semi-Furnished,Villa,4.9,6.3,7.0,0,6.0,3,9365,16309000
Pune,Baner,2,1187,2.0,2,1,0.0,2.0,39,Unfurnished,Villa,4.5,1.1,5.0,1,7.0,4,3450,8541000
Kolkata,Rajarhat,4,2315,5.0,8,2,2.0,1.0,20,Semi-Furnished,Apartment,7.5,4.6,5.0,2,10.0,2,13741,14778000
Kolkata,Salt Lake,2,1385,2.0,3,3,1.0,1.0,27,Semi-Furnished,Apartment,8.8,1.7,6.0,1,6.0,6,8028,9691000
Visakhapatnam,Rushikonda,1,897,1.0,10,7,1.0,2.0,2,Semi-Furnished,Apartment,3.8,3.4,0.0,3,5.0,1,4438,7332000
Vijayawada,Governorpet,4,1866,5.0,2,2,1.0,3.0,38,Fully-Furnished,Apartment,2.9,2.6,5.0,0,10.0,9,4121,9354000
Bengaluru,Whitefield,3,2005,4.0,7,1,2.0,1.0,32,Semi-Furnished,Apartment,1.9,3.3,8.0,7,1.0,8,8233,19263000
Bengaluru,Koramangala,4,1960,3.0,7,7,1.0,1.0,13,Unfurnished,Apartment,6.7,1.5,2.0,7,9.0,9,11220,19134000
Pune,Kharadi,3,1795,4.0,7,4,2.0,1.0,10,Unfurnished,Independent House,4.4,3.7,9.0,5,10.0,3,4533,14891000
Kolkata,Behala,2,1717,2.0,3,1,2.0,2.0,4,Semi-Furnished,Independent House,3.8,2.8,10.0,5,2.0,10,9565,10836000
Mumbai,Borivali,2,1623,1.0,15,1,1.0,1.0,37,Unfurnished,Apartment,4.2,5.8,7.0,3,10.0,7,7310,24764000
Delhi,Dwarka,3,1859,2.0,2,1,1.0,2.0,8,Semi-Furnished,Independent House,2.0,0.5,8.0,0,10.0,4,8565,20488000
Bengaluru,HSR Layout,3,1491,3.0,6,1,1.0,1.0,31,Unfurnished,Villa,9.7,5.0,4.0,4,3.0,9,5962,13389000
Delhi,Mayur Vihar,2,1253,2.0,15,11,1.0,1.0,17,Semi-Furnished,Independent House,1.5,4.7,0.0,2,6.0,2,2598,13820000
Visakhapatnam,Seethammadhara,4,2187,3.0,8,7,2.0,,17,Semi-Furnished,Apartment,11.2,3.9,1.0,4,6.0,1,12476,12884000
Kolkata,Salt Lake,4,1920,4.0,4,1,0.0,2.0,24,Unfurnished,Apartment,19.0,2.9,5.0,3,8.0,6,5652,11348000
Ahmedabad,Maninagar,3,1608,3.0,7,5,1.0,1.0,10,Semi-Furnished,Independent House,6.5,1.2,5.0,0,5.0,7,9016,11187000
Vijayawada,Patamata,4,2329,4.0,12,2,1.0,2.0,18,Fully-Furnished,Apartment,9.9,1.0,8.0,7,9.0,10,6123,14639000
Hyderabad,Gachibowli,3,1865,2.0,8,8,1.0,3.0,31,Unfurnished,Apartment,4.1,7.1,10.0,1,3.0,5,4076,11862000
Chennai,Adyar,2,1729,2.0,5,1,2.0,2.0,15,Semi-Furnished,Apartment,9.6,2.0,8.0,6,5.0,1,4007,14903000
Chennai,Anna Nagar,2,1541,1.0,8,1,2.0,1.0,39,Semi-Furnished,Apartment,11.2,6.3,1.0,7,4.0,1,8643,10337000
Chennai,Porur,2,1411,3.0,8,3,1.0,0.0,1,Unfurnished,Villa,9.1,8.3,2.0,5,2.0,4,4148,11204000
Delhi,Vasant Kunj,4,2091,4.0,15,14,0.0,1.0,20,Unfurnished,Apartment,1.7,2.8,8.0,0,9.0,10,12506,20033000
Pune,Baner,4,1799,4.0,2,2,1.0,2.0,5,Semi-Furnished,Independent House,20.0,2.4,0.0,4,7.0,2,10655,15652000
Mumbai,Bandra,2,1148,2.0,7,3,3.0,0.0,2,Fully-Furnished,Villa,11.6,2.8,7.0,7,8.0,6,6114,19157000
Visakhapatnam,Dwaraka Nagar,3,1611,2.0,2,2,1.0,1.0,23,Fully-Furnished,Apartment,6.5,2.0,3.0,5,8.0,6,5954,9024000
Vijayawada,Poranki,4,2572,3.0,12,11,1.0,1.0,3,Fully-Furnished,Independent House,1.3,2.8,6.0,2,9.0,10,9476,14537000
Kolkata,Dum Dum,3,1355,4.0,15,13,1.0,2.0,22,Semi-Furnished,Apartment,5.7,3.6,2.0,4,6.0,6,6403,10718000
Bengaluru,Yelahanka,4,2162,5.0,7,3,3.0,2.0,0,Semi-Furnished,Apartment,16.0,4.0,0.0,6,5.0,6,11698,21145000
Delhi,Vasant Kunj,3,1883,3.0,2,2,2.0,2.0,28,Unfurnished,Independent House,6.4,1.9,10.0,6,10.0,3,4904,17800000
Visakhapatnam,Dwaraka Nagar,4,1989,5.0,10,8,1.0,1.0,0,Fully-Furnished,Apartment,4.3,0.5,2.0,2,6.0,8,8396,14276000
Chennai,Anna Nagar,4,2270,5.0,7,3,1.0,2.0,0,Fully-Furnished,Independent House,7.2,0.4,5.0,4,2.0,6,8010,20578000
Kolkata,Ballygunge,2,1548,2.0,10,6,1.0,3.0,14,Semi-Furnished,Apartment,9.8,4.5,0.0,5,1.0,4,7974,9382000
Mumbai,Powai,3,1794,4.0,10,7,1.0,2.0,37,Fully-Furnished,Villa,12.0,1.8,10.0,7,2.0,1,4832,29430000
Visakhapatnam,Madhurawada,4,2489,4.0,10,5,0.0,1.0,29,Semi-Furnished,Apartment,13.4,4.1,4.0,2,10.0,1,13341,14628000
Hyderabad,Miyapur,3,1776,4.0,6,1,3.0,1.0,30,Fully-Furnished,Apartment,21.3,2.1,0.0,7,7.0,8,4141,13534000
Mumbai,Andheri,3,1786,3.0,15,3,0.0,2.0,2,Semi-Furnished,Villa,2.6,7.4,2.0,6,2.0,1,10399,28717000
Mumbai,Navi Mumbai,1,890,1.0,12,12,0.0,0.0,0,Unfurnished,Apartment,2.7,3.8,9.0,3,2.0,4,1968,14400000
Pune,Baner,2,1374,1.0,6,5,2.0,2.0,18,Semi-Furnished,Apartment,6.8,0.3,10.0,7,5.0,8,6529,12745000
Chennai,Velachery,3,1613,3.0,10,5,1.0,1.0,6,Unfurnished,Villa,6.6,0.7,5.0,7,7.0,10,9236,12384000
Delhi,Saket,2,1653,2.0,15,2,1.0,2.0,18,Semi-Furnished,Apartment,4.7,15.0,1.0,5,4.0,2,3960,15085000
Delhi,Pitampura,2,1301,2.0,6,2,2.0,1.0,34,Semi-Furnished,Apartment,15.7,5.6,10.0,0,3.0,9,5287,12041000
Mumbai,Andheri,3,1780,3.0,15,15,2.0,1.0,14,Fully-Furnished,Independent House,17.8,5.9,6.0,7,4.0,1,6331,29145000
Bengaluru,Koramangala,3,2049,3.0,10,3,2.0,2.0,25,Unfurnished,Apartment,2.4,9.9,8.0,1,3.0,7,8801,18597000
Vijayawada,Benz Circle,4,1803,4.0,3,3,3.0,1.0,15,Semi-Furnished,Apartment,5.3,0.9,8.0,7,5.0,2,8432,10905000
Chennai,Porur,3,1523,4.0,10,9,2.0,3.0,8,Unfurnished,Independent House,1.6,0.7,2.0,3,10.0,2,6207,12185000
Pune,Hinjewadi,3,2431,4.0,15,13,2.0,2.0,40,Semi-Furnished,Apartment,4.0,1.8,4.0,0,8.0,9,9259,19141000
Pune,Wakad,3,1886,2.0,5,1,1.0,1.0,28,Fully-Furnished,Independent House,5.3,3.1,4.0,2,5.0,10,9331,16780000
Bengaluru,Yelahanka,5,2706,4.0,3,1,1.0,2.0,4,Unfurnished,Villa,2.1,4.0,4.0,7,1.0,7,11245,24786000
Visakhapatnam,Gajuwaka,5,2632,5.0,8,7,1.0,1.0,4,Semi-Furnished,Apartment,10.9,5.7,9.0,7,7.0,8,10255,16998000
Bengaluru,Electronic City,4,2586,3.0,12,4,1.0,2.0,2,Fully-Furnished,Independent House,7.7,2.7,10.0,3,2.0,1,9812,25093000
Ahmedabad,Maninagar,3,1383,3.0,2,2,2.0,3.0,28,Unfurnished,Independent House,1.2,1.2,1.0,3,9.0,6,4452,9966000
Vijayawada,Moghalrajpuram,3,1867,4.0,7,2,0.0,3.0,29,Semi-Furnished,Apartment,8.2,2.9,9.0,5,6.0,8,9245,9684000
Ahmedabad,Maninagar,1,1208,2.0,5,2,1.0,2.0,29,Semi-Furnished,Villa,6.7,8.8,8.0,7,5.0,10,4709,7204000
Pune,Kharadi,2,1476,2.0,2,2,1.0,3.0,36,Semi-Furnished,Independent House,3.1,5.1,4.0,1,10.0,8,7021,10856000
Mumbai,Navi Mumbai,1,946,1.0,2,2,2.0,3.0,9,Unfurnished,Apartment,5.0,2.1,10.0,2,5.0,9,3985,15419000
Vijayawada,Moghalrajpuram,5,2721,6.0,3,3,2.0,0.0,4,Semi-Furnished,Apartment,19.1,4.4,2.0,0,9.0,8,15131,16484000
Vijayawada,Moghalrajpuram,4,2271,4.0,4,3,2.0,1.0,13,Semi-Furnished,Apartment,8.8,2.4,1.0,3,3.0,4,11241,12563000
Kolkata,Behala,5,2575,6.0,12,1,1.0,0.0,2,Semi-Furnished,Independent House,5.9,0.5,9.0,6,8.0,9,10095,17728000
Pune,Baner,1,1031,1.0,12,10,2.0,2.0,31,Fully-Furnished,Independent House,7.9,1.4,9.0,1,2.0,3,4514,7956000
Ahmedabad,Vastrapur,2,1250,1.0,12,8,2.0,1.0,29,Unfurnished,Villa,11.4,1.7,0.0,0,5.0,4,5147,7001000
Chennai,Velachery,4,2270,4.0,15,14,2.0,2.0,18,Semi-Furnished,Apartment,11.2,1.4,6.0,0,9.0,1,10617,17577000
Vijayawada,Gunadala,5,2916,,4,4,1.0,2.0,1,Fully-Furnished,Independent House,5.3,3.5,7.0,0,7.0,9,10712,18548000
Ahmedabad,Bodakdev,5,2345,4.0,15,7,1.0,1.0,20,Semi-Furnished,Independent House,8.5,2.8,10.0,7,3.0,3,4882,16183000
Ahmedabad,Chandkheda,3,1713,3.0,10,4,2.0,1.0,15,Semi-Furnished,Independent House,25.0,3.0,10.0,0,10.0,7,4826,11486000
Bengaluru,Koramangala,2,1352,3.0,8,7,3.0,1.0,35,Semi-Furnished,Apartment,3.6,3.5,8.0,0,10.0,6,6063,13780000
Vijayawada,Patamata,3,2040,3.0,12,1,0.0,1.0,19,Fully-Furnished,Apartment,2.6,0.7,1.0,0,6.0,6,8952,11083000
Mumbai,Bandra,3,1832,4.0,5,2,1.0,1.0,23,Semi-Furnished,Apartment,1.7,2.1,5.0,7,8.0,1,7141,29230000
Mumbai,Borivali,3,1811,3.0,8,1,1.0,1.0,11,Unfurnished,Apartment,1.4,3.4,9.0,0,5.0,10,6931,28804000
Ahmedabad,Satellite,3,1456,2.0,8,6,2.0,1.0,24,Fully-Furnished,Villa,8.9,9.4,0.0,3,7.0,8,8103,11689000
Chennai,T Nagar,3,1866,2.0,8,6,2.0,1.0,16,Fully-Furnished,Independent House,6.8,4.5,4.0,3,5.0,5,4207,16536000
Visakhapatnam,Dwaraka Nagar,1,974,2.0,6,1,3.0,1.0,23,Unfurnished,Apartment,3.8,2.7,3.0,7,,5,5292,5947000
Hyderabad,Kukatpally,3,1860,3.0,10,1,2.0,3.0,14,Unfurnished,Independent House,5.6,3.1,1.0,0,3.0,2,9714,12857000
Chennai,OMR,4,2317,3.0,8,3,2.0,1.0,22,Unfurnished,Apartment,1.9,3.5,9.0,1,2.0,3,8356,16237000
Mumbai,Borivali,2,1135,3.0,12,5,0.0,1.0,13,Unfurnished,Apartment,5.4,5.6,8.0,6,10.0,3,3970,18675000
Kolkata,Ballygunge,1,698,2.0,8,2,2.0,3.0,8,Unfurnished,Independent House,7.5,4.8,5.0,5,4.0,9,2097,5307000
Chennai,T Nagar,2,983,3.0,4,2,1.0,1.0,3,Unfurnished,Independent House,9.3,2.7,2.0,4,5.0,4,4492,6491000
Mumbai,Thane,4,2201,4.0,6,6,1.0,3.0,7,Unfurnished,Apartment,1.2,4.0,2.0,1,10.0,8,6226,34854000
Delhi,Mayur Vihar,4,2158,,6,4,1.0,1.0,27,Semi-Furnished,Villa,12.5,3.5,0.0,6,5.0,8,4915,20677000
Hyderabad,Miyapur,5,2536,6.0,2,2,1.0,1.0,5,Unfurnished,Independent House,19.8,8.5,7.0,6,8.0,6,10564,18293000
Chennai,OMR,2,1259,2.0,15,8,1.0,1.0,32,Fully-Furnished,Apartment,1.7,2.7,1.0,3,2.0,10,7225,9826000
Mumbai,Bandra,4,2426,4.0,15,14,1.0,2.0,0,Semi-Furnished,Villa,5.6,2.6,10.0,0,5.0,4,8565,39264000
Ahmedabad,Maninagar,2,1696,1.0,8,3,3.0,1.0,18,Semi-Furnished,Villa,12.8,4.3,10.0,4,7.0,6,6940,12262000
Pune,Kharadi,3,2039,3.0,2,2,1.0,1.0,19,Semi-Furnished,Independent House,10.5,2.9,,2,1.0,8,7424,15061000
Ahmedabad,Bodakdev,2,1157,3.0,12,10,1.0,0.0,34,Semi-Furnished,Independent House,5.0,4.2,8.0,3,6.0,3,5775,7772000
Pune,Hadapsar,2,1630,1.0,15,2,2.0,1.0,8,Semi-Furnished,Apartment,6.0,0.6,9.0,4,1.0,6,7647,14615000
Mumbai,Bandra,3,1688,3.0,10,6,2.0,3.0,17,Unfurnished,Apartment,13.8,7.3,2.0,4,4.0,3,5634,25035000
Pune,Hinjewadi,4,2429,4.0,7,3,1.0,3.0,16,Unfurnished,Apartment,14.8,1.4,1.0,0,5.0,1,10035,18960000
Vijayawada,Patamata,1,985,2.0,3,3,0.0,2.0,19,Semi-Furnished,Apartment,13.1,1.2,6.0,2,9.0,6,4799,5753000
Mumbai,Navi Mumbai,4,1602,3.0,4,2,2.0,2.0,22,Fully-Furnished,Apartment,11.3,2.7,0.0,7,2.0,7,5599,26414000
Vijayawada,Benz Circle,2,1309,1.0,2,2,1.0,2.0,24,Unfurnished,Independent House,2.8,0.2,9.0,0,6.0,8,7419,5451000
Visakhapatnam,Madhurawada,2,1086,1.0,2,2,1.0,2.0,27,Semi-Furnished,Apartment,5.0,2.5,2.0,4,3.0,3,2653,4717000
Hyderabad,Madhapur,2,1498,2.0,12,1,1.0,0.0,18,Unfurnished,Apartment,3.3,3.2,4.0,4,9.0,8,4296,9631000
Ahmedabad,Vastrapur,3,1899,3.0,5,2,2.0,1.0,22,Fully-Furnished,Apartment,16.0,5.4,10.0,5,8.0,3,6693,13918000
Kolkata,New Town,2,1618,2.0,7,1,3.0,1.0,21,Semi-Furnished,Independent House,7.9,6.6,2.0,1,10.0,2,7431,9623000
Vijayawada,Benz Circle,2,1626,2.0,8,5,2.0,1.0,13,Semi-Furnished,Apartment,9.5,3.6,1.0,4,1.0,4,7817,7136000
Vijayawada,Poranki,5,2778,4.0,3,2,1.0,2.0,28,Unfurnished,Apartment,1.8,0.6,8.0,6,5.0,7,13197,13994000
Bengaluru,HSR Layout,4,2167,3.0,6,2,1.0,0.0,32,Semi-Furnished,Apartment,5.1,3.3,3.0,1,9.0,2,8463,19258000
Delhi,Saket,2,1635,3.0,12,8,2.0,2.0,27,Semi-Furnished,Independent House,3.5,2.3,10.0,0,10.0,8,8003,17400000
Kolkata,Dum Dum,2,1423,2.0,2,2,1.0,3.0,2,Fully-Furnished,Independent House,1.2,0.5,3.0,5,7.0,9,5846,11836000
Delhi,Mayur Vihar,3,1905,2.0,6,5,1.0,2.0,32,Semi-Furnished,Apartment,6.6,2.1,3.0,7,3.0,7,8721,17068000
Pune,Hadapsar,2,1338,2.0,2,2,1.0,0.0,37,Semi-Furnished,Villa,4.1,2.3,3.0,1,7.0,1,5957,10898000
Bengaluru,HSR Layout,5,2960,5.0,8,6,2.0,1.0,21,Unfurnished,Independent House,6.0,1.7,4.0,1,4.0,7,17397,25469000
Bengaluru,Yelahanka,1,1131,1.0,12,2,2.0,2.0,37,Fully-Furnished,Apartment,4.7,4.3,1.0,5,8.0,5,6573,11090000
Bengaluru,Yelahanka,2,979,,6,2,2.0,2.0,31,Unfurnished,Apartment,10.5,3.5,0.0,6,7.0,6,5522,8762000
Pune,Hadapsar,2,1801,1.0,5,4,1.0,1.0,33,Semi-Furnished,Apartment,5.2,6.8,7.0,2,3.0,4,4726,13891000
Kolkata,Behala,3,1660,4.0,10,7,1.0,2.0,39,Fully-Furnished,Apartment,7.5,8.3,1.0,4,7.0,3,9387,11107000
Chennai,Velachery,4,1914,4.0,7,2,1.0,2.0,0,Semi-Furnished,Apartment,11.1,2.3,1.0,3,5.0,9,8409,15754000
Visakhapatnam,Seethammadhara,1,1350,1.0,5,5,1.0,1.0,31,Semi-Furnished,Apartment,5.1,2.1,2.0,3,8.0,1,2915,7047000
Kolkata,Behala,5,2403,4.0,8,2,1.0,2.0,32,Semi-Furnished,Villa,7.7,5.6,4.0,4,1.0,7,12819,14577000
Hyderabad,Madhapur,2,1291,1.0,6,3,1.0,1.0,11,Semi-Furnished,Apartment,1.6,4.0,3.0,0,1.0,5,4213,8599000
Vijayawada,Governorpet,2,1563,1.0,6,1,0.0,1.0,22,Semi-Furnished,Apartment,5.3,0.8,0.0,7,2.0,8,8035,7795000
Ahmedabad,Chandkheda,3,1494,4.0,3,1,2.0,3.0,18,Unfurnished,Apartment,9.0,1.0,4.0,3,8.0,10,4000,10201000
Vijayawada,Governorpet,3,1817,3.0,5,2,1.0,2.0,39,Unfurnished,Apartment,3.2,3.7,4.0,4,4.0,4,10257,9979000
Visakhapatnam,MVP Colony,3,2005,3.0,8,2,1.0,1.0,14,Fully-Furnished,Apartment,22.4,2.7,3.0,0,10.0,3,11240,12894000
Pune,Viman Nagar,3,2129,4.0,15,9,1.0,1.0,39,Fully-Furnished,Apartment,1.9,2.7,0.0,2,9.0,5,7010,18274000
Vijayawada,Patamata,3,2016,3.0,6,1,2.0,2.0,24,Semi-Furnished,Independent House,8.5,2.5,10.0,5,7.0,5,10825,10995000
Hyderabad,Gachibowli,2,1552,2.0,3,2,1.0,1.0,9,Unfurnished,Villa,0.7,6.6,0.0,2,3.0,3,8500,9704000
Hyderabad,Miyapur,2,1628,3.0,2,2,1.0,2.0,1,Unfurnished,Apartment,2.6,1.5,6.0,5,8.0,4,4766,12200000
Pune,Baner,2,1370,1.0,4,4,1.0,1.0,9,Semi-Furnished,Independent House,8.7,3.8,6.0,2,4.0,3,4516,12410000
Pune,Kharadi,3,1300,3.0,12,8,0.0,2.0,9,Fully-Furnished,Independent House,1.7,0.9,9.0,7,9.0,2,6060,13901000
Hyderabad,Banjara Hills,2,1446,3.0,12,10,1.0,1.0,23,Fully-Furnished,Apartment,4.8,4.6,2.0,6,3.0,1,7838,10733000
Chennai,Velachery,3,1804,3.0,4,1,1.0,2.0,4,Semi-Furnished,Apartment,2.8,4.1,1.0,6,2.0,8,8603,14999000
Delhi,Pitampura,3,1866,3.0,8,5,1.0,1.0,4,Semi-Furnished,Independent House,20.5,0.4,10.0,2,3.0,10,7116,18541000
Ahmedabad,Prahlad Nagar,2,1350,3.0,7,2,1.0,1.0,16,Fully-Furnished,Apartment,20.6,1.1,2.0,0,10.0,3,4871,10953000
Ahmedabad,Chandkheda,2,2083,2.0,7,7,1.0,1.0,35,Semi-Furnished,Apartment,5.7,1.6,9.0,5,4.0,8,9905,12925000
Kolkata,Rajarhat,2,1112,1.0,15,4,2.0,1.0,3,Fully-Furnished,Apartment,5.6,3.0,7.0,0,5.0,8,2289,8880000
Vijayawada,Patamata,2,1447,2.0,10,2,2.0,2.0,10,Unfurnished,Apartment,1.7,5.4,7.0,4,7.0,7,5818,7780000
Chennai,OMR,2,1595,3.0,10,2,2.0,1.0,24,Semi-Furnished,Apartment,2.0,15.0,8.0,2,5.0,6,5406,11570000
Chennai,Adyar,3,1981,4.0,4,4,2.0,1.0,24,Semi-Furnished,Independent House,5.9,0.4,1.0,7,2.0,4,9568,14984000
Kolkata,Dum Dum,4,2276,5.0,10,7,3.0,2.0,0,Unfurnished,Independent House,4.6,5.4,5.0,6,3.0,4,12757,13576000
Visakhapatnam,Gajuwaka,3,1906,3.0,5,3,2.0,3.0,2,Fully-Furnished,Apartment,22.4,4.4,6.0,3,8.0,5,7636,12202000
Kolkata,Behala,3,1591,3.0,7,1,1.0,3.0,34,Semi-Furnished,Apartment,15.0,2.7,8.0,4,2.0,8,5999,8589000
Hyderabad,Kukatpally,4,2210,3.0,5,5,2.0,0.0,3,Semi-Furnished,Apartment,6.1,3.9,1.0,7,10.0,6,5902,17928000
Bengaluru,Electronic City,3,1845,3.0,2,2,1.0,1.0,38,Semi-Furnished,Villa,8.3,5.6,4.0,1,3.0,5,6819,17069000
Delhi,Mayur Vihar,3,2137,4.0,10,9,1.0,2.0,11,Semi-Furnished,Apartment,14.8,4.9,4.0,7,5.0,5,4752,22059000
Chennai,OMR,2,1413,2.0,5,5,2.0,1.0,9,Unfurnished,Independent House,0.9,3.4,2.0,0,3.0,6,6304,12027000
Vijayawada,Poranki,2,1424,1.0,10,10,1.0,2.0,40,Semi-Furnished,Apartment,8.6,1.4,0.0,4,9.0,2,4928,5843000
Visakhapatnam,MVP Colony,2,891,1.0,5,3,1.0,2.0,29,Unfurnished,Apartment,2.8,0.9,9.0,5,5.0,10,3021,4879000
Chennai,T Nagar,3,1595,4.0,7,1,3.0,0.0,12,Unfurnished,Apartment,16.5,1.8,2.0,6,9.0,2,5795,12162000
Visakhapatnam,Seethammadhara,2,1558,2.0,10,8,2.0,2.0,29,Unfurnished,Independent House,3.3,2.7,9.0,5,4.0,10,9114,9151000
Vijayawada,Poranki,3,1580,3.0,2,1,1.0,1.0,31,Semi-Furnished,Independent House,7.9,2.4,0.0,2,3.0,10,4465,8158000
Bengaluru,Koramangala,4,2131,3.0,8,3,1.0,1.0,4,Fully-Furnished,Apartment,2.8,2.5,0.0,5,8.0,1,5749,21227000
Pune,Wakad,3,1575,3.0,7,6,2.0,1.0,29,Semi-Furnished,Apartment,8.5,5.4,4.0,1,7.0,5,3939,12036000
Mumbai,Thane,4,2608,4.0,5,2,3.0,1.0,30,Fully-Furnished,Apartment,20.8,1.5,0.0,0,5.0,5,14935,40397000
Mumbai,Thane,3,1695,3.0,7,5,1.0,1.0,16,Unfurnished,Independent House,3.2,2.0,2.0,6,4.0,5,5111,26581000
Ahmedabad,Satellite,2,1201,2.0,2,1,0.0,3.0,4,Semi-Furnished,Independent House,2.1,8.2,10.0,6,8.0,5,3786,9422000
Vijayawada,Poranki,5,2513,6.0,7,4,3.0,1.0,5,Semi-Furnished,Independent House,5.1,5.0,1.0,1,3.0,1,11275,14777000
Hyderabad,Madhapur,2,1501,3.0,12,7,1.0,1.0,24,Semi-Furnished,Apartment,8.4,2.2,7.0,7,10.0,2,6016,11260000
Vijayawada,Poranki,3,1681,3.0,10,1,3.0,2.0,27,Semi-Furnished,Villa,6.2,3.3,8.0,7,1.0,4,5817,9323000
Chennai,T Nagar,3,1800,3.0,7,4,2.0,1.0,31,Semi-Furnished,Apartment,4.3,1.6,4.0,7,10.0,7,7217,12812000
Chennai,OMR,4,2002,4.0,12,10,1.0,1.0,15,Fully-Furnished,Apartment,3.8,1.3,8.0,6,7.0,6,4615,17992000
Visakhapatnam,Dwaraka Nagar,4,2267,5.0,4,4,2.0,0.0,30,Unfurnished,Independent House,21.2,10.3,3.0,1,3.0,10,6193,10720000
Visakhapatnam,Gajuwaka,3,2120,2.0,15,8,2.0,2.0,28,Unfurnished,Independent House,11.7,3.8,8.0,7,9.0,10,4632,10439000
Bengaluru,Whitefield,3,1867,2.0,8,6,2.0,0.0,3,Unfurnished,Villa,1.5,8.0,2.0,2,8.0,5,6399,18238000
Ahmedabad,Satellite,4,2477,4.0,5,3,2.0,2.0,24,Semi-Furnished,Independent House,7.3,4.8,3.0,3,4.0,5,13254,17448000
Visakhapatnam,Rushikonda,4,1981,4.0,7,7,1.0,1.0,40,Semi-Furnished,Apartment,6.8,3.8,4.0,3,6.0,5,6374,11605000
Mumbai,Navi Mumbai,4,1932,5.0,7,2,1.0,2.0,10,Unfurnished,Apartment,9.2,2.5,2.0,3,2.0,3,5748,29217000
Vijayawada,Gunadala,2,1397,2.0,3,3,1.0,0.0,17,Unfurnished,Apartment,5.9,1.3,4.0,2,10.0,9,7095,7415000
Mumbai,Powai,2,1526,2.0,12,1,1.0,2.0,25,Semi-Furnished,Independent House,6.0,2.1,3.0,4,7.0,7,7265,23625000
Visakhapatnam,Seethammadhara,2,1395,1.0,12,1,1.0,1.0,34,Semi-Furnished,Independent House,4.4,1.2,8.0,2,8.0,8,3484,7456000
Visakhapatnam,Dwaraka Nagar,3,1941,4.0,15,13,1.0,2.0,9,Semi-Furnished,Apartment,7.3,5.1,8.0,3,2.0,1,4238,12188000
Mumbai,Powai,4,1793,4.0,12,7,1.0,0.0,13,Unfurnished,Apartment,7.3,6.9,10.0,4,5.0,1,7811,27312000
Pune,Wakad,2,1171,2.0,7,7,3.0,1.0,30,Semi-Furnished,Apartment,2.8,4.1,0.0,6,10.0,4,5237,9904000
Bengaluru,HSR Layout,4,2174,3.0,5,2,1.0,1.0,38,Semi-Furnished,Apartment,4.6,1.8,,5,5.0,4,12376,19164000
Bengaluru,Whitefield,2,1683,2.0,10,1,2.0,3.0,24,Semi-Furnished,Apartment,0.6,3.2,3.0,3,9.0,10,8820,15101000
Hyderabad,Kukatpally,3,1915,3.0,4,2,1.0,1.0,24,Semi-Furnished,Apartment,7.1,1.7,3.0,4,4.0,10,4238,13148000
Hyderabad,Kukatpally,4,2018,4.0,7,3,2.0,0.0,12,Fully-Furnished,Apartment,7.8,4.0,7.0,4,1.0,5,9796,16669000
Pune,Hinjewadi,2,1191,2.0,8,4,1.0,2.0,23,Fully-Furnished,Villa,3.0,2.7,8.0,6,2.0,9,3157,10712000
Kolkata,Behala,3,2027,4.0,4,3,3.0,1.0,20,Fully-Furnished,Apartment,6.0,4.4,6.0,4,2.0,1,4553,13236000
Delhi,Vasant Kunj,2,1709,2.0,3,2,1.0,2.0,31,Unfurnished,Apartment,6.1,7.2,8.0,5,2.0,1,10253,15586000
Hyderabad,Madhapur,4,2330,5.0,3,2,1.0,1.0,22,Fully-Furnished,Independent House,11.7,9.1,2.0,3,4.0,3,12433,18500000
Hyderabad,Banjara Hills,2,1392,2.0,8,8,1.0,1.0,22,Semi-Furnished,Apartment,3.7,5.1,3.0,4,2.0,3,7031,9131000
Visakhapatnam,Rushikonda,4,2175,4.0,3,1,1.0,1.0,31,Fully-Furnished,Apartment,9.4,2.6,8.0,0,7.0,6,7643,12539000
Mumbai,Borivali,4,2457,5.0,8,4,2.0,3.0,29,Fully-Furnished,Independent House,12.5,0.9,7.0,2,9.0,4,9197,40336000
Vijayawada,Poranki,2,1133,2.0,4,4,1.0,3.0,16,Fully-Furnished,Independent House,3.9,1.8,7.0,5,4.0,7,3702,7993000
Chennai,OMR,3,1756,2.0,15,12,2.0,2.0,33,Fully-Furnished,Apartment,15.4,5.4,2.0,3,10.0,6,7107,14115000
Pune,Baner,2,970,1.0,12,5,2.0,1.0,31,Semi-Furnished,Independent House,1.6,7.1,9.0,0,7.0,2,4012,8061000
Bengaluru,HSR Layout,2,1078,2.0,12,3,1.0,1.0,28,Unfurnished,Apartment,9.8,5.6,8.0,0,10.0,1,6083,10250000
Vijayawada,Benz Circle,5,3036,5.0,15,12,1.0,2.0,9,Semi-Furnished,Apartment,6.3,4.7,0.0,6,5.0,5,11789,16853000
Kolkata,Dum Dum,4,2046,4.0,15,6,1.0,2.0,36,Semi-Furnished,Apartment,10.0,3.7,4.0,4,8.0,10,4415,13003000
Bengaluru,Koramangala,3,1723,3.0,6,1,1.0,1.0,20,Semi-Furnished,Independent House,5.7,3.3,2.0,7,5.0,3,7977,16244000
Pune,Wakad,4,2394,4.0,15,1,1.0,3.0,2,Unfurnished,Apartment,4.5,4.6,8.0,0,9.0,3,8173,18660000
Ahmedabad,Maninagar,3,1607,4.0,5,3,3.0,3.0,24,Fully-Furnished,Apartment,4.0,1.1,2.0,2,2.0,8,7796,12273000
Bengaluru,HSR Layout,2,1311,2.0,4,2,0.0,3.0,11,Fully-Furnished,Apartment,2.3,1.8,10.0,6,5.0,1,6248,13157000
Bengaluru,Yelahanka,3,1820,4.0,10,7,1.0,0.0,38,Semi-Furnished,Independent House,12.6,1.1,4.0,0,8.0,3,7387,15546000
Chennai,OMR,4,2428,4.0,7,3,2.0,2.0,4,Semi-Furnished,Apartment,4.5,9.9,8.0,0,8.0,2,11684,20625000
Delhi,Rohini,2,1545,1.0,7,2,3.0,0.0,7,Semi-Furnished,Apartment,6.4,3.4,4.0,3,10.0,6,5946,15986000
Ahmedabad,Bodakdev,5,2535,6.0,12,9,1.0,2.0,27,Unfurnished,Apartment,3.0,13.0,4.0,2,6.0,2,5673,15732000
Mumbai,Bandra,4,2195,3.0,6,6,1.0,0.0,38,Semi-Furnished,Apartment,11.6,8.8,2.0,5,6.0,7,12490,34112000
Chennai,Anna Nagar,2,1190,1.0,5,3,0.0,1.0,21,Semi-Furnished,Apartment,8.7,2.6,0.0,2,10.0,8,5511,9842000
Pune,Hadapsar,1,1185,2.0,10,5,0.0,1.0,18,Semi-Furnished,Apartment,1.8,3.3,4.0,4,5.0,6,2418,9740000
Vijayawada,Benz Circle,4,2180,3.0,2,2,2.0,2.0,11,Unfurnished,Villa,9.8,3.9,2.0,0,3.0,1,7263,10529000
Chennai,OMR,3,1929,3.0,5,4,1.0,2.0,37,Unfurnished,Apartment,1.0,5.4,2.0,5,7.0,5,10284,14111000
Hyderabad,Kondapur,2,1379,2.0,12,3,1.0,2.0,13,Semi-Furnished,Apartment,6.8,2.1,10.0,5,5.0,5,5881,10990000
Bengaluru,Whitefield,2,1051,2.0,4,2,2.0,2.0,36,Unfurnished,Independent House,5.0,0.9,1.0,0,2.0,5,4145,8595000
Visakhapatnam,MVP Colony,3,2102,3.0,7,3,2.0,1.0,34,Semi-Furnished,Independent House,6.3,4.2,7.0,2,3.0,8,6938,12541000
Ahmedabad,Bodakdev,2,1359,2.0,8,3,1.0,2.0,18,Unfurnished,Independent House,1.9,0.3,1.0,1,8.0,5,6914,9576000
Delhi,Dwarka,4,2354,4.0,12,6,1.0,1.0,30,Fully-Furnished,Apartment,15.4,3.4,7.0,4,7.0,10,12635,24182000
Delhi,Rohini,2,1491,2.0,8,4,1.0,2.0,22,Fully-Furnished,Villa,3.9,2.2,1.0,4,10.0,7,6746,15699000
Visakhapatnam,Seethammadhara,3,1603,3.0,15,3,1.0,3.0,28,Semi-Furnished,Villa,0.7,1.2,5.0,2,7.0,8,7019,10143000
Bengaluru,Koramangala,2,1403,2.0,8,8,3.0,0.0,24,Semi-Furnished,Apartment,4.3,2.6,10.0,1,6.0,10,3036,13506000
Chennai,Anna Nagar,3,2032,3.0,8,8,0.0,2.0,4,Semi-Furnished,Apartment,3.2,11.1,4.0,3,5.0,2,4292,16704000
Hyderabad,Kondapur,4,2174,3.0,10,1,3.0,2.0,5,Unfurnished,Apartment,6.2,1.7,7.0,2,7.0,5,8422,15742000
Delhi,Mayur Vihar,3,1740,4.0,5,4,1.0,1.0,33,Unfurnished,Apartment,13.9,2.2,10.0,6,9.0,4,5060,16322000
Mumbai,Andheri,3,1718,3.0,10,9,2.0,3.0,14,Unfurnished,Apartment,1.1,1.7,10.0,0,5.0,9,6950,27216000
Pune,Kharadi,5,2609,6.0,6,2,2.0,1.0,35,Semi-Furnished,Apartment,3.7,2.1,5.0,1,7.0,7,15351,20961000
Ahmedabad,Prahlad Nagar,5,2847,5.0,2,1,1.0,1.0,18,Unfurnished,Apartment,14.5,1.9,10.0,7,4.0,4,7670,18485000
Ahmedabad,Vastrapur,4,2191,4.0,4,3,1.0,1.0,9,Unfurnished,Villa,2.2,8.4,0.0,3,1.0,7,12809,14223000
Ahmedabad,Chandkheda,4,2393,5.0,2,2,1.0,3.0,15,Semi-Furnished,Apartment,6.7,1.9,4.0,1,3.0,10,8931,17123000
Delhi,Rohini,5,2267,5.0,2,2,1.0,1.0,10,Unfurnished,Apartment,2.3,6.2,0.0,6,7.0,4,13450,20549000
Delhi,Rohini,3,1685,3.0,5,3,1.0,2.0,5,Unfurnished,Apartment,4.6,0.8,2.0,3,9.0,9,4690,16902000
Ahmedabad,Chandkheda,1,997,1.0,7,3,1.0,1.0,21,Fully-Furnished,Apartment,2.9,6.0,1.0,0,1.0,9,2792,6932000
Ahmedabad,Maninagar,1,938,1.0,3,1,2.0,1.0,31,Unfurnished,Apartment,10.7,9.6,2.0,1,4.0,7,5485,4631000
Ahmedabad,Satellite,3,1912,3.0,7,5,1.0,2.0,33,Fully-Furnished,Villa,6.0,9.6,7.0,5,8.0,7,4074,14392000
Kolkata,Salt Lake,2,1402,1.0,4,1,2.0,1.0,17,Semi-Furnished,Villa,6.6,2.4,7.0,5,7.0,3,8043,8206000
Kolkata,Dum Dum,4,2451,3.0,3,3,2.0,2.0,14,Unfurnished,Apartment,5.8,3.5,4.0,0,5.0,9,8003,14288000
Visakhapatnam,Dwaraka Nagar,4,2201,5.0,5,1,0.0,1.0,25,Fully-Furnished,Independent House,16.5,2.6,0.0,4,3.0,8,10523,11956000
Pune,Wakad,2,1457,1.0,4,3,2.0,2.0,30,Semi-Furnished,Apartment,3.8,3.7,4.0,6,3.0,1,4310,10789000
Ahmedabad,Vastrapur,4,2010,4.0,2,2,2.0,3.0,16,Fully-Furnished,Apartment,1.5,3.5,9.0,5,7.0,6,6164,15089000
Visakhapatnam,Seethammadhara,3,1597,4.0,2,1,2.0,1.0,31,Unfurnished,Apartment,5.6,5.0,3.0,6,2.0,7,7937,8921000
Chennai,T Nagar,3,1902,2.0,5,4,3.0,1.0,16,Unfurnished,Independent House,5.0,5.2,10.0,7,9.0,5,4877,14329000
Kolkata,Salt Lake,2,1184,2.0,6,2,1.0,0.0,12,Semi-Furnished,Independent House,10.7,4.5,2.0,4,3.0,5,2721,8229000
Kolkata,New Town,4,2157,3.0,15,5,1.0,1.0,12,Fully-Furnished,Apartment,17.9,2.0,10.0,1,,6,6330,14667000
Delhi,Vasant Kunj,4,1985,5.0,6,3,2.0,2.0,5,Semi-Furnished,Apartment,3.9,6.0,10.0,6,1.0,3,6155,20903000
Delhi,Mayur Vihar,4,2167,5.0,12,11,2.0,3.0,0,Unfurnished,Apartment,12.9,0.6,10.0,4,5.0,8,8292,22118000
Hyderabad,Miyapur,2,1641,2.0,5,4,1.0,1.0,16,Unfurnished,Villa,3.6,8.0,2.0,6,5.0,9,4826,11201000
Visakhapatnam,Gajuwaka,3,2120,3.0,5,3,2.0,1.0,12,Unfurnished,Apartment,3.9,1.6,6.0,4,5.0,5,11143,12393000
Pune,Hinjewadi,4,2126,3.0,15,10,1.0,1.0,24,Semi-Furnished,Apartment,22.0,3.5,7.0,4,9.0,4,9065,17077000
Delhi,Mayur Vihar,3,1540,3.0,4,1,1.0,1.0,0,Unfurnished,Apartment,13.9,1.3,7.0,4,1.0,6,3278,15101000
Ahmedabad,Vastrapur,2,1342,2.0,15,12,1.0,1.0,37,Semi-Furnished,Apartment,1.3,2.6,6.0,0,1.0,4,6469,7791000
Visakhapatnam,MVP Colony,4,2675,3.0,12,5,2.0,3.0,16,Fully-Furnished,Villa,9.4,1.5,7.0,3,10.0,7,7279,17122000
Hyderabad,Banjara Hills,3,1633,3.0,10,10,1.0,3.0,19,Fully-Furnished,Villa,15.2,4.5,10.0,3,6.0,8,8298,13707000
Ahmedabad,Maninagar,2,1020,1.0,10,6,2.0,1.0,25,Semi-Furnished,Apartment,6.1,8.2,6.0,6,8.0,3,5997,6457000
Bengaluru,Yelahanka,2,1420,1.0,6,5,2.0,2.0,5,Semi-Furnished,Apartment,9.9,15.0,3.0,1,9.0,10,5992,13451000
Vijayawada,Benz Circle,2,1419,3.0,4,3,2.0,2.0,0,Semi-Furnished,Apartment,3.7,6.6,4.0,6,4.0,1,4159,8436000
Hyderabad,Gachibowli,2,1396,1.0,12,10,0.0,1.0,30,Semi-Furnished,Villa,8.4,1.1,6.0,0,3.0,4,4900,8927000
Bengaluru,Whitefield,2,1343,2.0,4,2,2.0,2.0,37,Semi-Furnished,Apartment,1.4,8.2,9.0,4,1.0,3,7551,11092000
Chennai,Adyar,4,2361,4.0,4,4,2.0,0.0,10,Semi-Furnished,Apartment,2.0,8.3,3.0,5,9.0,8,9098,20065000
Hyderabad,Kondapur,3,2150,4.0,4,1,1.0,1.0,39,Fully-Furnished,Apartment,11.6,3.6,8.0,0,10.0,3,5939,16756000
Mumbai,Borivali,3,1842,3.0,6,1,1.0,2.0,40,Unfurnished,Independent House,5.3,0.5,10.0,2,7.0,8,4567,28685000
Bengaluru,HSR Layout,3,1885,4.0,15,10,3.0,1.0,26,Semi-Furnished,Independent House,7.9,3.4,9.0,3,5.0,6,6776,17593000
Mumbai,Navi Mumbai,2,1055,2.0,3,3,1.0,2.0,2,Semi-Furnished,Apartment,19.9,0.9,7.0,0,4.0,3,3073,16667000
Delhi,Dwarka,4,2163,3.0,4,4,0.0,0.0,40,Semi-Furnished,Independent House,8.0,1.8,8.0,0,8.0,7,5805,20246000
Ahmedabad,Chandkheda,2,1547,2.0,4,3,1.0,2.0,28,Fully-Furnished,Apartment,2.8,4.8,1.0,2,4.0,4,7015,11358000
Chennai,T Nagar,3,2034,2.0,4,2,2.0,2.0,6,Fully-Furnished,Apartment,17.9,0.9,1.0,6,6.0,9,6410,16979000
Vijayawada,Moghalrajpuram,2,1412,2.0,15,1,0.0,2.0,14,Fully-Furnished,Apartment,4.8,1.6,1.0,2,10.0,8,2986,9046000
Bengaluru,Indiranagar,5,2641,6.0,2,2,2.0,2.0,22,Unfurnished,Independent House,13.1,2.9,5.0,4,7.0,4,5416,21998000
Ahmedabad,Chandkheda,3,1697,4.0,6,5,2.0,2.0,38,Semi-Furnished,Villa,14.0,0.3,10.0,5,5.0,8,8034,12076000
Ahmedabad,Bodakdev,4,2253,4.0,5,5,1.0,1.0,17,Semi-Furnished,Independent House,2.8,5.0,9.0,1,8.0,3,9894,15263000
Ahmedabad,Prahlad Nagar,3,1815,2.0,7,7,1.0,2.0,26,Semi-Furnished,Independent House,3.7,1.9,9.0,2,1.0,3,7365,11950000
Bengaluru,Electronic City,4,1998,4.0,6,6,1.0,1.0,6,Unfurnished,Independent House,9.8,6.7,6.0,6,7.0,5,6530,18828000
Pune,Baner,3,1963,3.0,3,1,1.0,1.0,33,Semi-Furnished,Apartment,7.8,6.1,0.0,5,6.0,6,6063,15622000
Ahmedabad,Satellite,2,1577,1.0,12,4,1.0,3.0,22,Unfurnished,Independent House,8.7,0.8,1.0,5,4.0,10,8381,9729000
Bengaluru,Koramangala,4,2572,4.0,4,4,1.0,2.0,16,Fully-Furnished,Apartment,18.6,3.0,0.0,7,5.0,8,8541,25057000
Delhi,Mayur Vihar,3,1967,3.0,5,4,1.0,1.0,7,Semi-Furnished,Independent House,10.3,2.0,5.0,4,2.0,7,8452,19077000
Ahmedabad,Maninagar,3,1652,3.0,8,4,1.0,1.0,37,Semi-Furnished,Villa,2.9,1.5,10.0,3,4.0,4,4420,12128000
Pune,Hinjewadi,2,1383,2.0,4,2,3.0,2.0,6,Fully-Furnished,Independent House,5.6,2.8,9.0,7,4.0,10,7493,12725000
Hyderabad,Kukatpally,2,1003,3.0,6,2,3.0,1.0,22,Semi-Furnished,Apartment,12.8,0.7,2.0,0,2.0,4,5309,7690000
Mumbai,Bandra,1,797,1.0,12,9,1.0,2.0,38,Unfurnished,Independent House,10.4,4.0,8.0,6,5.0,1,3374,11861000
Vijayawada,Moghalrajpuram,2,1545,2.0,15,11,1.0,1.0,30,Unfurnished,Apartment,9.8,1.9,6.0,6,9.0,2,8417,7500000
Mumbai,Powai,1,1101,1.0,6,4,1.0,0.0,38,Fully-Furnished,Apartment,6.1,9.6,0.0,5,1.0,3,3064,16076000
Delhi,Pitampura,2,1444,2.0,12,4,3.0,1.0,28,Semi-Furnished,Villa,10.9,7.6,4.0,1,5.0,4,6941,13488000
Vijayawada,Governorpet,3,1887,3.0,15,2,2.0,1.0,37,Unfurnished,Apartment,19.3,2.7,8.0,7,3.0,1,9511,7791000
Hyderabad,Kukatpally,3,1967,2.0,7,5,2.0,1.0,32,Semi-Furnished,Apartment,5.5,5.0,3.0,6,1.0,1,4807,14507000
Chennai,T Nagar,3,2303,3.0,8,8,2.0,1.0,39,Semi-Furnished,Independent House,3.5,1.7,6.0,3,3.0,1,10573,17880000
Delhi,Vasant Kunj,4,2175,3.0,10,7,1.0,1.0,4,Fully-Furnished,Apartment,2.4,5.0,3.0,5,3.0,6,6643,23535000
Pune,Viman Nagar,4,2182,3.0,3,1,1.0,1.0,0,Fully-Furnished,Apartment,2.9,10.0,7.0,5,9.0,2,11088,21971000
Hyderabad,Kondapur,2,1551,2.0,15,15,1.0,2.0,12,Semi-Furnished,Independent House,5.3,6.0,7.0,0,6.0,6,5789,12699000
Hyderabad,Kukatpally,3,1655,2.0,15,7,2.0,1.0,12,Unfurnished,Apartment,5.1,5.0,9.0,6,5.0,3,8162,11314000
Pune,Hinjewadi,3,1472,2.0,6,6,2.0,0.0,20,Semi-Furnished,Apartment,5.5,1.2,2.0,5,8.0,9,7754,13317000
Bengaluru,Yelahanka,1,1238,1.0,7,7,2.0,2.0,6,Unfurnished,Villa,6.7,3.8,0.0,5,9.0,3,4197,11747000
Kolkata,Dum Dum,2,1397,3.0,7,4,1.0,2.0,15,Semi-Furnished,Apartment,4.0,3.4,0.0,2,8.0,3,6897,8569000
Mumbai,Andheri,4,1967,3.0,5,3,1.0,1.0,36,Fully-Furnished,Apartment,0.6,4.3,0.0,7,1.0,2,7379,31469000
Visakhapatnam,Madhurawada,3,1885,3.0,15,9,2.0,1.0,31,Semi-Furnished,Independent House,19.0,6.8,1.0,2,6.0,4,9714,10433000
Bengaluru,Indiranagar,2,1641,,8,3,1.0,2.0,12,Unfurnished,Apartment,0.9,1.8,1.0,3,4.0,4,5735,14269000
Chennai,T Nagar,3,1672,2.0,10,1,2.0,3.0,37,Unfurnished,Apartment,13.4,1.0,3.0,7,2.0,4,8568,9891000
Ahmedabad,Maninagar,4,2162,4.0,4,2,1.0,2.0,30,Fully-Furnished,Independent House,6.9,5.5,2.0,4,7.0,6,11946,14722000
Pune,Kharadi,3,2070,2.0,6,2,1.0,2.0,2,Semi-Furnished,Apartment,13.2,5.7,9.0,4,9.0,7,5153,17121000
Ahmedabad,Maninagar,2,1614,2.0,5,2,3.0,2.0,16,Fully-Furnished,Apartment,5.4,3.0,2.0,3,7.0,10,9395,12022000
Hyderabad,Kondapur,2,1714,1.0,5,2,2.0,2.0,17,Semi-Furnished,Apartment,3.5,2.1,3.0,0,9.0,6,4037,13197000
Vijayawada,Poranki,4,2135,5.0,4,4,2.0,1.0,1,Fully-Furnished,Apartment,1.9,4.6,7.0,4,2.0,3,12034,12580000
Bengaluru,Koramangala,2,1897,3.0,12,6,3.0,1.0,13,Fully-Furnished,Apartment,2.0,3.1,8.0,1,1.0,3,4701,18038000
Mumbai,Navi Mumbai,3,1573,2.0,3,1,2.0,,14,Unfurnished,Apartment,12.1,8.9,2.0,2,9.0,9,4494,25562000
Bengaluru,Yelahanka,1,952,1.0,15,13,0.0,2.0,17,Fully-Furnished,Apartment,12.6,2.4,7.0,6,8.0,2,2532,9420000
Pune,Hinjewadi,4,2291,4.0,15,5,1.0,2.0,4,Semi-Furnished,Apartment,7.3,3.8,10.0,2,6.0,9,11743,18728000
Ahmedabad,Maninagar,2,1306,3.0,6,1,1.0,1.0,38,Semi-Furnished,Apartment,5.6,1.3,3.0,2,1.0,8,3652,8946000
Ahmedabad,Maninagar,4,2412,4.0,12,6,2.0,2.0,14,Fully-Furnished,Apartment,1.9,1.9,6.0,5,5.0,5,9650,18811000
Hyderabad,Madhapur,3,1696,4.0,8,2,1.0,1.0,27,Fully-Furnished,Villa,4.6,1.5,6.0,6,8.0,6,10148,13404000
Hyderabad,Kukatpally,1,535,1.0,7,2,3.0,1.0,7,Fully-Furnished,Apartment,1.8,3.6,2.0,4,2.0,3,2710,4063000
Mumbai,Thane,4,2196,5.0,4,3,1.0,2.0,39,Unfurnished,Apartment,11.7,1.0,6.0,7,8.0,6,8804,33416000
Delhi,Vasant Kunj,4,2259,4.0,4,2,1.0,1.0,40,Fully-Furnished,Independent House,1.7,1.2,6.0,6,3.0,2,7801,23315000
Hyderabad,Kondapur,2,1353,1.0,7,4,2.0,2.0,16,Unfurnished,Apartment,6.0,1.3,5.0,3,4.0,5,5750,8808000
Pune,Viman Nagar,3,1174,3.0,10,9,2.0,3.0,39,Fully-Furnished,Apartment,6.2,1.7,10.0,4,3.0,6,2521,10243000
Hyderabad,Kondapur,3,1665,4.0,3,1,0.0,1.0,32,Unfurnished,Apartment,15.3,1.7,2.0,6,6.0,5,5808,9756000
Vijayawada,Governorpet,2,1164,2.0,12,3,1.0,0.0,37,Fully-Furnished,Independent House,14.2,2.6,3.0,7,7.0,5,2345,4576000
Delhi,Dwarka,1,775,1.0,15,8,2.0,1.0,39,Semi-Furnished,Apartment,1.2,2.3,8.0,3,8.0,1,3133,8531000
Ahmedabad,Bodakdev,3,2291,4.0,10,6,1.0,1.0,9,Unfurnished,Apartment,17.8,4.7,6.0,5,6.0,6,10322,14992000
Visakhapatnam,Gajuwaka,3,1767,3.0,12,9,1.0,2.0,34,Unfurnished,Apartment,9.1,3.3,10.0,6,3.0,7,5637,8100000
Ahmedabad,Prahlad Nagar,2,1387,2.0,8,8,0.0,0.0,1,Semi-Furnished,Independent House,12.2,1.9,9.0,0,4.0,10,3564,10785000
Hyderabad,Gachibowli,3,1563,3.0,4,4,1.0,1.0,20,Fully-Furnished,Independent House,12.6,0.9,6.0,3,6.0,7,6802,12080000
Visakhapatnam,Rushikonda,5,2697,6.0,8,6,3.0,1.0,25,Semi-Furnished,Apartment,14.4,1.3,2.0,1,8.0,6,11253,15377000
Pune,Hadapsar,3,1733,3.0,2,2,3.0,2.0,1,Semi-Furnished,Apartment,24.7,2.9,4.0,1,9.0,4,4366,14725000
Visakhapatnam,Dwaraka Nagar,1,891,2.0,12,6,1.0,2.0,2,Semi-Furnished,Apartment,14.4,2.9,0.0,0,5.0,8,3579,6010000
Hyderabad,Madhapur,3,1543,3.0,10,10,0.0,1.0,29,Unfurnished,Apartment,3.1,8.6,7.0,5,6.0,7,3278,11085000
Chennai,T Nagar,2,1193,3.0,7,4,1.0,1.0,25,Fully-Furnished,Apartment,25.0,7.9,3.0,5,6.0,6,2653,9523000
Mumbai,Navi Mumbai,3,2188,3.0,4,4,1.0,2.0,31,Unfurnished,Apartment,23.1,1.0,7.0,7,9.0,7,9939,32954000
Vijayawada,Benz Circle,2,1129,2.0,6,1,2.0,2.0,27,Fully-Furnished,Apartment,4.3,2.0,10.0,2,1.0,6,3858,5194000
Hyderabad,Banjara Hills,1,1182,1.0,6,5,2.0,3.0,11,Semi-Furnished,Independent House,4.8,3.0,1.0,5,8.0,8,6085,9446000
Ahmedabad,Satellite,2,1472,2.0,4,1,2.0,3.0,28,Semi-Furnished,Apartment,16.1,2.2,1.0,0,9.0,2,6915,8489000
Ahmedabad,Bodakdev,1,1464,1.0,4,1,2.0,1.0,21,Semi-Furnished,Independent House,15.4,1.5,2.0,1,6.0,1,5550,7951000
Mumbai,Powai,2,1068,1.0,3,2,2.0,3.0,13,Semi-Furnished,Apartment,3.2,1.5,2.0,6,6.0,8,2368,17623000
Vijayawada,Patamata,4,1887,5.0,5,3,2.0,2.0,1,Semi-Furnished,Apartment,8.8,3.9,8.0,5,4.0,8,9621,11295000
Bengaluru,Yelahanka,3,2072,4.0,2,1,1.0,1.0,40,Fully-Furnished,Apartment,15.1,2.1,1.0,2,7.0,7,9062,18961000
Ahmedabad,Satellite,3,1884,2.0,10,3,2.0,1.0,34,Fully-Furnished,Independent House,7.1,2.0,0.0,6,10.0,7,9118,12686000
Chennai,Velachery,2,1547,3.0,6,4,1.0,1.0,40,Unfurnished,Apartment,3.5,5.6,5.0,0,8.0,2,8467,11214000
Pune,Baner,3,1460,3.0,8,6,2.0,1.0,20,Semi-Furnished,Apartment,4.4,1.6,5.0,5,10.0,6,8494,11949000
Visakhapatnam,Seethammadhara,3,1661,4.0,2,2,1.0,1.0,31,Fully-Furnished,Apartment,2.3,1.2,0.0,2,6.0,10,4240,10331000
Delhi,Dwarka,3,1775,4.0,5,4,1.0,3.0,28,Semi-Furnished,Apartment,2.6,2.8,9.0,3,5.0,6,3606,17936000
Vijayawada,Moghalrajpuram,4,2198,3.0,3,1,1.0,1.0,23,Fully-Furnished,Apartment,1.9,0.3,7.0,6,9.0,4,10299,13124000
Ahmedabad,Satellite,3,1566,3.0,12,2,2.0,1.0,13,Semi-Furnished,Apartment,12.5,1.8,1.0,2,7.0,9,3740,11543000
Visakhapatnam,Gajuwaka,2,1436,2.0,10,3,2.0,1.0,14,Unfurnished,Apartment,7.4,1.5,5.0,1,3.0,3,7527,7154000
Hyderabad,Kondapur,2,1646,1.0,4,2,1.0,1.0,5,Semi-Furnished,Apartment,2.4,2.5,6.0,5,6.0,4,3898,13414000
Kolkata,Rajarhat,5,2541,6.0,3,2,3.0,1.0,24,Semi-Furnished,Apartment,9.4,6.7,6.0,0,6.0,4,12218,16195000
Hyderabad,Madhapur,3,1689,3.0,3,3,1.0,1.0,4,Unfurnished,Apartment,3.5,1.1,0.0,3,9.0,9,4450,12362000
Hyderabad,Miyapur,4,2154,4.0,6,4,2.0,2.0,12,Semi-Furnished,Apartment,3.9,12.1,2.0,0,4.0,2,5584,14851000
Vijayawada,Gunadala,2,1415,3.0,3,1,1.0,1.0,15,Unfurnished,Apartment,0.5,2.4,7.0,1,7.0,9,7551,7680000
Chennai,OMR,3,2083,4.0,7,6,2.0,1.0,28,Semi-Furnished,Villa,6.2,2.6,5.0,2,9.0,10,10347,17859000
Mumbai,Bandra,3,1894,3.0,2,2,1.0,2.0,29,Unfurnished,Apartment,3.6,7.2,7.0,1,9.0,8,9426,29415000
Pune,Hinjewadi,3,1912,2.0,10,1,2.0,2.0,29,Semi-Furnished,Independent House,9.2,6.2,10.0,6,8.0,3,11310,15754000
Kolkata,Ballygunge,4,2396,4.0,6,1,1.0,1.0,9,Unfurnished,Villa,10.7,6.3,6.0,0,8.0,7,10960,14719000
Bengaluru,Electronic City,3,2224,3.0,7,1,1.0,1.0,31,,Apartment,10.0,7.8,9.0,1,6.0,5,11923,19660000
Visakhapatnam,MVP Colony,3,1564,2.0,7,3,2.0,2.0,11,Semi-Furnished,Apartment,16.1,2.7,8.0,2,1.0,10,7882,10578000
Pune,Hinjewadi,2,1223,2.0,10,7,1.0,1.0,14,Unfurnished,Villa,9.7,1.5,3.0,2,3.0,2,4624,10281000
Pune,Viman Nagar,3,1672,3.0,12,4,1.0,1.0,9,Semi-Furnished,Apartment,13.1,1.4,5.0,2,7.0,1,5783,15859000
Ahmedabad,Satellite,2,1671,1.0,6,6,1.0,2.0,1,Semi-Furnished,Independent House,4.8,2.2,7.0,3,7.0,9,8126,12433000
Ahmedabad,Maninagar,5,2689,5.0,5,5,2.0,2.0,2,Unfurnished,Apartment,9.1,3.6,5.0,2,2.0,5,6879,18110000
Pune,Hadapsar,2,1472,1.0,7,4,1.0,1.0,23,Unfurnished,Villa,2.9,3.7,1.0,2,9.0,3,6836,11572000
Hyderabad,Miyapur,4,2362,4.0,5,4,1.0,2.0,6,Semi-Furnished,Apartment,7.4,0.5,7.0,1,9.0,8,7592,19293000
Kolkata,Behala,3,1619,3.0,3,2,1.0,2.0,15,Fully-Furnished,Villa,7.7,2.6,10.0,0,5.0,9,8807,12157000
Ahmedabad,Maninagar,5,2779,6.0,4,1,0.0,0.0,31,Unfurnished,Apartment,7.9,1.0,2.0,0,10.0,6,13025,16518000
Hyderabad,Miyapur,4,2433,4.0,5,2,1.0,1.0,12,Semi-Furnished,Villa,5.8,4.8,0.0,7,5.0,2,8270,17878000
Pune,Kharadi,2,1061,1.0,12,3,2.0,1.0,14,Fully-Furnished,Villa,2.4,4.7,6.0,6,5.0,1,3771,9606000
Bengaluru,Electronic City,4,1962,5.0,6,4,2.0,3.0,18,Unfurnished,Apartment,7.3,2.7,8.0,3,8.0,10,11389,18501000
Delhi,Rohini,2,1584,2.0,5,5,0.0,1.0,2,Semi-Furnished,Independent House,10.1,0.4,3.0,4,8.0,5,4721,15933000
Pune,Viman Nagar,3,1847,2.0,15,4,1.0,0.0,19,Fully-Furnished,Independent House,3.0,3.4,7.0,0,8.0,4,4240,16788000
Hyderabad,Banjara Hills,2,1281,3.0,10,6,2.0,0.0,37,Unfurnished,Independent House,4.7,2.3,10.0,0,9.0,8,6063,8792000
Bengaluru,Yelahanka,3,1622,2.0,10,6,2.0,0.0,26,Semi-Furnished,Independent House,6.1,1.9,1.0,7,10.0,2,5516,16053000
Mumbai,Andheri,3,1915,3.0,10,1,1.0,1.0,0,Unfurnished,Apartment,9.6,4.0,8.0,1,1.0,2,9190,29922000
Kolkata,Behala,3,1663,4.0,8,6,1.0,2.0,29,Semi-Furnished,Apartment,10.4,11.8,2.0,6,8.0,2,4012,10367000
Bengaluru,Yelahanka,3,1992,4.0,15,13,2.0,1.0,0,Unfurnished,Apartment,9.1,1.9,9.0,1,6.0,9,10341,19537000
Visakhapatnam,Dwaraka Nagar,2,1836,2.0,10,4,1.0,2.0,37,Semi-Furnished,Independent House,14.3,10.4,3.0,7,6.0,3,6110,8335000
Mumbai,Andheri,2,1464,1.0,4,3,2.0,1.0,10,Unfurnished,Apartment,7.6,1.2,9.0,4,1.0,6,7521,22084000
Bengaluru,Koramangala,3,1673,2.0,15,1,0.0,1.0,14,Unfurnished,Apartment,4.1,4.7,3.0,5,3.0,6,9802,13681000
Delhi,Pitampura,5,2900,4.0,15,10,1.0,2.0,18,Fully-Furnished,Apartment,1.7,2.7,8.0,6,5.0,9,13969,29072000
Kolkata,Dum Dum,2,1184,2.0,8,1,2.0,1.0,4,Unfurnished,Independent House,4.1,4.6,4.0,5,5.0,10,6959,8038000
Kolkata,New Town,5,3058,6.0,10,8,2.0,2.0,11,Semi-Furnished,Apartment,3.0,8.1,9.0,0,7.0,2,6525,20432000
Bengaluru,Electronic City,2,1178,2.0,8,6,3.0,1.0,33,Semi-Furnished,Apartment,8.4,0.8,0.0,6,1.0,2,5457,9280000
Vijayawada,Poranki,2,1241,2.0,2,1,1.0,1.0,16,Semi-Furnished,Apartment,8.6,2.8,1.0,3,9.0,6,6645,6374000
Mumbai,Navi Mumbai,3,1758,3.0,3,2,1.0,2.0,39,Fully-Furnished,Apartment,5.7,8.0,6.0,4,1.0,2,8996,27518000
Visakhapatnam,Gajuwaka,2,1051,2.0,6,5,0.0,1.0,14,Semi-Furnished,Apartment,25.0,2.2,0.0,0,4.0,9,3422,5376000
Chennai,OMR,2,1715,3.0,4,3,2.0,2.0,13,Unfurnished,Villa,13.6,3.5,2.0,3,6.0,8,6047,14045000
Mumbai,Thane,4,2261,5.0,3,1,0.0,3.0,1,Unfurnished,Villa,3.8,6.8,1.0,3,3.0,7,8861,36041000
Hyderabad,Banjara Hills,3,1908,3.0,4,3,1.0,1.0,15,Semi-Furnished,Apartment,7.0,0.8,4.0,6,8.0,3,6336,14046000
Vijayawada,Governorpet,2,1563,2.0,2,2,1.0,1.0,35,Semi-Furnished,Apartment,2.5,2.3,6.0,0,1.0,4,5732,7653000
Vijayawada,Poranki,3,1502,4.0,12,8,1.0,2.0,21,Semi-Furnished,Apartment,7.3,10.0,1.0,3,1.0,5,6114,6409000
Bengaluru,Koramangala,3,1878,2.0,2,1,2.0,1.0,33,Semi-Furnished,Villa,2.9,0.7,9.0,0,7.0,6,5196,17768000
Chennai,Velachery,2,1443,1.0,8,4,2.0,0.0,37,Unfurnished,Apartment,1.2,1.9,3.0,6,7.0,1,3929,10196000
Pune,Viman Nagar,2,1021,3.0,4,2,2.0,2.0,32,Unfurnished,Apartment,2.7,3.9,0.0,6,6.0,8,5554,8422000
Hyderabad,Banjara Hills,3,1867,4.0,15,4,0.0,1.0,20,Unfurnished,Villa,4.5,1.7,4.0,7,9.0,2,9761,13000000
Chennai,OMR,3,1858,4.0,15,11,2.0,1.0,40,Semi-Furnished,Apartment,0.9,2.1,6.0,2,6.0,7,8021,13632000
Chennai,Anna Nagar,3,1512,2.0,5,3,1.0,3.0,3,Semi-Furnished,Independent House,8.2,1.5,5.0,5,10.0,1,6972,11896000
Pune,Viman Nagar,1,1040,1.0,5,3,2.0,1.0,14,Fully-Furnished,Independent House,1.2,9.7,10.0,1,9.0,5,2808,9513000
Kolkata,Behala,1,890,1.0,8,8,2.0,0.0,0,Semi-Furnished,Villa,3.4,2.6,4.0,0,1.0,5,4852,5946000
Vijayawada,Gunadala,2,1518,3.0,2,1,1.0,1.0,27,Unfurnished,Apartment,5.8,10.7,5.0,7,8.0,7,4241,7967000
Visakhapatnam,Rushikonda,3,2070,4.0,8,4,0.0,2.0,0,Semi-Furnished,Independent House,3.3,0.3,5.0,3,10.0,2,9289,12065000
Chennai,Porur,3,1681,4.0,12,12,1.0,1.0,39,Semi-Furnished,Apartment,5.3,5.7,3.0,0,6.0,2,9083,12602000
Delhi,Dwarka,4,2180,5.0,3,1,1.0,3.0,34,Unfurnished,Independent House,3.4,6.3,0.0,4,4.0,9,5313,19749000
Chennai,T Nagar,3,2015,3.0,12,2,1.0,2.0,31,Semi-Furnished,Apartment,17.4,6.1,4.0,3,7.0,8,6530,14243000
Kolkata,Rajarhat,1,1223,1.0,10,2,2.0,1.0,36,Unfurnished,Apartment,1.9,1.5,5.0,7,3.0,8,4702,5381000
Pune,Hadapsar,2,1233,2.0,12,3,1.0,1.0,15,Semi-Furnished,Apartment,9.7,3.3,2.0,5,8.0,5,6663,9448000
Mumbai,Bandra,2,1522,1.0,8,5,2.0,2.0,17,Semi-Furnished,Apartment,4.5,3.2,8.0,0,3.0,3,8083,23997000
Ahmedabad,Prahlad Nagar,3,1872,3.0,4,1,3.0,1.0,6,Semi-Furnished,Independent House,5.3,3.2,2.0,3,8.0,7,7157,13917000
Chennai,Adyar,4,2206,3.0,7,6,3.0,1.0,36,Fully-Furnished,Apartment,6.7,4.4,3.0,0,2.0,4,6640,17023000
Vijayawada,Gunadala,1,857,1.0,8,7,1.0,1.0,37,Fully-Furnished,Apartment,10.4,2.3,2.0,4,2.0,3,3585,2966000
Vijayawada,Governorpet,3,1834,4.0,15,9,2.0,3.0,0,Unfurnished,Apartment,3.1,0.9,0.0,3,6.0,2,3680,10189000
Ahmedabad,Prahlad Nagar,5,2634,5.0,7,6,0.0,2.0,16,Semi-Furnished,Apartment,2.0,3.8,5.0,5,7.0,8,12028,18617000
Visakhapatnam,Dwaraka Nagar,2,1713,1.0,4,4,1.0,2.0,18,Semi-Furnished,Apartment,18.4,0.2,5.0,5,7.0,4,8586,9533000
Vijayawada,Gunadala,2,1315,2.0,3,1,3.0,1.0,33,Unfurnished,Independent House,7.6,2.5,9.0,2,8.0,3,7081,6521000
Hyderabad,Gachibowli,2,1482,3.0,5,3,1.0,1.0,23,Semi-Furnished,Apartment,3.7,4.9,1.0,5,8.0,1,7696,11294000
Vijayawada,Governorpet,3,1470,2.0,10,9,1.0,1.0,15,Unfurnished,Apartment,7.7,1.0,1.0,4,2.0,3,6731,6565000
Ahmedabad,Satellite,1,1268,2.0,8,8,1.0,1.0,19,Fully-Furnished,Apartment,2.9,9.0,7.0,3,10.0,2,3813,9959000
Bengaluru,Koramangala,4,2096,4.0,2,1,1.0,2.0,11,Fully-Furnished,Independent House,6.4,5.4,8.0,6,6.0,2,9015,20597000
Visakhapatnam,Madhurawada,2,1415,2.0,5,3,2.0,1.0,21,Unfurnished,Apartment,4.4,5.3,7.0,5,2.0,2,4172,6792000
Chennai,Adyar,4,2184,4.0,10,4,1.0,1.0,27,Fully-Furnished,Apartment,11.0,4.1,4.0,2,5.0,10,7179,18344000
Bengaluru,Electronic City,3,2471,4.0,4,1,3.0,2.0,16,Unfurnished,Apartment,4.1,3.4,1.0,6,1.0,3,8799,21513000
Pune,Hadapsar,5,2660,4.0,15,9,1.0,1.0,20,Unfurnished,Apartment,16.6,3.5,6.0,1,1.0,10,15617,20989000
Pune,Baner,4,1875,4.0,2,2,2.0,3.0,12,Unfurnished,Independent House,12.0,3.2,4.0,5,4.0,3,10320,15523000
Delhi,Dwarka,3,2059,3.0,8,3,0.0,2.0,36,Unfurnished,Apartment,8.3,6.4,8.0,3,6.0,7,11555,18571000
Vijayawada,Governorpet,1,450,1.0,2,1,0.0,1.0,31,Unfurnished,Apartment,7.4,5.3,9.0,6,5.0,4,1268,1800000
Ahmedabad,Bodakdev,2,1460,2.0,6,3,2.0,1.0,15,Fully-Furnished,Apartment,4.1,1.8,3.0,6,7.0,6,7997,10591000
Chennai,Anna Nagar,2,1175,2.0,4,3,2.0,1.0,8,Semi-Furnished,Apartment,1.4,3.5,7.0,3,5.0,1,4045,9561000
Visakhapatnam,Seethammadhara,1,1199,1.0,15,11,1.0,1.0,16,Fully-Furnished,Apartment,4.2,0.3,2.0,3,4.0,1,3375,6963000
Ahmedabad,Maninagar,2,1471,2.0,8,7,3.0,1.0,27,Fully-Furnished,Independent House,8.6,2.7,0.0,2,5.0,6,3155,11224000
Delhi,Pitampura,4,1970,4.0,8,1,1.0,2.0,12,Unfurnished,Apartment,7.7,1.6,6.0,3,7.0,4,8976,19284000
Visakhapatnam,MVP Colony,3,1898,3.0,6,4,0.0,2.0,19,Fully-Furnished,Apartment,9.7,2.6,10.0,4,6.0,9,3921,12522000
Chennai,Adyar,3,1574,3.0,6,4,2.0,1.0,39,Fully-Furnished,Apartment,4.0,1.7,10.0,1,7.0,3,3671,13040000
Mumbai,Thane,4,2043,4.0,2,1,1.0,2.0,9,Semi-Furnished,Apartment,2.6,7.1,7.0,0,9.0,1,6679,32998000
Mumbai,Andheri,2,1326,2.0,8,6,2.0,1.0,23,Fully-Furnished,Apartment,4.0,1.6,6.0,0,3.0,7,5271,21965000
Visakhapatnam,Dwaraka Nagar,3,1782,3.0,5,1,1.0,2.0,3,Semi-Furnished,Villa,2.7,4.3,10.0,2,3.0,10,8088,11163000
Pune,Hinjewadi,3,1504,2.0,15,6,1.0,2.0,24,Fully-Furnished,Independent House,3.1,0.2,8.0,6,4.0,9,8043,13886000
Delhi,Pitampura,5,2388,5.0,5,2,2.0,0.0,28,Fully-Furnished,Independent House,1.6,7.7,4.0,6,1.0,3,9783,25188000
Visakhapatnam,Rushikonda,2,1152,2.0,10,7,2.0,3.0,39,Fully-Furnished,Apartment,2.5,0.8,10.0,2,1.0,7,6456,6087000
Vijayawada,Gunadala,1,1383,1.0,12,4,2.0,1.0,11,Semi-Furnished,Apartment,3.3,4.0,0.0,1,2.0,7,3149,7195000
Delhi,Pitampura,3,1740,4.0,10,7,1.0,1.0,19,Unfurnished,Independent House,2.5,4.5,0.0,1,9.0,5,6175,17119000
Mumbai,Bandra,3,1648,3.0,12,12,2.0,1.0,8,Fully-Furnished,Apartment,3.0,3.5,3.0,2,8.0,1,8958,27253000
Chennai,Anna Nagar,2,1275,2.0,5,5,3.0,2.0,18,Fully-Furnished,Independent House,6.4,3.8,1.0,4,10.0,10,3955,12121000
Visakhapatnam,Dwaraka Nagar,2,1358,3.0,6,4,1.0,3.0,23,Fully-Furnished,Apartment,5.6,2.6,0.0,2,10.0,3,6929,8755000
Hyderabad,Miyapur,2,1508,2.0,15,14,2.0,1.0,11,Fully-Furnished,Apartment,7.8,6.9,4.0,6,9.0,5,5488,13746000
Delhi,Dwarka,4,2025,4.0,3,1,2.0,1.0,21,Semi-Furnished,Independent House,10.5,3.2,10.0,1,7.0,9,8675,20378000
Kolkata,Rajarhat,3,1537,3.0,7,3,0.0,1.0,15,Fully-Furnished,Independent House,2.3,3.1,6.0,4,7.0,7,5689,12227000
Mumbai,Navi Mumbai,2,1713,2.0,6,5,2.0,1.0,16,Fully-Furnished,Independent House,6.1,2.3,2.0,3,1.0,1,9569,27489000
Chennai,Porur,2,1071,2.0,12,6,0.0,1.0,17,Semi-Furnished,Apartment,9.1,5.5,3.0,1,4.0,1,2289,8028000
Vijayawada,Patamata,3,1948,3.0,5,2,1.0,1.0,26,Semi-Furnished,Independent House,8.9,8.4,1.0,5,6.0,3,10390,9596000
Ahmedabad,Prahlad Nagar,4,2332,3.0,7,4,2.0,2.0,39,Fully-Furnished,Apartment,7.3,2.7,2.0,3,5.0,3,6834,16591000
Bengaluru,Whitefield,4,1879,3.0,12,3,1.0,2.0,35,Semi-Furnished,Villa,4.0,0.8,9.0,7,2.0,10,9282,17150000
Vijayawada,Gunadala,4,2132,4.0,12,9,2.0,0.0,38,Semi-Furnished,Independent House,9.4,6.4,10.0,0,6.0,6,8746,10853000
Pune,Kharadi,1,701,1.0,2,1,1.0,1.0,0,Unfurnished,Independent House,14.2,0.4,3.0,7,6.0,9,2459,7462000
Mumbai,Borivali,2,1396,3.0,7,5,1.0,1.0,12,Semi-Furnished,Apartment,5.2,1.0,7.0,1,3.0,9,5175,21701000
Hyderabad,Miyapur,2,1111,1.0,12,6,1.0,1.0,27,Unfurnished,Independent House,4.6,3.8,5.0,7,7.0,4,2469,7542000
Chennai,OMR,5,2785,5.0,15,7,2.0,1.0,24,Fully-Furnished,Apartment,1.5,5.2,10.0,0,2.0,8,16334,23137000
Pune,Viman Nagar,3,1421,3.0,4,2,1.0,2.0,19,Fully-Furnished,Villa,11.9,0.7,10.0,4,1.0,4,7364,13698000
Hyderabad,Madhapur,4,2335,5.0,7,7,0.0,1.0,0,Semi-Furnished,Apartment,9.7,4.2,8.0,4,4.0,6,7868,17874000
Chennai,OMR,3,1686,3.0,4,1,1.0,1.0,13,Unfurnished,Independent House,2.4,0.6,1.0,0,7.0,1,4351,11675000
Kolkata,New Town,2,1125,1.0,4,3,2.0,2.0,18,Fully-Furnished,Apartment,13.5,4.1,0.0,7,3.0,4,3675,7322000
Mumbai,Navi Mumbai,2,1344,1.0,3,3,1.0,3.0,29,Fully-Furnished,Villa,2.3,3.4,10.0,5,8.0,4,3909,22659000
Bengaluru,Electronic City,4,2330,3.0,2,1,0.0,2.0,1,Semi-Furnished,Apartment,11.9,1.1,1.0,5,7.0,3,4937,21187000
Delhi,Dwarka,3,1540,3.0,12,2,1.0,2.0,18,Unfurnished,Apartment,8.1,7.3,1.0,1,1.0,8,5866,13864000
Delhi,Pitampura,3,1808,3.0,2,1,1.0,1.0,24,Fully-Furnished,Independent House,6.5,7.7,9.0,5,7.0,9,3817,18302000
Hyderabad,Kukatpally,2,1104,1.0,15,14,0.0,,19,Fully-Furnished,Apartment,3.8,11.7,2.0,1,9.0,7,4903,7229000
Pune,Baner,4,2123,4.0,12,7,2.0,2.0,17,Unfurnished,Independent House,12.3,5.8,10.0,0,5.0,1,9439,16032000
Chennai,Adyar,3,1878,3.0,3,1,1.0,2.0,5,Fully-Furnished,Apartment,7.7,4.5,5.0,7,10.0,3,4590,16449000
Delhi,Mayur Vihar,2,1342,1.0,6,3,1.0,2.0,32,Fully-Furnished,Apartment,3.4,4.5,,5,10.0,5,7354,13846000
Ahmedabad,Satellite,3,1890,3.0,3,3,1.0,2.0,16,Fully-Furnished,Apartment,17.7,5.1,6.0,2,2.0,9,5181,13385000
Hyderabad,Madhapur,3,1817,3.0,10,3,2.0,0.0,19,Unfurnished,Apartment,9.3,1.0,9.0,1,7.0,7,5245,13431000
Visakhapatnam,Dwaraka Nagar,3,1249,2.0,5,4,3.0,3.0,30,Unfurnished,Apartment,8.9,2.1,2.0,0,3.0,4,6134,5402000
Visakhapatnam,MVP Colony,2,1029,3.0,12,9,0.0,2.0,31,Unfurnished,Apartment,3.8,1.8,4.0,1,2.0,8,4665,5806000
Kolkata,Behala,4,1815,3.0,12,1,0.0,0.0,11,Semi-Furnished,Independent House,2.5,1.7,9.0,7,4.0,4,6205,12487000
Ahmedabad,Satellite,4,2350,3.0,5,5,2.0,2.0,19,Semi-Furnished,Independent House,12.6,2.7,5.0,5,6.0,2,10729,15956000
Visakhapatnam,Madhurawada,3,1825,3.0,2,2,2.0,3.0,7,Fully-Furnished,Apartment,9.8,1.1,1.0,6,7.0,7,6235,12384000
Ahmedabad,Chandkheda,5,2786,5.0,8,8,1.0,1.0,0,Semi-Furnished,Apartment,5.6,7.2,3.0,1,5.0,2,7135,19301000
Kolkata,Ballygunge,1,778,1.0,6,2,1.0,1.0,10,Fully-Furnished,Apartment,2.7,6.5,6.0,0,3.0,7,3551,4967000
Mumbai,Navi Mumbai,4,2275,4.0,12,10,0.0,0.0,39,Semi-Furnished,Apartment,6.6,1.2,3.0,6,2.0,7,10519,35015000
Kolkata,Rajarhat,2,1242,2.0,2,1,0.0,1.0,7,Semi-Furnished,Independent House,6.1,1.4,4.0,6,6.0,9,5481,8021000
Ahmedabad,Chandkheda,4,2156,4.0,7,5,0.0,2.0,35,Unfurnished,Independent House,6.8,0.9,8.0,4,5.0,6,9351,13214000
Vijayawada,Patamata,3,1704,3.0,6,1,2.0,2.0,8,Semi-Furnished,Apartment,6.0,0.4,4.0,6,5.0,7,10054,10348000
Bengaluru,Electronic City,3,1926,2.0,15,12,1.0,3.0,28,Unfurnished,Independent House,2.9,0.7,9.0,1,8.0,5,10592,18639000
Visakhapatnam,MVP Colony,1,1283,2.0,10,6,3.0,2.0,13,Semi-Furnished,Independent House,1.1,1.3,6.0,3,5.0,9,6436,6319000
Vijayawada,Benz Circle,5,2758,5.0,6,6,3.0,2.0,16,Unfurnished,Apartment,5.8,2.1,6.0,7,5.0,9,12739,14183000
Mumbai,Andheri,2,1326,2.0,8,6,2.0,1.0,23,Fully-Furnished,Apartment,4.0,1.6,6.0,0,3.0,7,5271,21965000
Mumbai,Navi Mumbai,1,1035,2.0,4,3,,1.0,8,Semi-Furnished,Apartment,12.2,0.7,8.0,3,5.0,6,2397,17222000
Kolkata,New Town,4,2177,5.0,7,6,0.0,2.0,6,Unfurnished,Independent House,15.9,3.0,1.0,1,4.0,4,12090,11921000
Hyderabad,Kondapur,3,1544,3.0,4,3,1.0,2.0,9,Semi-Furnished,Apartment,5.2,1.5,0.0,3,4.0,6,5119,12192000
Delhi,Dwarka,2,696,2.0,5,4,0.0,2.0,39,Semi-Furnished,Independent House,0.7,7.5,6.0,3,7.0,4,3210,6981000
Bengaluru,HSR Layout,4,2374,4.0,2,1,1.0,1.0,29,Fully-Furnished,Apartment,4.7,12.8,7.0,5,6.0,3,12289,22296000
Chennai,T Nagar,3,1795,3.0,5,5,2.0,1.0,18,Unfurnished,Apartment,8.2,15.0,0.0,7,10.0,9,8073,13942000
Mumbai,Bandra,4,2099,5.0,10,7,1.0,0.0,12,Semi-Furnished,Independent House,6.7,3.5,7.0,6,7.0,1,8070,32241000
Mumbai,Navi Mumbai,4,2039,4.0,7,5,0.0,2.0,15,Fully-Furnished,Apartment,1.0,3.5,10.0,0,10.0,10,9312,33802000
Hyderabad,Kukatpally,4,2267,4.0,4,4,2.0,2.0,11,Semi-Furnished,Apartment,3.4,4.0,0.0,4,10.0,8,12931,17840000
Visakhapatnam,Rushikonda,3,1656,3.0,4,1,1.0,1.0,7,Semi-Furnished,Apartment,7.1,6.5,,5,7.0,5,7024,10076000
Kolkata,New Town,3,1646,3.0,2,1,3.0,2.0,20,Unfurnished,Apartment,4.7,4.8,5.0,4,2.0,6,8999,9748000
Chennai,T Nagar,1,1079,2.0,7,2,2.0,1.0,24,Semi-Furnished,Apartment,14.0,0.9,1.0,3,7.0,2,2769,8562000
Hyderabad,Madhapur,2,1139,2.0,6,6,0.0,2.0,4,Semi-Furnished,Independent House,6.5,3.4,4.0,0,8.0,3,6568,8908000
Bengaluru,Whitefield,3,2035,3.0,15,6,2.0,1.0,20,Fully-Furnished,Independent House,9.9,2.3,9.0,1,5.0,4,6100,20110000
Visakhapatnam,Gajuwaka,4,1701,5.0,6,3,1.0,2.0,30,Semi-Furnished,Independent House,7.7,3.4,10.0,1,7.0,5,8902,10220000
Pune,Wakad,3,2080,2.0,5,2,2.0,2.0,1,Semi-Furnished,Apartment,9.3,3.4,2.0,1,8.0,1,12272,17242000
Visakhapatnam,Seethammadhara,2,880,2.0,2,2,1.0,1.0,40,Fully-Furnished,Independent House,1.9,5.9,1.0,7,1.0,8,5009,5495000
Hyderabad,Kondapur,2,1109,1.0,12,11,1.0,2.0,37,Unfurnished,Apartment,8.0,3.0,2.0,5,3.0,3,4704,4995000
Visakhapatnam,Seethammadhara,3,1342,3.0,6,6,3.0,1.0,7,Semi-Furnished,Independent House,9.5,0.6,9.0,2,4.0,2,5655,7566000
Chennai,Velachery,2,1205,2.0,4,3,0.0,2.0,32,Fully-Furnished,Apartment,1.9,4.6,4.0,4,2.0,1,3792,8837000
Kolkata,Dum Dum,4,2690,4.0,4,4,1.0,2.0,18,Fully-Furnished,Independent House,8.8,4.2,5.0,7,6.0,7,15753,18187000
Visakhapatnam,Seethammadhara,5,2700,5.0,15,13,1.0,2.0,31,Fully-Furnished,Apartment,4.1,0.6,0.0,5,2.0,6,15210,16978000
Bengaluru,Electronic City,4,2230,5.0,12,6,2.0,1.0,38,Semi-Furnished,Apartment,6.7,5.1,3.0,6,10.0,3,9432,19758000
Chennai,T Nagar,4,2179,5.0,15,8,1.0,2.0,35,Semi-Furnished,Apartment,9.9,1.7,7.0,3,3.0,10,4708,17873000
Mumbai,Bandra,2,1518,1.0,12,1,2.0,1.0,38,Fully-Furnished,Apartment,1.8,15.0,4.0,1,1.0,5,3673,23963000
Vijayawada,Governorpet,3,1614,3.0,8,3,2.0,1.0,30,Unfurnished,Apartment,10.2,2.2,0.0,6,4.0,9,6238,6578000
Visakhapatnam,Dwaraka Nagar,2,1705,3.0,12,6,1.0,2.0,5,Semi-Furnished,Apartment,15.7,0.6,9.0,3,9.0,7,4275,9445000
Vijayawada,Poranki,2,1520,3.0,10,1,1.0,1.0,4,Semi-Furnished,Apartment,6.0,6.5,1.0,1,7.0,8,7552,8255000
Hyderabad,Madhapur,4,2505,4.0,6,1,2.0,2.0,25,Semi-Furnished,Independent House,3.3,3.3,9.0,6,8.0,5,6823,18606000
Ahmedabad,Prahlad Nagar,2,1230,3.0,8,3,3.0,1.0,4,Unfurnished,Apartment,8.2,1.2,10.0,5,6.0,3,3860,9494000
Chennai,Adyar,1,866,1.0,8,2,1.0,1.0,38,Semi-Furnished,Independent House,3.3,1.0,2.0,1,8.0,3,4370,6494000
Pune,Viman Nagar,1,787,1.0,7,7,0.0,3.0,16,Semi-Furnished,Apartment,6.0,3.1,7.0,6,1.0,3,3614,5267000
Chennai,Porur,1,844,1.0,2,2,2.0,1.0,26,Semi-Furnished,Independent House,4.5,2.9,8.0,4,9.0,3,3957,7480000
Bengaluru,Whitefield,3,1995,3.0,7,2,1.0,1.0,22,Semi-Furnished,Villa,6.9,3.9,1.0,2,3.0,8,10171,16094000
Vijayawada,Benz Circle,4,2074,4.0,15,10,1.0,1.0,26,Unfurnished,Villa,2.2,0.4,3.0,4,4.0,8,10103,11144000
Mumbai,Navi Mumbai,1,854,2.0,3,2,3.0,2.0,28,Semi-Furnished,Villa,10.7,1.9,5.0,3,1.0,7,3569,13049000
Ahmedabad,Bodakdev,3,1682,4.0,15,14,2.0,1.0,23,Semi-Furnished,Independent House,7.2,0.4,4.0,3,7.0,3,6188,12683000
Delhi,Pitampura,1,793,2.0,12,2,2.0,1.0,4,Fully-Furnished,Apartment,2.7,3.8,3.0,1,8.0,10,4227,8656000
Visakhapatnam,Gajuwaka,2,1220,2.0,10,7,1.0,2.0,36,Semi-Furnished,Apartment,5.4,0.3,8.0,3,1.0,10,2602,7030000
Ahmedabad,Prahlad Nagar,2,1607,3.0,3,3,2.0,2.0,28,Semi-Furnished,Apartment,4.0,1.0,6.0,5,1.0,1,4714,10792000
Mumbai,Andheri,3,2269,3.0,5,3,2.0,2.0,6,Semi-Furnished,Apartment,6.5,2.3,3.0,0,10.0,6,12033,37271000
Bengaluru,Whitefield,3,1969,3.0,7,2,2.0,2.0,6,Semi-Furnished,Apartment,6.5,2.1,4.0,6,1.0,5,10175,18949000
Mumbai,Bandra,3,1711,2.0,2,1,2.0,1.0,28,Semi-Furnished,Apartment,1.9,0.8,6.0,1,5.0,5,7787,27792000
Ahmedabad,Chandkheda,2,886,2.0,8,4,1.0,1.0,40,Semi-Furnished,Apartment,4.5,1.4,4.0,2,9.0,10,4766,5321000
Delhi,Vasant Kunj,2,1348,1.0,3,1,3.0,3.0,30,Semi-Furnished,Apartment,5.1,3.2,1.0,3,6.0,8,2985,13355000
Pune,Viman Nagar,4,1986,4.0,5,2,1.0,2.0,36,Semi-Furnished,Independent House,2.1,2.3,3.0,4,9.0,8,4385,16795000
Kolkata,Salt Lake,2,989,3.0,7,1,2.0,1.0,34,Fully-Furnished,Apartment,5.3,6.2,3.0,0,2.0,2,2582,5549000
Mumbai,Andheri,4,2221,5.0,8,5,1.0,1.0,24,Fully-Furnished,Apartment,7.0,2.1,8.0,0,10.0,5,5253,35412000
Delhi,Saket,2,1209,2.0,6,4,2.0,3.0,0,Fully-Furnished,Apartment,24.2,5.3,5.0,2,3.0,6,5456,14410000
Mumbai,Navi Mumbai,2,1429,3.0,5,5,2.0,1.0,9,Fully-Furnished,Apartment,7.6,3.2,4.0,7,4.0,8,8137,24482000
Vijayawada,Moghalrajpuram,2,1188,1.0,10,7,2.0,2.0,16,Unfurnished,Independent House,6.6,1.8,4.0,0,2.0,5,3719,5917000
Visakhapatnam,Gajuwaka,3,2108,2.0,15,14,0.0,1.0,16,Unfurnished,Independent House,5.4,0.8,3.0,3,4.0,9,7145,12152000
Visakhapatnam,MVP Colony,2,1661,1.0,5,5,1.0,1.0,6,Fully-Furnished,Apartment,5.5,4.6,0.0,1,6.0,3,5202,10271000
Kolkata,Behala,4,2519,5.0,6,4,2.0,1.0,40,Fully-Furnished,Apartment,6.5,4.3,8.0,2,7.0,10,14231,16780000
Pune,Hadapsar,3,1660,3.0,3,1,2.0,1.0,29,Semi-Furnished,Apartment,7.1,1.8,10.0,6,10.0,10,9546,15012000
Delhi,Vasant Kunj,4,2419,3.0,5,3,2.0,2.0,25,Semi-Furnished,Apartment,6.5,1.6,6.0,3,6.0,7,14039,24032000
Ahmedabad,Chandkheda,2,1767,2.0,12,4,2.0,1.0,29,Fully-Furnished,Apartment,5.0,4.5,6.0,5,5.0,6,4559,11298000
Hyderabad,Miyapur,2,1381,2.0,4,2,1.0,2.0,11,Unfurnished,Apartment,0.5,2.6,5.0,7,8.0,7,3350,11742000
Visakhapatnam,Madhurawada,2,1629,3.0,5,2,3.0,2.0,15,Fully-Furnished,Apartment,5.0,1.9,7.0,5,6.0,1,6511,10862000
Chennai,Anna Nagar,4,2368,3.0,2,1,2.0,1.0,5,Semi-Furnished,Apartment,16.1,0.2,4.0,0,4.0,6,11251,19018000
Hyderabad,Gachibowli,2,1498,3.0,5,5,3.0,0.0,31,Semi-Furnished,Villa,5.3,3.4,0.0,3,7.0,10,3636,11198000
Vijayawada,Poranki,3,1655,3.0,3,3,1.0,2.0,16,Unfurnished,Apartment,2.6,3.3,4.0,7,8.0,9,8952,8633000
Kolkata,New Town,3,1651,3.0,6,1,2.0,2.0,23,Semi-Furnished,Independent House,12.7,5.0,6.0,6,7.0,9,5348,10922000
Bengaluru,Indiranagar,2,1086,2.0,7,3,2.0,3.0,13,Fully-Furnished,Apartment,7.5,4.0,0.0,2,9.0,1,5979,10653000
Mumbai,Powai,3,1377,3.0,6,5,1.0,3.0,24,Unfurnished,Independent House,4.8,9.0,10.0,6,10.0,5,3149,21701000
Visakhapatnam,MVP Colony,4,2174,5.0,8,6,1.0,1.0,20,Fully-Furnished,Apartment,4.4,2.2,4.0,7,7.0,7,5510,13977000
Ahmedabad,Maninagar,5,2871,5.0,7,6,1.0,2.0,3,Semi-Furnished,Apartment,9.7,8.0,8.0,3,9.0,10,12098,21853000
Bengaluru,Indiranagar,4,2365,5.0,10,10,1.0,3.0,22,Unfurnished,Apartment,3.6,5.1,0.0,6,6.0,7,13683,20880000
Hyderabad,Gachibowli,3,1448,4.0,6,3,0.0,1.0,37,Unfurnished,Apartment,5.1,1.4,2.0,6,8.0,9,5908,10188000
Pune,Wakad,2,1259,3.0,7,6,3.0,1.0,18,Fully-Furnished,Villa,2.6,4.6,6.0,6,4.0,6,4614,13517000
Vijayawada,Moghalrajpuram,3,1837,3.0,4,1,2.0,1.0,25,Semi-Furnished,Apartment,6.2,1.0,4.0,6,6.0,4,7623,8612000
Ahmedabad,Bodakdev,5,2154,5.0,12,3,1.0,1.0,3,Fully-Furnished,Apartment,7.2,1.7,8.0,1,2.0,10,8075,17040000
Ahmedabad,Prahlad Nagar,4,2315,5.0,3,2,1.0,2.0,38,Unfurnished,Apartment,9.9,4.1,10.0,7,8.0,7,6474,13932000
Ahmedabad,Vastrapur,2,967,1.0,2,2,1.0,2.0,12,Semi-Furnished,Apartment,7.0,1.8,10.0,0,6.0,2,4894,6035000
Ahmedabad,Maninagar,3,1800,3.0,4,2,1.0,3.0,21,Semi-Furnished,Independent House,8.2,5.3,2.0,5,5.0,7,10328,11759000
Ahmedabad,Chandkheda,5,2673,6.0,4,4,0.0,1.0,12,Fully-Furnished,Villa,5.3,3.3,7.0,7,2.0,2,5453,20847000
Kolkata,Rajarhat,3,1727,3.0,12,4,1.0,0.0,0,Unfurnished,Independent House,10.2,1.1,9.0,2,2.0,5,6011,11008000
Visakhapatnam,Gajuwaka,1,1037,1.0,7,1,1.0,1.0,35,Fully-Furnished,Apartment,3.2,0.8,4.0,7,9.0,4,3785,5610000
Delhi,Rohini,2,1112,3.0,6,2,2.0,0.0,21,Unfurnished,Apartment,13.3,1.9,5.0,1,8.0,3,4900,9715000
Chennai,OMR,2,1408,1.0,7,3,1.0,0.0,40,Unfurnished,Apartment,5.6,1.6,6.0,7,8.0,3,3992,10365000
Vijayawada,Patamata,3,1609,3.0,12,3,2.0,1.0,27,Semi-Furnished,Apartment,6.1,3.1,2.0,4,9.0,3,6813,8397000
Pune,Kharadi,4,2228,5.0,10,6,2.0,1.0,29,Unfurnished,Apartment,4.4,3.3,2.0,0,4.0,3,10932,16834000
Chennai,OMR,4,2147,5.0,8,1,1.0,1.0,17,Unfurnished,Independent House,5.9,2.0,9.0,0,6.0,4,12500,16900000
Hyderabad,Kondapur,3,1272,3.0,4,2,1.0,2.0,16,Semi-Furnished,Villa,9.0,2.6,0.0,1,8.0,8,6092,9289000
Delhi,Saket,3,1671,3.0,4,1,2.0,2.0,28,Semi-Furnished,Independent House,8.2,3.6,1.0,5,10.0,6,9732,16346000
Chennai,Porur,2,1570,2.0,8,2,1.0,0.0,23,Semi-Furnished,Independent House,3.5,12.1,6.0,7,6.0,8,4815,13863000
Chennai,Anna Nagar,3,1267,2.0,15,11,1.0,1.0,29,Unfurnished,Apartment,5.3,5.7,0.0,4,4.0,7,3988,7723000
Kolkata,Rajarhat,2,1481,3.0,5,1,1.0,1.0,39,Fully-Furnished,Independent House,14.3,2.7,5.0,4,10.0,3,3659,9705000
Kolkata,Salt Lake,4,2240,3.0,7,2,3.0,1.0,34,Semi-Furnished,Apartment,3.7,6.9,8.0,3,7.0,8,5556,12793000
Bengaluru,HSR Layout,3,1414,3.0,10,5,1.0,1.0,38,Semi-Furnished,Apartment,11.7,0.5,9.0,1,8.0,6,6697,13389000
Vijayawada,Moghalrajpuram,5,2506,4.0,10,3,0.0,2.0,31,Unfurnished,Independent House,11.5,5.8,0.0,1,4.0,4,5882,11140000
Pune,Hadapsar,3,2062,3.0,12,3,1.0,0.0,27,Semi-Furnished,Independent House,7.5,0.2,2.0,1,4.0,10,4987,17201000
Kolkata,Dum Dum,1,807,1.0,6,4,0.0,2.0,14,Unfurnished,Apartment,0.8,5.7,3.0,7,10.0,4,4409,5106000
Visakhapatnam,MVP Colony,4,2285,3.0,2,1,3.0,2.0,27,Unfurnished,Apartment,12.1,2.9,4.0,1,1.0,3,12551,11168000
Visakhapatnam,Dwaraka Nagar,4,2429,3.0,5,5,2.0,2.0,40,Semi-Furnished,Apartment,12.2,1.7,3.0,1,10.0,6,10305,14059000
Bengaluru,Koramangala,5,2930,5.0,7,2,2.0,2.0,28,Unfurnished,Apartment,16.9,1.1,6.0,5,3.0,7,8938,24955000
Mumbai,Navi Mumbai,3,1527,3.0,10,4,1.0,1.0,5,Semi-Furnished,Apartment,5.1,3.1,4.0,3,4.0,1,3322,24899000
Kolkata,Salt Lake,3,1696,3.0,8,1,3.0,0.0,14,Semi-Furnished,Apartment,3.4,4.6,9.0,5,6.0,3,9221,10861000
Ahmedabad,Maninagar,1,808,1.0,2,1,1.0,2.0,23,Fully-Furnished,Independent House,21.1,4.9,7.0,4,9.0,6,4309,4793000
Mumbai,Borivali,4,2087,4.0,2,1,1.0,1.0,35,Unfurnished,Villa,11.6,4.8,4.0,6,7.0,9,9006,31595000
Visakhapatnam,Madhurawada,4,2017,4.0,8,1,2.0,0.0,2,Fully-Furnished,Villa,8.5,4.5,3.0,1,1.0,10,4988,13925000
Delhi,Dwarka,2,1511,3.0,5,1,1.0,1.0,30,Semi-Furnished,Independent House,6.3,4.0,6.0,1,9.0,5,8460,13531000
Ahmedabad,Satellite,3,1724,4.0,7,3,2.0,1.0,5,Unfurnished,Independent House,5.0,2.2,8.0,2,5.0,4,7163,11478000
Kolkata,Salt Lake,4,2494,3.0,15,1,1.0,1.0,38,Unfurnished,Apartment,12.1,4.5,8.0,0,4.0,6,13823,11421000
Delhi,Saket,4,1875,4.0,10,9,2.0,1.0,39,Semi-Furnished,Apartment,1.8,0.6,2.0,7,3.0,3,7657,17983000
Hyderabad,Kondapur,3,2158,3.0,15,7,1.0,2.0,4,Semi-Furnished,Apartment,8.2,1.7,7.0,7,4.0,2,6757,16476000
Ahmedabad,Vastrapur,3,2193,3.0,3,3,1.0,2.0,19,Semi-Furnished,Independent House,11.0,3.0,3.0,3,4.0,5,10343,14077000
Chennai,Adyar,2,1158,2.0,15,5,1.0,0.0,10,Unfurnished,Apartment,12.6,1.3,3.0,2,7.0,8,3410,9429000
Bengaluru,Electronic City,1,1098,1.0,3,3,3.0,1.0,17,Fully-Furnished,Independent House,4.7,3.9,6.0,1,10.0,7,5569,11501000
Delhi,Dwarka,3,1814,3.0,3,2,1.0,2.0,12,Unfurnished,Villa,5.1,3.0,5.0,1,10.0,3,5147,17205000
Kolkata,Rajarhat,2,1161,2.0,2,2,1.0,3.0,37,Unfurnished,Apartment,9.5,0.6,5.0,7,5.0,4,4304,5801000
Kolkata,Dum Dum,4,2031,3.0,3,1,1.0,1.0,10,Fully-Furnished,Apartment,6.3,1.0,7.0,6,2.0,8,11421,15175000
Visakhapatnam,Dwaraka Nagar,3,1580,3.0,8,7,2.0,2.0,38,Semi-Furnished,Apartment,5.8,5.5,3.0,1,8.0,4,9036,7034000
Kolkata,Salt Lake,4,2661,3.0,3,2,1.0,0.0,13,Unfurnished,Apartment,1.4,4.2,7.0,5,4.0,8,12197,16640000
Kolkata,Rajarhat,3,1740,2.0,7,1,1.0,1.0,12,Semi-Furnished,Apartment,2.7,5.9,6.0,7,8.0,8,8647,10791000
Ahmedabad,Bodakdev,3,1825,4.0,7,5,3.0,2.0,11,Semi-Furnished,Apartment,11.4,1.8,8.0,4,10.0,9,9770,13974000
Pune,Hadapsar,3,1949,2.0,7,6,1.0,1.0,11,Fully-Furnished,Independent House,18.4,1.5,10.0,4,10.0,3,6185,16894000
Delhi,Saket,2,1346,3.0,15,10,1.0,2.0,13,Semi-Furnished,Apartment,3.3,3.7,2.0,1,6.0,10,6560,14173000
Chennai,OMR,3,2048,2.0,6,4,1.0,1.0,28,Fully-Furnished,Apartment,6.7,0.9,1.0,6,10.0,7,6100,17192000
Vijayawada,Gunadala,2,1511,2.0,4,4,1.0,2.0,28,Semi-Furnished,Apartment,1.7,4.9,10.0,2,6.0,5,8993,8442000
Mumbai,Powai,4,2254,4.0,5,3,1.0,1.0,11,Unfurnished,Apartment,11.9,12.6,3.0,1,3.0,7,7265,34317000
Vijayawada,Moghalrajpuram,3,1993,3.0,5,2,2.0,0.0,22,Unfurnished,Villa,11.6,6.9,1.0,0,2.0,3,10715,8405000
Vijayawada,Benz Circle,3,1625,4.0,2,2,2.0,,4,Semi-Furnished,Apartment,4.6,1.2,4.0,7,5.0,9,5142,10272000
Hyderabad,Kukatpally,2,1211,3.0,2,1,1.0,1.0,13,Unfurnished,Apartment,4.1,1.0,0.0,4,1.0,7,3050,8358000
Mumbai,Powai,4,1873,5.0,5,2,2.0,2.0,20,Unfurnished,Villa,15.0,10.3,7.0,5,5.0,7,4749,27499000
Bengaluru,Indiranagar,4,2313,4.0,10,1,3.0,2.0,24,Unfurnished,Apartment,9.8,7.6,6.0,7,8.0,9,6508,20115000
Ahmedabad,Vastrapur,1,629,2.0,15,3,1.0,2.0,27,Semi-Furnished,Apartment,1.3,2.9,3.0,0,9.0,5,2113,6100000
Hyderabad,Gachibowli,3,1844,3.0,10,2,2.0,1.0,7,Fully-Furnished,Apartment,3.7,4.5,2.0,2,2.0,2,4047,13816000
Chennai,Anna Nagar,3,1736,3.0,6,1,1.0,2.0,3,Semi-Furnished,Apartment,5.1,0.9,4.0,3,1.0,8,8697,14453000
Hyderabad,Kukatpally,2,1418,3.0,8,5,1.0,2.0,20,Semi-Furnished,Independent House,12.4,1.3,7.0,2,2.0,7,5371,11091000
Ahmedabad,Chandkheda,3,1573,2.0,12,7,2.0,1.0,37,Semi-Furnished,Independent House,1.8,4.1,7.0,1,3.0,4,5754,10677000
Mumbai,Thane,3,1838,3.0,4,1,2.0,0.0,24,Fully-Furnished,Apartment,4.8,1.0,10.0,6,5.0,10,4007,29827000
Ahmedabad,Chandkheda,3,1690,4.0,8,3,1.0,1.0,36,Fully-Furnished,Apartment,9.1,5.0,2.0,2,7.0,7,5494,10964000
Vijayawada,Patamata,2,1619,1.0,15,9,0.0,2.0,39,Semi-Furnished,Villa,3.7,5.5,5.0,7,5.0,8,5324,6531000
Vijayawada,Gunadala,5,2955,6.0,2,2,1.0,2.0,7,Semi-Furnished,Apartment,3.8,0.9,4.0,5,3.0,3,11637,15396000
Chennai,Adyar,2,1544,2.0,4,2,1.0,2.0,35,Semi-Furnished,Apartment,16.2,5.6,1.0,0,2.0,6,6030,9798000
Ahmedabad,Satellite,1,450,1.0,7,3,1.0,2.0,17,Fully-Furnished,Villa,0.9,8.7,3.0,6,4.0,5,2148,3045000
Ahmedabad,Prahlad Nagar,2,1665,2.0,6,4,2.0,1.0,24,Semi-Furnished,Apartment,4.5,2.9,0.0,3,7.0,1,4305,10959000
Hyderabad,Miyapur,2,1541,2.0,5,1,2.0,1.0,6,Unfurnished,Independent House,10.4,10.2,8.0,0,10.0,2,5975,10513000
Kolkata,New Town,3,1824,2.0,2,2,1.0,2.0,24,Semi-Furnished,Independent House,9.4,1.2,3.0,3,10.0,5,3658,11122000
Visakhapatnam,Rushikonda,2,1214,2.0,7,3,1.0,2.0,36,Semi-Furnished,Apartment,9.4,1.1,6.0,2,7.0,6,7132,6729000
Pune,Kharadi,3,1890,4.0,6,6,1.0,3.0,1,Unfurnished,Apartment,9.6,1.4,8.0,3,7.0,7,4326,17014000
Kolkata,Behala,2,1116,3.0,5,1,0.0,0.0,25,Unfurnished,Independent House,6.7,1.8,2.0,3,3.0,5,5846,7255000
Delhi,Pitampura,5,2513,5.0,7,1,0.0,0.0,22,Unfurnished,Apartment,4.8,2.5,4.0,7,1.0,5,7928,22871000
Mumbai,Thane,4,2088,3.0,6,6,2.0,1.0,9,Fully-Furnished,Apartment,11.7,1.5,1.0,6,9.0,2,11679,34258000
Kolkata,Ballygunge,2,1589,2.0,4,3,3.0,1.0,22,Fully-Furnished,Apartment,11.3,3.4,5.0,2,2.0,10,4606,10831000
Vijayawada,Gunadala,2,973,1.0,4,1,2.0,1.0,5,Semi-Furnished,Apartment,5.4,8.0,5.0,6,10.0,1,5118,5238000
Vijayawada,Patamata,3,1666,2.0,2,2,0.0,2.0,24,Semi-Furnished,Apartment,7.1,1.2,4.0,1,9.0,8,8083,8780000
Hyderabad,Kondapur,2,1313,3.0,6,2,1.0,1.0,25,Fully-Furnished,Apartment,8.6,1.9,0.0,4,5.0,10,7870,10959000
Kolkata,Salt Lake,1,934,1.0,15,11,,3.0,0,Unfurnished,Apartment,3.1,2.1,4.0,0,5.0,3,3259,5704000
Pune,Wakad,3,1649,3.0,3,2,2.0,1.0,36,Unfurnished,Independent House,1.6,0.7,0.0,2,7.0,9,4880,10705000
Chennai,Adyar,3,1378,3.0,8,2,2.0,2.0,4,Semi-Furnished,Apartment,3.5,3.3,8.0,0,3.0,10,6723,11190000
Hyderabad,Kondapur,4,1974,3.0,2,2,1.0,2.0,12,Semi-Furnished,Apartment,2.6,2.6,4.0,4,6.0,9,8036,15414000
Ahmedabad,Vastrapur,3,1810,3.0,4,3,1.0,1.0,39,Semi-Furnished,Apartment,10.9,4.6,5.0,3,4.0,2,3621,11520000
Pune,Hinjewadi,2,712,2.0,3,1,2.0,1.0,35,Semi-Furnished,Independent House,11.7,1.0,5.0,2,6.0,1,3767,5342000
Hyderabad,Gachibowli,3,1631,3.0,6,2,0.0,2.0,14,Unfurnished,Independent House,5.5,1.2,4.0,4,1.0,4,5856,10728000
Visakhapatnam,Gajuwaka,3,1875,4.0,8,3,2.0,2.0,39,Semi-Furnished,Apartment,1.6,2.0,1.0,5,2.0,1,8571,10066000
Hyderabad,Gachibowli,3,2089,3.0,6,5,2.0,1.0,17,Unfurnished,Apartment,2.6,4.8,8.0,0,6.0,9,4634,13297000
Visakhapatnam,MVP Colony,2,1233,3.0,15,3,2.0,1.0,12,Unfurnished,Apartment,7.3,0.5,10.0,5,9.0,1,6252,7949000
Visakhapatnam,Rushikonda,3,1969,3.0,12,11,2.0,1.0,13,Semi-Furnished,Apartment,5.7,2.5,2.0,7,9.0,1,9948,10849000
Ahmedabad,Bodakdev,1,1051,2.0,10,2,3.0,1.0,26,Unfurnished,Independent House,10.5,8.0,8.0,7,7.0,8,4579,5746000
Pune,Hinjewadi,2,1460,1.0,12,8,2.0,2.0,22,Semi-Furnished,Apartment,8.2,2.5,2.0,3,5.0,5,4360,12170000
Visakhapatnam,Gajuwaka,2,1136,1.0,6,6,1.0,1.0,24,Unfurnished,Apartment,5.5,4.6,1.0,1,8.0,3,5899,5838000
Kolkata,Salt Lake,4,1950,3.0,2,1,1.0,1.0,8,Semi-Furnished,Apartment,3.1,3.8,0.0,3,10.0,9,8013,13423000
Pune,Hinjewadi,3,1756,3.0,15,4,1.0,2.0,20,Unfurnished,Apartment,2.3,2.3,0.0,2,9.0,2,7595,13819000
Delhi,Vasant Kunj,3,1878,4.0,5,2,2.0,1.0,38,Unfurnished,Apartment,17.4,1.6,0.0,3,10.0,2,5417,16808000
Mumbai,Navi Mumbai,2,1112,1.0,12,9,2.0,1.0,13,Semi-Furnished,Independent House,10.5,2.6,7.0,2,10.0,8,5774,17761000
Mumbai,Powai,2,815,3.0,5,3,1.0,3.0,35,Fully-Furnished,Apartment,14.5,12.2,8.0,0,4.0,9,2218,13779000
Kolkata,Ballygunge,1,1202,1.0,12,12,2.0,1.0,19,Semi-Furnished,Apartment,9.3,3.6,6.0,6,4.0,4,5159,8021000
Kolkata,Behala,3,1455,3.0,3,3,2.0,2.0,21,Semi-Furnished,Apartment,6.4,4.1,2.0,0,9.0,8,6889,9623000
Delhi,Pitampura,2,1219,2.0,12,5,2.0,1.0,36,Unfurnished,Apartment,11.2,5.7,9.0,5,10.0,9,6897,12706000
Kolkata,Rajarhat,2,1542,2.0,12,3,2.0,2.0,1,Unfurnished,Apartment,3.7,5.2,0.0,7,4.0,7,4684,9523000
Hyderabad,Banjara Hills,3,1604,3.0,2,1,2.0,2.0,34,Semi-Furnished,Independent House,14.3,3.3,8.0,1,4.0,7,3622,11228000
Visakhapatnam,Madhurawada,3,2048,3.0,2,2,2.0,1.0,8,,Apartment,10.9,4.0,10.0,2,5.0,1,4805,12390000
Visakhapatnam,Dwaraka Nagar,2,1082,2.0,6,3,3.0,1.0,31,Semi-Furnished,Apartment,13.3,0.2,4.0,2,9.0,6,3163,6170000
Ahmedabad,Maninagar,3,1813,3.0,6,6,3.0,2.0,35,Fully-Furnished,Apartment,10.0,3.3,2.0,3,9.0,3,4114,13574000
Delhi,Mayur Vihar,2,1208,1.0,10,3,2.0,1.0,14,Fully-Furnished,Apartment,13.0,3.0,7.0,5,8.0,8,4273,14540000
Delhi,Mayur Vihar,4,2424,5.0,4,4,3.0,1.0,18,Semi-Furnished,Apartment,6.8,2.0,5.0,6,9.0,7,9126,24451000
Kolkata,Rajarhat,1,1363,1.0,2,2,0.0,2.0,27,Unfurnished,Apartment,7.0,0.6,4.0,2,6.0,8,5689,7628000
Chennai,OMR,3,1815,4.0,2,1,2.0,2.0,4,Fully-Furnished,Apartment,7.0,2.2,9.0,3,5.0,8,5865,14954000
Ahmedabad,Maninagar,2,1401,2.0,4,4,2.0,2.0,35,Unfurnished,Independent House,6.6,3.5,2.0,0,7.0,3,8064,9334000
Ahmedabad,Prahlad Nagar,2,1070,1.0,15,1,0.0,2.0,5,Semi-Furnished,Apartment,6.2,7.0,6.0,2,6.0,2,3062,7647000
Hyderabad,Miyapur,3,1566,,4,3,0.0,2.0,3,Fully-Furnished,Apartment,10.3,4.3,10.0,5,6.0,7,8740,12768000
Delhi,Pitampura,1,901,1.0,15,5,2.0,1.0,37,Semi-Furnished,Apartment,7.3,3.3,5.0,2,8.0,10,2610,8917000
Ahmedabad,Prahlad Nagar,3,2297,4.0,6,4,1.0,1.0,37,Semi-Furnished,Apartment,3.8,3.2,2.0,6,6.0,4,12735,15574000
Chennai,T Nagar,1,1130,2.0,12,4,3.0,3.0,29,Fully-Furnished,Apartment,6.4,2.5,8.0,5,4.0,6,6296,9427000
Bengaluru,Whitefield,3,1739,3.0,3,1,2.0,2.0,2,Semi-Furnished,Villa,7.5,2.4,9.0,4,6.0,8,7426,18004000
Kolkata,Behala,2,1342,2.0,2,1,1.0,0.0,7,Fully-Furnished,Apartment,17.2,2.0,4.0,1,8.0,9,7819,10041000
Chennai,Adyar,2,1527,2.0,10,7,1.0,0.0,37,Semi-Furnished,Apartment,7.8,2.9,8.0,2,10.0,1,4601,10659000
Visakhapatnam,Rushikonda,2,1643,1.0,6,3,2.0,2.0,28,Semi-Furnished,Apartment,3.0,1.0,4.0,6,10.0,6,9727,9629000
Visakhapatnam,Gajuwaka,1,1072,1.0,6,3,1.0,2.0,36,Unfurnished,Apartment,7.4,4.3,0.0,6,10.0,6,4584,5312000
Chennai,Anna Nagar,4,2050,5.0,12,8,2.0,1.0,22,Fully-Furnished,Apartment,4.0,4.3,9.0,7,7.0,3,9738,18739000
Chennai,T Nagar,4,2275,4.0,12,10,2.0,1.0,21,Semi-Furnished,Independent House,2.5,2.4,0.0,6,10.0,3,6638,18418000
Hyderabad,Banjara Hills,2,1459,1.0,5,2,3.0,1.0,39,Unfurnished,Apartment,1.1,8.9,5.0,0,10.0,5,4812,9516000
Chennai,T Nagar,3,1579,4.0,5,5,1.0,1.0,39,Unfurnished,Apartment,8.2,0.5,4.0,7,6.0,9,5644,11421000
Visakhapatnam,Madhurawada,5,2370,5.0,15,11,2.0,1.0,13,Semi-Furnished,Apartment,3.5,3.9,7.0,7,4.0,8,5642,16145000
Vijayawada,Benz Circle,4,1797,4.0,15,7,2.0,3.0,12,Fully-Furnished,Apartment,4.7,6.5,0.0,5,3.0,6,6231,10991000
Visakhapatnam,Rushikonda,2,1276,3.0,7,4,1.0,1.0,10,Semi-Furnished,Independent House,5.8,3.5,6.0,7,5.0,10,4295,6672000
Vijayawada,Moghalrajpuram,2,1193,2.0,4,1,1.0,2.0,22,Semi-Furnished,Apartment,5.2,4.6,9.0,7,5.0,2,4081,6365000
Ahmedabad,Maninagar,4,2360,4.0,3,1,1.0,2.0,1,Semi-Furnished,Apartment,10.3,8.5,8.0,0,8.0,1,13430,16761000
Kolkata,Ballygunge,2,1325,2.0,4,3,2.0,2.0,16,Semi-Furnished,Apartment,2.8,9.2,1.0,6,6.0,5,7619,8872000
Visakhapatnam,Dwaraka Nagar,1,612,1.0,8,6,0.0,1.0,31,Semi-Furnished,Apartment,6.2,4.4,8.0,4,5.0,2,1379,3938000
Mumbai,Navi Mumbai,4,2375,3.0,12,4,1.0,0.0,10,Semi-Furnished,Independent House,3.6,1.7,1.0,0,2.0,8,10155,37259000
Kolkata,New Town,3,1952,2.0,2,2,1.0,1.0,31,Semi-Furnished,Apartment,1.5,1.7,4.0,6,2.0,4,5146,11524000
Kolkata,Behala,3,1721,3.0,8,5,1.0,3.0,24,Fully-Furnished,Villa,3.1,3.8,6.0,4,5.0,5,3580,12507000
Chennai,Anna Nagar,3,2059,2.0,3,1,1.0,0.0,28,Fully-Furnished,Independent House,1.2,6.0,7.0,2,10.0,2,8569,16906000
Bengaluru,Whitefield,1,780,2.0,5,5,2.0,1.0,28,Fully-Furnished,Independent House,15.0,6.8,2.0,0,6.0,1,1934,7748000
Chennai,Velachery,3,2035,4.0,8,2,1.0,1.0,22,Semi-Furnished,Apartment,20.3,2.0,6.0,3,9.0,5,7757,15743000
Pune,Wakad,4,2399,4.0,8,6,1.0,1.0,18,Unfurnished,Independent House,4.3,4.0,7.0,7,10.0,3,9208,19698000
Bengaluru,Whitefield,3,1437,3.0,7,3,1.0,2.0,9,Unfurnished,Villa,14.4,1.1,4.0,3,9.0,2,5099,13976000
Visakhapatnam,Madhurawada,2,1350,2.0,3,1,2.0,1.0,34,Semi-Furnished,Apartment,1.6,1.6,10.0,2,5.0,1,5972,7095000
Pune,Baner,2,846,3.0,10,9,3.0,2.0,22,Unfurnished,Apartment,6.5,4.4,4.0,0,3.0,5,2819,7391000
Visakhapatnam,MVP Colony,2,1493,2.0,3,3,1.0,1.0,0,Unfurnished,Apartment,19.4,8.5,4.0,6,6.0,2,4314,8719000
Delhi,Vasant Kunj,4,2439,3.0,7,7,1.0,2.0,34,Fully-Furnished,Apartment,4.4,3.8,9.0,1,8.0,3,10239,25276000
Vijayawada,Gunadala,3,1670,4.0,15,10,1.0,2.0,10,Semi-Furnished,Independent House,4.9,1.3,1.0,7,10.0,7,7053,10898000
Pune,Kharadi,4,2203,3.0,8,4,1.0,0.0,2,Fully-Furnished,Apartment,3.5,5.1,5.0,5,2.0,6,10319,20166000
Bengaluru,Yelahanka,3,1805,3.0,8,7,0.0,2.0,18,Semi-Furnished,Villa,7.8,1.8,0.0,6,8.0,7,9776,17627000
Visakhapatnam,Madhurawada,4,2685,4.0,12,10,2.0,1.0,32,Fully-Furnished,Independent House,7.9,3.2,8.0,7,1.0,3,15449,16549000
Kolkata,Rajarhat,4,1943,4.0,15,6,1.0,2.0,12,Fully-Furnished,Independent House,12.6,6.1,9.0,0,6.0,2,4410,13289000
Hyderabad,Kondapur,1,1030,2.0,7,2,1.0,2.0,3,Unfurnished,Villa,7.1,1.9,6.0,2,5.0,7,5100,8070000
Kolkata,New Town,2,1094,3.0,12,1,3.0,2.0,17,Semi-Furnished,Apartment,3.4,10.1,1.0,1,2.0,2,3727,6405000
Bengaluru,Yelahanka,3,1943,3.0,2,1,1.0,1.0,23,Unfurnished,Villa,16.1,1.5,7.0,2,7.0,5,9826,17740000
Ahmedabad,Bodakdev,3,2186,3.0,6,4,1.0,1.0,10,Fully-Furnished,Apartment,1.6,2.4,10.0,4,8.0,4,6085,18397000
Mumbai,Navi Mumbai,4,1672,5.0,10,9,2.0,3.0,12,Fully-Furnished,Apartment,6.8,11.7,6.0,3,10.0,10,5675,28398000
Mumbai,Powai,2,1483,1.0,2,2,1.0,1.0,11,Semi-Furnished,Villa,11.9,3.8,1.0,3,5.0,10,3397,24450000
Chennai,OMR,3,1880,2.0,6,6,1.0,3.0,9,Unfurnished,Apartment,11.4,4.2,1.0,3,2.0,5,9746,14324000
Vijayawada,Poranki,4,2152,4.0,8,6,2.0,1.0,29,Unfurnished,Apartment,4.2,1.0,2.0,5,5.0,9,7852,11063000
Kolkata,Ballygunge,5,3102,4.0,7,2,1.0,1.0,19,Unfurnished,Independent House,7.2,1.1,1.0,6,10.0,1,15443,17909000
Kolkata,New Town,3,1811,2.0,4,2,1.0,1.0,15,Semi-Furnished,Apartment,10.8,3.5,8.0,2,3.0,2,9066,10795000
Chennai,Porur,3,1649,2.0,6,2,1.0,2.0,31,Semi-Furnished,Apartment,6.2,2.8,4.0,1,2.0,2,9044,12594000
Kolkata,New Town,5,2489,6.0,12,1,1.0,2.0,24,Fully-Furnished,Apartment,5.1,2.1,7.0,4,8.0,9,11342,16666000
Visakhapatnam,Seethammadhara,4,2312,4.0,2,1,1.0,1.0,32,Fully-Furnished,Apartment,8.6,7.3,10.0,0,7.0,3,6443,13420000
Visakhapatnam,MVP Colony,3,1800,3.0,12,4,2.0,3.0,19,Semi-Furnished,Independent House,7.3,2.3,1.0,1,3.0,10,6381,11069000
Visakhapatnam,Seethammadhara,4,2227,3.0,10,9,1.0,1.0,18,Semi-Furnished,Apartment,10.1,15.0,8.0,2,4.0,5,11563,13887000
Ahmedabad,Vastrapur,4,2406,4.0,8,4,3.0,2.0,9,Semi-Furnished,Independent House,7.7,2.4,3.0,7,4.0,4,9632,17054000
Kolkata,Ballygunge,2,1269,2.0,12,8,2.0,3.0,22,Semi-Furnished,Villa,12.7,0.7,8.0,1,2.0,4,7505,9092000
Hyderabad,Madhapur,3,1893,3.0,7,7,1.0,2.0,31,Unfurnished,Independent House,5.6,1.3,6.0,4,7.0,6,8990,12689000
Chennai,Anna Nagar,2,1245,2.0,10,10,2.0,1.0,20,Fully-Furnished,Apartment,10.3,0.6,5.0,1,5.0,1,3548,10405000
Delhi,Rohini,1,886,1.0,5,5,2.0,1.0,31,Semi-Furnished,Independent House,11.0,1.1,3.0,2,5.0,2,3102,8352000
Ahmedabad,Prahlad Nagar,3,1662,2.0,3,2,3.0,1.0,17,Fully-Furnished,Apartment,8.6,3.2,4.0,1,10.0,5,9488,11073000
Vijayawada,Patamata,3,1794,2.0,4,1,1.0,1.0,23,Fully-Furnished,Independent House,8.7,5.1,6.0,1,2.0,1,6806,9310000
Pune,Kharadi,2,1203,2.0,3,2,1.0,1.0,17,Semi-Furnished,Independent House,7.4,12.1,4.0,6,9.0,10,3490,10208000
Vijayawada,Benz Circle,2,1380,3.0,12,12,2.0,1.0,10,Fully-Furnished,Apartment,0.5,0.7,6.0,6,9.0,7,5072,10526000
Delhi,Dwarka,4,2291,5.0,8,7,0.0,1.0,19,Semi-Furnished,Apartment,9.4,0.9,0.0,7,7.0,2,6130,22274000
Visakhapatnam,Madhurawada,4,2389,5.0,3,1,2.0,2.0,14,Fully-Furnished,Apartment,4.9,8.5,9.0,4,10.0,6,5124,15579000
Kolkata,New Town,3,1693,3.0,15,5,2.0,3.0,8,Fully-Furnished,Apartment,2.4,3.2,0.0,4,6.0,1,6619,12334000
Pune,Viman Nagar,2,1823,3.0,10,4,2.0,0.0,20,Unfurnished,Apartment,3.0,6.4,2.0,4,7.0,3,8322,14802000
Pune,Hadapsar,5,2622,5.0,3,1,1.0,2.0,4,Semi-Furnished,Apartment,6.6,3.6,0.0,2,8.0,3,14688,21086000
Vijayawada,Gunadala,3,1871,3.0,6,5,2.0,1.0,39,Unfurnished,Villa,5.3,,7.0,0,1.0,9,7327,8267000
Chennai,Adyar,2,1260,2.0,8,1,1.0,2.0,22,Fully-Furnished,Apartment,6.9,2.2,3.0,0,4.0,6,6905,9596000
Vijayawada,Benz Circle,3,1625,4.0,2,2,2.0,3.0,4,Semi-Furnished,Apartment,4.6,1.2,4.0,7,5.0,9,5142,10272000
Hyderabad,Gachibowli,2,1230,1.0,12,11,1.0,1.0,19,Unfurnished,Apartment,7.5,4.2,2.0,0,3.0,9,2630,8726000
Visakhapatnam,MVP Colony,2,1651,2.0,8,5,3.0,1.0,32,Fully-Furnished,Independent House,2.4,2.9,1.0,3,7.0,10,8951,10877000
Vijayawada,Patamata,2,1320,3.0,5,1,2.0,2.0,10,Semi-Furnished,Villa,10.3,2.0,6.0,7,1.0,7,7467,6876000
Mumbai,Borivali,3,1719,2.0,5,3,2.0,2.0,27,Fully-Furnished,Villa,4.1,1.5,3.0,5,5.0,6,6892,27096000
Chennai,OMR,5,2793,4.0,12,4,1.0,2.0,10,Semi-Furnished,Independent House,5.0,1.8,5.0,0,7.0,7,5611,22750000
Hyderabad,Madhapur,4,2272,4.0,4,2,1.0,1.0,10,Semi-Furnished,Independent House,3.8,6.0,3.0,0,1.0,10,6006,16024000
Visakhapatnam,Madhurawada,3,1867,2.0,12,6,1.0,3.0,23,Unfurnished,Villa,3.8,1.7,2.0,4,3.0,2,8485,10561000
Kolkata,Behala,3,1519,3.0,5,1,2.0,1.0,4,Semi-Furnished,Independent House,6.1,2.2,2.0,3,4.0,6,6230,10342000
Kolkata,Ballygunge,3,1844,3.0,3,2,1.0,3.0,24,Unfurnished,Apartment,13.2,0.8,3.0,5,2.0,2,5706,9877000
Hyderabad,Miyapur,3,1804,3.0,7,7,2.0,1.0,21,Semi-Furnished,Apartment,8.9,3.1,8.0,1,3.0,2,4240,12797000
Hyderabad,Madhapur,3,1502,3.0,5,2,1.0,1.0,28,Unfurnished,Independent House,2.1,2.9,0.0,1,10.0,4,3400,10859000
Mumbai,Andheri,3,1693,2.0,8,2,0.0,2.0,2,Fully-Furnished,Independent House,3.9,0.3,3.0,0,5.0,10,3444,28825000
Kolkata,New Town,2,1456,3.0,7,1,0.0,2.0,29,Semi-Furnished,Villa,3.6,2.4,9.0,2,4.0,9,6572,9863000
Chennai,Adyar,5,2813,6.0,5,2,1.0,1.0,14,Semi-Furnished,Apartment,4.6,5.9,4.0,4,7.0,3,9152,23129000
Hyderabad,Kukatpally,3,1638,4.0,7,2,1.0,3.0,24,Semi-Furnished,Apartment,7.3,1.0,1.0,6,8.0,7,6812,12565000
Pune,Viman Nagar,3,1811,3.0,4,4,1.0,1.0,36,Fully-Furnished,Apartment,12.9,1.5,10.0,5,6.0,6,6933,15055000
Ahmedabad,Satellite,2,1440,1.0,4,3,1.0,2.0,13,Unfurnished,Apartment,5.0,2.2,6.0,6,7.0,6,4140,10869000
Chennai,Porur,2,1346,3.0,2,2,3.0,2.0,17,Unfurnished,Independent House,4.3,5.3,3.0,5,8.0,6,3437,10822000
Delhi,Dwarka,5,2542,6.0,3,3,1.0,1.0,15,Semi-Furnished,Apartment,7.5,6.5,0.0,3,6.0,7,6839,25034000
Hyderabad,Banjara Hills,3,2185,2.0,4,1,2.0,0.0,31,Unfurnished,Apartment,8.8,2.3,3.0,2,6.0,4,4934,13356000
Hyderabad,Kukatpally,2,1618,2.0,12,2,0.0,2.0,38,Semi-Furnished,Independent House,8.0,0.5,1.0,3,10.0,10,9085,10898000
Mumbai,Thane,3,1750,3.0,10,4,2.0,1.0,36,Unfurnished,Apartment,1.3,1.7,10.0,0,9.0,1,6445,27325000
Hyderabad,Kondapur,3,1838,3.0,4,2,2.0,2.0,38,Unfurnished,Apartment,11.6,1.0,6.0,7,9.0,5,8036,11162000
Chennai,Anna Nagar,2,1301,3.0,2,1,2.0,1.0,31,Fully-Furnished,Apartment,3.5,1.5,7.0,5,10.0,2,7548,10033000
Kolkata,Ballygunge,2,2029,2.0,6,6,1.0,1.0,14,Unfurnished,Apartment,1.5,4.3,6.0,7,1.0,3,6956,11801000
Mumbai,Thane,3,1736,2.0,3,3,1.0,1.0,8,Semi-Furnished,Apartment,3.4,2.0,8.0,6,7.0,10,8223,29325000
Pune,Hadapsar,2,1245,1.0,4,1,3.0,2.0,32,Unfurnished,Independent House,6.4,4.3,1.0,0,8.0,3,7403,8438000
Chennai,OMR,3,1834,4.0,10,8,2.0,0.0,19,Fully-Furnished,Apartment,4.3,3.2,4.0,0,7.0,1,6912,15101000
Ahmedabad,Prahlad Nagar,3,1711,4.0,12,1,1.0,2.0,12,Fully-Furnished,Independent House,9.5,7.0,0.0,7,5.0,5,6146,13063000
Visakhapatnam,Rushikonda,4,2482,4.0,3,2,1.0,1.0,29,Fully-Furnished,Apartment,5.8,1.4,1.0,6,9.0,8,9172,14858000
Bengaluru,Electronic City,2,1202,2.0,8,7,3.0,0.0,35,Unfurnished,Apartment,2.1,5.1,6.0,4,7.0,3,6209,10874000
Pune,Hinjewadi,2,1631,2.0,7,6,2.0,1.0,29,Unfurnished,Apartment,8.1,4.2,4.0,4,2.0,6,6015,11385000
Bengaluru,Whitefield,4,2378,4.0,2,1,1.0,2.0,29,Fully-Furnished,Apartment,10.1,2.3,7.0,0,2.0,2,11703,22798000
Kolkata,New Town,2,1330,2.0,5,1,0.0,3.0,31,Semi-Furnished,Apartment,2.5,1.3,10.0,2,8.0,3,7247,8080000
Delhi,Dwarka,1,983,1.0,5,2,3.0,0.0,18,Unfurnished,Apartment,15.0,3.4,2.0,7,6.0,3,5687,8602000
Delhi,Dwarka,1,824,2.0,3,3,1.0,1.0,31,Unfurnished,Independent House,6.0,10.3,0.0,5,5.0,7,3749,8074000
Bengaluru,Electronic City,4,1928,3.0,12,11,3.0,2.0,14,Semi-Furnished,Apartment,1.4,0.7,3.0,1,2.0,10,5600,19759000
Hyderabad,Miyapur,1,815,1.0,15,3,1.0,2.0,33,Semi-Furnished,Villa,2.6,5.9,10.0,7,8.0,3,4673,6811000
Delhi,Mayur Vihar,2,1506,3.0,6,5,3.0,2.0,20,Fully-Furnished,Apartment,1.5,9.8,10.0,3,10.0,1,6296,16962000
Delhi,Vasant Kunj,2,1224,3.0,6,6,1.0,2.0,34,Unfurnished,Villa,11.6,1.0,10.0,2,2.0,2,5318,11045000
Chennai,Porur,2,1239,2.0,10,10,1.0,1.0,39,Unfurnished,Independent House,8.8,5.7,2.0,3,2.0,1,7234,7482000
Visakhapatnam,Seethammadhara,2,1103,2.0,5,2,0.0,1.0,1,Fully-Furnished,Villa,3.8,2.1,4.0,2,4.0,8,5344,7499000
Hyderabad,Kondapur,3,1814,3.0,8,3,0.0,1.0,10,Semi-Furnished,Villa,13.3,1.4,9.0,3,5.0,10,4051,14525000
Delhi,Dwarka,4,2252,5.0,4,2,1.0,1.0,34,Semi-Furnished,Apartment,3.9,5.4,10.0,4,2.0,4,8748,20373000
Bengaluru,HSR Layout,2,1361,2.0,8,1,3.0,1.0,14,Semi-Furnished,Apartment,9.6,6.7,10.0,1,1.0,2,5942,11556000
Hyderabad,Kukatpally,4,2242,4.0,12,7,1.0,1.0,27,Unfurnished,Independent House,4.0,2.2,8.0,2,9.0,5,6058,15608000
Delhi,Mayur Vihar,3,1544,2.0,6,3,2.0,3.0,40,Fully-Furnished,Independent House,4.2,3.3,0.0,6,6.0,2,9182,15231000
Chennai,OMR,4,2439,3.0,12,8,2.0,1.0,2,Unfurnished,Villa,4.6,3.6,7.0,6,5.0,3,12496,18676000
Bengaluru,Whitefield,2,1441,3.0,8,4,1.0,2.0,10,Semi-Furnished,Apartment,9.9,0.9,0.0,4,3.0,1,5140,13203000
Chennai,Porur,2,1403,2.0,2,2,2.0,1.0,5,Unfurnished,Apartment,9.9,4.2,2.0,4,9.0,9,4146,9548000
Pune,Kharadi,3,1528,3.0,15,15,1.0,3.0,25,Fully-Furnished,Apartment,4.8,1.7,9.0,3,10.0,2,7469,14252000
Chennai,Anna Nagar,1,947,1.0,15,15,2.0,1.0,21,Semi-Furnished,Apartment,9.1,4.2,1.0,2,2.0,9,3432,7744000
Vijayawada,Benz Circle,4,2401,5.0,10,10,3.0,2.0,13,Semi-Furnished,Apartment,2.6,4.1,9.0,1,6.0,1,12933,13738000
Pune,Wakad,2,1499,1.0,8,4,3.0,2.0,20,Semi-Furnished,Villa,4.9,0.6,1.0,5,4.0,5,7645,11862000
Bengaluru,Yelahanka,4,2208,3.0,7,2,1.0,1.0,17,Semi-Furnished,Independent House,2.3,2.9,7.0,6,1.0,10,10064,20303000
Chennai,Adyar,3,1452,3.0,5,2,1.0,1.0,21,Semi-Furnished,Apartment,6.2,7.6,6.0,5,4.0,2,6225,9543000
Delhi,Rohini,4,2026,3.0,10,8,2.0,1.0,31,Semi-Furnished,Apartment,2.7,6.7,8.0,3,1.0,3,9676,20379000
Hyderabad,Madhapur,3,1803,3.0,5,4,1.0,1.0,29,Semi-Furnished,Apartment,0.9,8.1,5.0,1,3.0,1,9477,13787000
Bengaluru,HSR Layout,3,1852,2.0,8,4,2.0,2.0,27,Unfurnished,Apartment,1.3,7.4,8.0,5,7.0,1,10097,16230000
Chennai,Velachery,2,920,2.0,4,1,1.0,1.0,2,Unfurnished,Apartment,6.1,2.5,9.0,5,8.0,6,5467,7495000
Ahmedabad,Prahlad Nagar,3,1798,4.0,15,3,2.0,,31,Semi-Furnished,Apartment,10.8,3.0,4.0,6,10.0,6,9074,12557000
Vijayawada,Poranki,3,2174,3.0,10,1,1.0,2.0,20,Semi-Furnished,Apartment,15.7,5.4,2.0,2,3.0,9,8708,11149000
Chennai,Anna Nagar,3,1938,3.0,10,7,2.0,2.0,25,Unfurnished,Independent House,13.9,4.6,9.0,1,9.0,8,10663,14060000
Visakhapatnam,Gajuwaka,4,2225,5.0,12,8,2.0,1.0,34,Fully-Furnished,Apartment,10.8,3.8,8.0,2,6.0,4,8462,14643000
Chennai,Porur,1,946,1.0,3,1,3.0,2.0,4,Fully-Furnished,Apartment,4.4,2.6,1.0,3,7.0,7,2951,9765000
Hyderabad,Banjara Hills,3,1746,3.0,2,1,1.0,3.0,34,Semi-Furnished,Independent House,6.9,8.0,9.0,2,4.0,3,9121,11999000
Visakhapatnam,Gajuwaka,5,2726,4.0,10,10,1.0,0.0,35,Unfurnished,Independent House,2.9,2.8,1.0,7,10.0,6,16263,14466000
Chennai,Porur,1,1018,2.0,7,3,1.0,2.0,25,Fully-Furnished,Apartment,2.3,6.5,3.0,2,9.0,10,4087,8876000
Vijayawada,Patamata,4,2405,5.0,2,2,2.0,2.0,23,Unfurnished,Villa,5.3,1.1,4.0,3,4.0,8,10423,11465000
Mumbai,Andheri,2,1928,2.0,7,7,1.0,0.0,2,Unfurnished,Apartment,9.8,0.3,10.0,1,10.0,5,9828,31320000
Bengaluru,Indiranagar,2,1202,2.0,6,6,3.0,1.0,33,Fully-Furnished,Apartment,2.8,7.7,5.0,1,3.0,6,7064,11560000
Delhi,Pitampura,2,1420,1.0,7,4,2.0,0.0,29,Semi-Furnished,Apartment,5.9,7.2,9.0,1,5.0,5,4755,13780000
Bengaluru,Electronic City,4,2108,4.0,4,3,2.0,2.0,19,Semi-Furnished,Apartment,3.3,0.7,6.0,3,1.0,7,4612,20612000
Kolkata,Behala,3,1888,3.0,4,1,1.0,2.0,39,Unfurnished,Apartment,1.0,7.3,9.0,5,6.0,4,7165,11211000
Mumbai,Andheri,4,2153,4.0,5,1,2.0,2.0,12,Semi-Furnished,Independent House,11.3,12.4,10.0,2,2.0,3,8030,33126000
Vijayawada,Poranki,3,1856,2.0,8,7,1.0,1.0,29,Unfurnished,Apartment,9.8,2.0,0.0,1,3.0,4,5737,7772000
Delhi,Vasant Kunj,4,2224,4.0,6,2,1.0,3.0,18,Unfurnished,Villa,1.3,1.9,10.0,5,5.0,7,6915,21901000
Delhi,Dwarka,2,1439,1.0,3,1,2.0,2.0,6,Semi-Furnished,Apartment,6.3,5.8,0.0,0,9.0,10,4089,15234000
Mumbai,Navi Mumbai,3,1862,4.0,15,4,0.0,3.0,40,Fully-Furnished,Apartment,10.7,2.9,3.0,3,5.0,5,11122,29866000
Ahmedabad,Chandkheda,5,2609,6.0,5,1,1.0,1.0,0,Fully-Furnished,Apartment,10.3,10.7,10.0,3,5.0,1,9758,20137000
Hyderabad,Kukatpally,3,1582,4.0,7,6,2.0,1.0,16,Semi-Furnished,Apartment,8.8,4.3,6.0,6,8.0,10,7096,12514000
Bengaluru,Yelahanka,4,2223,5.0,15,12,2.0,1.0,9,Unfurnished,Apartment,3.4,3.2,5.0,6,1.0,3,9087,21408000
Ahmedabad,Maninagar,3,1733,4.0,4,3,0.0,0.0,3,Semi-Furnished,Apartment,2.0,4.1,5.0,5,5.0,4,7595,12336000
Vijayawada,Patamata,3,1736,4.0,2,1,2.0,2.0,11,Unfurnished,Apartment,3.6,3.7,10.0,2,9.0,7,4337,10218000
Chennai,OMR,3,1864,2.0,5,5,1.0,2.0,1,Fully-Furnished,Villa,2.6,1.3,9.0,0,4.0,4,4845,15940000
Chennai,T Nagar,1,723,2.0,10,2,2.0,1.0,1,Unfurnished,Independent House,10.2,6.7,1.0,0,8.0,4,3056,6886000
Mumbai,Thane,4,2204,4.0,5,5,1.0,2.0,22,Semi-Furnished,Apartment,8.5,5.6,7.0,3,1.0,4,12829,35320000
Delhi,Rohini,2,985,2.0,15,5,2.0,1.0,15,Semi-Furnished,Apartment,6.5,3.1,9.0,2,2.0,3,2161,9212000
Kolkata,Rajarhat,2,1585,2.0,5,3,1.0,2.0,16,Semi-Furnished,Independent House,5.7,7.0,4.0,0,4.0,7,9138,10665000
Vijayawada,Poranki,3,2166,2.0,5,5,2.0,1.0,9,Semi-Furnished,Apartment,8.6,6.6,8.0,3,1.0,10,8646,12267000
Chennai,Anna Nagar,3,1658,3.0,12,7,1.0,2.0,18,Fully-Furnished,Independent House,3.0,4.5,10.0,2,7.0,2,9148,12838000
Vijayawada,Moghalrajpuram,3,1465,4.0,6,2,1.0,1.0,31,Fully-Furnished,Apartment,6.4,6.2,4.0,1,8.0,4,5548,8140000
Bengaluru,Yelahanka,3,1650,3.0,3,2,1.0,2.0,18,Unfurnished,Apartment,2.6,4.5,6.0,6,6.0,5,3573,15473000
Kolkata,Dum Dum,4,1807,4.0,7,4,0.0,2.0,9,Semi-Furnished,Independent House,6.2,4.8,10.0,6,10.0,2,4872,11406000
Kolkata,New Town,4,2218,4.0,12,11,2.0,2.0,13,Fully-Furnished,Apartment,5.9,2.2,8.0,5,4.0,1,13190,15023000
Vijayawada,Moghalrajpuram,3,2041,4.0,8,6,2.0,0.0,16,Semi-Furnished,Apartment,2.5,,5.0,6,8.0,7,8410,12153000
Ahmedabad,Prahlad Nagar,3,1311,3.0,4,2,3.0,2.0,3,Semi-Furnished,Villa,13.5,0.2,0.0,1,8.0,6,6346,10371000
Hyderabad,Miyapur,3,1819,3.0,10,8,1.0,2.0,39,Fully-Furnished,Independent House,4.9,6.1,2.0,3,10.0,5,10591,13071000
Ahmedabad,Maninagar,2,1826,2.0,6,4,1.0,1.0,4,Fully-Furnished,Independent House,9.7,4.3,2.0,5,9.0,7,4322,14472000
Delhi,Mayur Vihar,3,2281,4.0,2,1,3.0,0.0,12,Fully-Furnished,Apartment,0.9,5.0,10.0,6,6.0,9,13050,24743000
Vijayawada,Patamata,4,2364,4.0,2,2,1.0,2.0,10,Semi-Furnished,Independent House,3.8,2.2,6.0,7,3.0,8,13233,13782000
Delhi,Pitampura,3,1592,3.0,15,2,1.0,1.0,18,Unfurnished,Independent House,15.9,4.0,1.0,4,8.0,7,4555,13801000
Hyderabad,Banjara Hills,2,1810,2.0,15,3,1.0,2.0,14,Fully-Furnished,Apartment,6.6,2.1,3.0,3,8.0,8,4148,13609000
Mumbai,Thane,3,1907,4.0,7,7,0.0,1.0,31,Fully-Furnished,Villa,8.2,1.6,10.0,4,2.0,7,10886,30975000
Chennai,Porur,4,2273,4.0,7,4,2.0,1.0,38,Unfurnished,Villa,2.2,1.6,4.0,3,1.0,2,10747,15302000
Bengaluru,HSR Layout,4,2244,3.0,10,2,1.0,2.0,24,Fully-Furnished,Independent House,2.1,4.2,7.0,7,7.0,5,5661,22854000
Ahmedabad,Vastrapur,3,2276,2.0,3,3,1.0,1.0,22,Unfurnished,Apartment,7.7,3.2,8.0,6,9.0,4,6563,14259000
Vijayawada,Benz Circle,2,898,2.0,4,3,1.0,1.0,23,Semi-Furnished,Independent House,7.0,12.0,4.0,0,1.0,10,3722,4066000
Visakhapatnam,Seethammadhara,2,1514,3.0,2,1,2.0,2.0,33,Unfurnished,Apartment,11.8,2.3,9.0,2,10.0,9,7438,8395000
Pune,Hinjewadi,4,2149,5.0,7,3,1.0,1.0,18,Fully-Furnished,Apartment,11.6,3.5,5.0,1,10.0,1,9053,19994000
Ahmedabad,Satellite,4,2287,4.0,2,1,2.0,1.0,10,Semi-Furnished,Apartment,3.1,4.3,3.0,3,5.0,2,10010,15413000
Pune,Viman Nagar,2,1459,1.0,3,1,0.0,0.0,14,Fully-Furnished,Apartment,3.5,3.6,7.0,5,5.0,6,7568,13683000
Chennai,Anna Nagar,3,2159,3.0,4,1,2.0,0.0,29,Unfurnished,Independent House,15.7,1.7,9.0,7,7.0,5,8799,15167000
Ahmedabad,Prahlad Nagar,2,1267,3.0,4,1,0.0,1.0,7,Unfurnished,Independent House,10.0,0.8,1.0,5,4.0,9,3485,9148000
Delhi,Mayur Vihar,3,1511,2.0,15,14,1.0,1.0,32,Fully-Furnished,Villa,7.6,0.8,0.0,4,6.0,2,8512,13329000
Delhi,Mayur Vihar,2,1329,2.0,15,6,2.0,1.0,38,Fully-Furnished,Apartment,11.4,4.6,3.0,4,3.0,7,4664,12603000
Kolkata,Behala,3,1802,3.0,8,1,2.0,1.0,34,Unfurnished,Villa,9.4,4.9,8.0,1,3.0,8,8395,9855000
Bengaluru,Electronic City,3,1806,3.0,2,1,1.0,2.0,29,Fully-Furnished,Apartment,6.4,1.7,8.0,5,5.0,6,4803,18211000
Visakhapatnam,MVP Colony,2,1270,2.0,8,2,2.0,2.0,11,Semi-Furnished,Apartment,1.3,3.7,4.0,7,4.0,10,5266,8124000
Bengaluru,Yelahanka,2,941,3.0,8,8,0.0,1.0,33,Unfurnished,Apartment,11.7,3.7,10.0,2,5.0,6,4133,8903000
Pune,Hadapsar,2,873,2.0,5,3,3.0,2.0,26,Unfurnished,Apartment,3.4,3.8,8.0,6,5.0,6,4304,7278000
Hyderabad,Banjara Hills,2,1081,2.0,5,3,1.0,1.0,29,Fully-Furnished,Independent House,9.1,2.7,5.0,0,7.0,4,3643,8247000
Delhi,Pitampura,3,1662,3.0,10,2,2.0,1.0,36,Semi-Furnished,Apartment,3.8,8.3,2.0,2,10.0,8,9805,16080000
Pune,Baner,2,1343,2.0,8,8,2.0,1.0,27,Unfurnished,Independent House,3.9,3.4,8.0,5,3.0,10,2789,10281000
Vijayawada,Governorpet,4,2148,4.0,7,5,1.0,1.0,28,Semi-Furnished,Apartment,6.2,3.6,1.0,5,5.0,10,8533,11675000
Mumbai,Borivali,1,1299,1.0,5,4,2.0,0.0,12,Semi-Furnished,Apartment,5.5,1.1,10.0,1,5.0,2,5481,22093000
Hyderabad,Banjara Hills,4,2344,4.0,8,4,1.0,2.0,16,Fully-Furnished,Apartment,10.7,1.9,6.0,5,1.0,7,13002,18479000
Visakhapatnam,Gajuwaka,3,2133,2.0,10,2,1.0,1.0,17,Fully-Furnished,Independent House,0.7,4.0,10.0,2,10.0,9,12429,14256000
Pune,Viman Nagar,1,1050,1.0,15,1,0.0,1.0,8,Semi-Furnished,Independent House,6.0,1.2,10.0,1,10.0,4,5500,9693000
Ahmedabad,Vastrapur,2,1231,2.0,10,7,1.0,1.0,28,Fully-Furnished,Apartment,11.2,7.4,9.0,6,9.0,5,3044,8759000
Hyderabad,Miyapur,4,2587,4.0,6,6,2.0,0.0,36,Unfurnished,Apartment,2.3,0.2,8.0,2,8.0,4,14826,16155000
Bengaluru,HSR Layout,2,1410,1.0,4,1,2.0,2.0,14,Semi-Furnished,Apartment,11.0,2.9,10.0,2,7.0,2,4877,13829000
Visakhapatnam,Dwaraka Nagar,5,2441,5.0,12,9,1.0,1.0,17,Semi-Furnished,Independent House,7.2,1.7,0.0,1,4.0,7,10289,14518000
Chennai,Anna Nagar,3,2350,2.0,12,1,1.0,1.0,37,Fully-Furnished,Apartment,14.5,1.1,6.0,7,1.0,4,6162,18042000
Hyderabad,Kondapur,2,1281,2.0,5,2,3.0,1.0,21,Semi-Furnished,Apartment,1.5,1.3,4.0,3,9.0,8,4617,9233000
Mumbai,Borivali,4,1950,5.0,12,8,2.0,0.0,36,Semi-Furnished,Apartment,3.1,15.0,7.0,4,1.0,2,5428,30444000
Mumbai,Navi Mumbai,2,1362,2.0,15,3,1.0,2.0,14,Unfurnished,Apartment,8.0,8.5,1.0,5,4.0,4,2836,21662000
Chennai,Adyar,1,933,1.0,3,1,1.0,3.0,10,Unfurnished,Apartment,1.4,4.5,10.0,2,3.0,5,2189,8204000
Chennai,T Nagar,1,1022,1.0,8,3,1.0,0.0,16,Semi-Furnished,Apartment,10.3,4.6,2.0,5,10.0,10,5910,9263000
Vijayawada,Patamata,4,2058,3.0,8,2,2.0,1.0,28,Unfurnished,Apartment,1.6,1.5,0.0,5,7.0,10,9659,9467000
Pune,Baner,4,1925,4.0,7,7,2.0,3.0,31,Unfurnished,Apartment,4.5,1.6,8.0,3,2.0,8,4538,15527000
Mumbai,Powai,2,1044,2.0,7,3,0.0,2.0,14,Fully-Furnished,Apartment,0.9,6.0,10.0,1,4.0,4,2567,17800000
Bengaluru,HSR Layout,4,2031,4.0,12,7,1.0,1.0,8,Unfurnished,Independent House,11.6,0.5,1.0,4,1.0,6,6406,17674000
Ahmedabad,Satellite,3,2075,3.0,15,11,2.0,2.0,5,Semi-Furnished,Apartment,8.8,4.6,8.0,4,7.0,9,6166,14814000
Bengaluru,Electronic City,5,2993,5.0,6,2,1.0,1.0,19,Semi-Furnished,Apartment,8.8,5.0,10.0,6,2.0,5,10075,27848000
Delhi,Rohini,4,2254,3.0,12,5,2.0,1.0,19,Fully-Furnished,Independent House,13.3,1.7,2.0,5,10.0,1,13202,23369000
Mumbai,Bandra,3,2207,4.0,7,6,3.0,1.0,19,Fully-Furnished,Apartment,3.8,5.4,0.0,5,3.0,2,5767,35606000
Vijayawada,Patamata,4,1821,3.0,3,1,1.0,1.0,10,Semi-Furnished,Apartment,11.5,7.9,7.0,6,9.0,5,5612,10492000
Chennai,Porur,3,1581,2.0,5,1,2.0,0.0,2,Semi-Furnished,Independent House,15.3,3.9,9.0,2,8.0,5,8757,13263000
Chennai,Velachery,3,1617,3.0,8,5,2.0,0.0,8,Fully-Furnished,Apartment,1.4,1.4,3.0,2,1.0,6,8060,13366000
Hyderabad,Madhapur,3,2205,3.0,4,2,3.0,2.0,35,Fully-Furnished,Apartment,2.6,11.0,6.0,7,5.0,7,5951,16613000
Bengaluru,Indiranagar,3,1945,2.0,2,1,1.0,1.0,26,Semi-Furnished,Independent House,19.1,7.8,10.0,0,1.0,9,8840,16775000
Visakhapatnam,Madhurawada,2,1147,2.0,12,7,1.0,1.0,12,Semi-Furnished,Apartment,6.7,3.7,7.0,6,10.0,4,4320,7934000
Chennai,Adyar,4,1732,3.0,6,2,1.0,1.0,28,Fully-Furnished,Independent House,14.8,2.5,7.0,4,9.0,9,9274,16300000
Ahmedabad,Bodakdev,2,1130,2.0,12,4,0.0,1.0,8,Semi-Furnished,Independent House,10.5,5.4,9.0,7,9.0,1,2841,8075000
Pune,Kharadi,4,2188,4.0,5,2,1.0,2.0,9,Unfurnished,Independent House,10.2,6.4,5.0,4,1.0,9,5135,17496000
Visakhapatnam,Seethammadhara,4,2335,4.0,3,3,1.0,0.0,24,Unfurnished,Independent House,3.4,1.9,3.0,3,9.0,9,9307,12562000
Visakhapatnam,Gajuwaka,3,1693,4.0,2,2,1.0,1.0,3,Unfurnished,Apartment,4.7,1.5,10.0,4,6.0,8,5560,10594000
Mumbai,Borivali,1,1077,1.0,2,2,1.0,0.0,31,Fully-Furnished,Apartment,18.7,3.0,9.0,6,5.0,6,6188,16814000
Vijayawada,Benz Circle,4,2415,4.0,4,1,1.0,1.0,5,Semi-Furnished,Apartment,3.5,1.0,3.0,6,3.0,4,11473,12802000
Hyderabad,Kukatpally,2,1147,1.0,3,3,1.0,2.0,5,Fully-Furnished,Apartment,7.2,3.5,3.0,5,10.0,2,3487,10487000
Vijayawada,Benz Circle,2,1343,2.0,8,2,2.0,0.0,14,Semi-Furnished,Apartment,9.4,7.3,5.0,7,5.0,4,7304,7402000
Mumbai,Bandra,4,2117,4.0,12,11,1.0,1.0,3,Unfurnished,Apartment,8.1,1.0,3.0,7,8.0,4,6676,33036000
Vijayawada,Gunadala,1,898,2.0,5,1,1.0,1.0,2,Fully-Furnished,Apartment,6.1,1.5,6.0,2,3.0,4,3614,6229000
Ahmedabad,Prahlad Nagar,3,2114,3.0,5,5,3.0,3.0,38,Semi-Furnished,Apartment,16.3,6.3,4.0,0,1.0,10,12449,13203000
Delhi,Pitampura,4,2050,3.0,10,9,2.0,2.0,39,Unfurnished,Apartment,7.9,2.2,3.0,1,7.0,9,11806,19206000
Hyderabad,Madhapur,3,1903,3.0,8,8,3.0,2.0,36,Semi-Furnished,Apartment,3.9,1.9,7.0,0,4.0,1,7046,13135000
Hyderabad,Kukatpally,2,1191,3.0,5,2,2.0,3.0,7,Fully-Furnished,Independent House,8.7,3.4,1.0,2,6.0,10,4890,10253000
Visakhapatnam,Madhurawada,1,1029,1.0,2,2,2.0,1.0,15,Unfurnished,Independent House,20.4,1.5,6.0,6,1.0,2,5877,4643000
Chennai,Porur,1,1186,2.0,5,1,0.0,2.0,21,Fully-Furnished,Apartment,3.6,4.7,2.0,1,8.0,8,6588,9581000
Chennai,Anna Nagar,4,2426,3.0,8,5,3.0,1.0,24,Unfurnished,Apartment,2.9,3.3,6.0,1,3.0,6,13844,16941000
Bengaluru,Yelahanka,3,1941,3.0,7,3,1.0,1.0,18,Semi-Furnished,Apartment,4.1,10.2,4.0,4,7.0,10,9414,19385000
Visakhapatnam,Gajuwaka,5,2879,5.0,12,5,1.0,0.0,6,Fully-Furnished,Apartment,12.7,2.8,10.0,7,2.0,4,8053,19032000
Bengaluru,HSR Layout,5,2337,4.0,6,2,1.0,2.0,2,Semi-Furnished,Independent House,3.8,2.7,3.0,4,2.0,10,9086,21992000
Ahmedabad,Satellite,5,2966,5.0,8,1,1.0,0.0,25,Semi-Furnished,Independent House,0.5,3.5,10.0,1,1.0,8,12710,18245000
Vijayawada,Poranki,1,648,2.0,3,1,1.0,1.0,19,Fully-Furnished,Apartment,20.3,2.5,5.0,0,7.0,7,1541,3303000
Bengaluru,Whitefield,3,1710,4.0,3,1,1.0,3.0,28,Unfurnished,Independent House,17.6,1.1,0.0,4,9.0,9,5906,14413000
Visakhapatnam,Madhurawada,2,1253,3.0,3,3,1.0,1.0,23,Semi-Furnished,Apartment,4.4,1.0,1.0,3,10.0,1,4665,8262000
Chennai,OMR,3,1560,3.0,10,6,1.0,1.0,34,Unfurnished,Apartment,14.2,1.7,5.0,2,3.0,9,3561,10114000
Hyderabad,Gachibowli,4,2071,4.0,7,3,3.0,2.0,23,Semi-Furnished,Independent House,3.9,3.8,2.0,3,5.0,1,8522,15151000
Visakhapatnam,Rushikonda,4,2148,3.0,15,3,2.0,1.0,1,Unfurnished,Independent House,7.9,3.5,2.0,6,10.0,3,11775,13247000
Bengaluru,HSR Layout,3,2057,2.0,3,1,2.0,2.0,1,Semi-Furnished,Apartment,4.0,3.0,9.0,3,1.0,3,10641,20737000
Ahmedabad,Prahlad Nagar,3,2167,2.0,10,10,1.0,1.0,7,Semi-Furnished,Apartment,3.1,3.2,7.0,6,7.0,9,6719,16624000
Hyderabad,Gachibowli,3,2124,2.0,4,1,2.0,2.0,0,Semi-Furnished,Independent House,16.2,4.4,9.0,6,6.0,5,10362,16285000
Ahmedabad,Maninagar,1,914,1.0,12,4,1.0,1.0,25,Fully-Furnished,Villa,11.9,2.3,3.0,7,7.0,9,4887,6409000
Ahmedabad,Prahlad Nagar,2,1681,3.0,3,1,1.0,1.0,36,Semi-Furnished,Independent House,1.9,4.3,9.0,1,10.0,10,5543,11930000
Mumbai,Navi Mumbai,1,1102,1.0,2,1,1.0,1.0,20,Fully-Furnished,Apartment,6.6,1.7,3.0,5,2.0,9,2218,18090000
Delhi,Rohini,5,2548,5.0,5,5,1.0,1.0,0,Unfurnished,Independent House,8.5,3.0,10.0,0,10.0,4,12517,24670000
Pune,Hinjewadi,2,1398,1.0,2,1,2.0,2.0,38,Semi-Furnished,Apartment,20.9,4.7,4.0,1,9.0,5,6001,11379000
Kolkata,Rajarhat,1,671,1.0,7,6,1.0,1.0,37,Unfurnished,Independent House,3.8,2.6,10.0,1,8.0,8,1472,2961000
Ahmedabad,Chandkheda,4,2047,4.0,12,11,1.0,1.0,7,Semi-Furnished,Apartment,3.4,2.4,8.0,7,5.0,6,11769,15099000
Kolkata,Behala,3,1963,4.0,4,1,2.0,1.0,40,Semi-Furnished,Apartment,5.6,1.7,8.0,5,5.0,5,9132,11198000
Pune,Hadapsar,1,1132,1.0,5,3,2.0,2.0,28,Semi-Furnished,Apartment,3.8,0.9,3.0,6,3.0,2,6262,8566000
Ahmedabad,Satellite,4,2285,4.0,7,2,1.0,3.0,23,Semi-Furnished,Independent House,13.6,0.6,2.0,6,3.0,10,8935,15744000
Bengaluru,Electronic City,4,2352,4.0,3,1,2.0,1.0,38,Fully-Furnished,Apartment,12.1,0.8,4.0,5,6.0,2,4706,21991000
Pune,Hadapsar,4,2090,5.0,7,1,2.0,1.0,26,Semi-Furnished,Villa,9.0,2.2,0.0,1,1.0,7,7175,17412000
Visakhapatnam,Rushikonda,2,1548,2.0,2,2,1.0,1.0,36,Semi-Furnished,Apartment,15.1,1.0,6.0,1,7.0,2,8567,6207000
Pune,Kharadi,3,1559,3.0,5,3,1.0,1.0,29,Fully-Furnished,Villa,4.9,8.0,6.0,0,8.0,10,7425,13099000
Ahmedabad,Vastrapur,4,2256,4.0,10,6,1.0,1.0,15,Semi-Furnished,Villa,6.3,3.7,6.0,6,2.0,8,5819,15640000
Visakhapatnam,Madhurawada,4,2497,3.0,6,4,1.0,2.0,28,Semi-Furnished,Independent House,1.6,2.4,5.0,3,5.0,2,8051,13455000
Ahmedabad,Chandkheda,3,1698,2.0,4,1,2.0,3.0,10,Semi-Furnished,Apartment,2.1,0.7,6.0,4,7.0,1,5068,13749000
Vijayawada,Poranki,2,1651,2.0,12,6,1.0,2.0,14,Fully-Furnished,Apartment,2.9,0.9,8.0,2,2.0,1,4712,9273000
Hyderabad,Kukatpally,2,1182,1.0,2,1,2.0,1.0,38,Unfurnished,Apartment,2.1,3.6,8.0,4,2.0,2,4752,5886000
Visakhapatnam,Gajuwaka,2,1535,3.0,8,7,1.0,1.0,38,Unfurnished,Apartment,1.6,2.0,2.0,3,10.0,10,6992,8837000
Hyderabad,Kondapur,2,1360,3.0,10,5,0.0,1.0,19,Unfurnished,Apartment,4.4,4.9,10.0,0,4.0,4,4783,9449000
Visakhapatnam,MVP Colony,1,889,1.0,4,2,1.0,0.0,21,Fully-Furnished,Apartment,3.5,4.3,9.0,6,8.0,2,2383,6011000
Mumbai,Borivali,2,1071,3.0,8,2,3.0,2.0,40,Fully-Furnished,Apartment,8.9,1.6,2.0,4,3.0,6,5050,17641000
Vijayawada,Benz Circle,4,2525,3.0,3,2,1.0,2.0,6,Fully-Furnished,Apartment,4.4,6.0,3.0,4,1.0,7,9434,15443000
Bengaluru,Electronic City,3,1830,3.0,3,1,1.0,2.0,22,Fully-Furnished,Apartment,13.2,5.7,5.0,5,9.0,4,9338,17806000
Vijayawada,Moghalrajpuram,3,1946,3.0,8,7,1.0,2.0,23,Unfurnished,Apartment,3.4,2.4,9.0,0,8.0,7,10647,9595000
Hyderabad,Kukatpally,4,1941,5.0,4,1,1.0,1.0,20,Fully-Furnished,Apartment,2.8,2.1,3.0,1,8.0,6,10579,16220000
Chennai,OMR,3,2080,3.0,2,1,1.0,1.0,24,Fully-Furnished,Apartment,16.7,3.2,7.0,4,10.0,6,7116,17481000
Bengaluru,Whitefield,4,2160,3.0,10,4,1.0,2.0,21,Fully-Furnished,Apartment,17.5,2.5,3.0,1,6.0,8,10014,20613000
Kolkata,Dum Dum,3,1687,4.0,6,5,2.0,2.0,23,Unfurnished,Villa,14.2,2.6,9.0,4,4.0,6,9905,10110000
Chennai,Velachery,2,995,2.0,6,3,0.0,2.0,37,Unfurnished,Apartment,3.3,4.1,0.0,3,10.0,3,5797,6325000
Hyderabad,Kukatpally,3,1941,3.0,15,13,1.0,2.0,20,Unfurnished,Apartment,10.7,2.2,0.0,3,1.0,6,11237,13224000
Vijayawada,Benz Circle,3,1852,3.0,3,2,3.0,1.0,12,Fully-Furnished,Apartment,8.3,0.5,2.0,3,6.0,4,4581,9779000
Bengaluru,Koramangala,4,2181,3.0,4,3,1.0,0.0,11,Semi-Furnished,Villa,2.3,0.9,10.0,3,1.0,9,11568,20808000
Visakhapatnam,Gajuwaka,1,966,1.0,3,1,2.0,1.0,22,Fully-Furnished,Independent House,10.5,0.5,3.0,0,9.0,4,3924,5783000
Ahmedabad,Prahlad Nagar,3,1769,4.0,6,3,1.0,3.0,14,Fully-Furnished,Apartment,10.3,4.3,4.0,4,7.0,3,9853,13602000
Chennai,Adyar,2,1428,3.0,15,2,3.0,2.0,14,Semi-Furnished,Apartment,7.2,1.0,6.0,3,5.0,2,4865,11234000
Chennai,Porur,3,1757,3.0,2,2,2.0,1.0,16,Unfurnished,Villa,2.7,2.0,1.0,6,7.0,1,9355,12140000
Vijayawada,Benz Circle,4,2456,4.0,3,1,1.0,2.0,11,Semi-Furnished,Independent House,7.1,2.1,1.0,3,10.0,7,9971,13080000
Mumbai,Borivali,2,1418,3.0,2,1,3.0,1.0,17,Unfurnished,Apartment,8.2,0.6,4.0,1,1.0,2,4163,21299000
Chennai,T Nagar,2,1104,1.0,15,6,1.0,0.0,25,Unfurnished,Villa,12.4,2.0,9.0,1,3.0,4,4331,7586000
Delhi,Rohini,3,1648,2.0,15,8,1.0,0.0,13,Semi-Furnished,Independent House,6.6,1.1,7.0,6,8.0,5,4039,16702000
Bengaluru,Indiranagar,2,1538,3.0,2,1,2.0,1.0,29,Fully-Furnished,Villa,1.0,1.2,4.0,6,4.0,3,3718,15093000
Hyderabad,Kukatpally,3,1540,4.0,5,2,2.0,1.0,3,Semi-Furnished,Apartment,4.5,6.0,5.0,5,7.0,8,5239,12054000
Visakhapatnam,Seethammadhara,3,1593,3.0,12,5,2.0,2.0,39,Semi-Furnished,Apartment,5.0,13.1,7.0,2,2.0,1,5874,7187000
Visakhapatnam,MVP Colony,3,1587,2.0,15,4,1.0,1.0,35,Semi-Furnished,Villa,12.3,0.4,6.0,1,10.0,3,7802,8875000
Bengaluru,HSR Layout,3,1819,3.0,8,2,0.0,1.0,30,Semi-Furnished,Independent House,6.6,0.6,2.0,0,10.0,10,7724,17062000
Visakhapatnam,Madhurawada,3,1811,4.0,6,2,0.0,2.0,13,Unfurnished,Apartment,11.0,1.2,7.0,0,4.0,2,8365,8518000
Kolkata,Dum Dum,2,1284,1.0,8,1,1.0,3.0,16,Unfurnished,Independent House,3.0,1.7,9.0,4,7.0,10,2946,7510000
Ahmedabad,Bodakdev,4,2193,5.0,5,1,3.0,0.0,20,Semi-Furnished,Apartment,9.6,2.7,8.0,2,9.0,7,5460,14971000
Ahmedabad,Vastrapur,3,1717,2.0,5,2,2.0,2.0,16,Fully-Furnished,Apartment,5.3,0.5,5.0,4,4.0,10,3914,12661000
Vijayawada,Gunadala,3,2045,4.0,15,8,1.0,1.0,12,Unfurnished,Apartment,8.3,2.4,3.0,7,9.0,9,5390,10490000
Hyderabad,Banjara Hills,3,1803,2.0,15,4,3.0,2.0,6,Semi-Furnished,Apartment,11.0,5.9,6.0,1,1.0,3,7284,12933000
Mumbai,Bandra,3,1810,3.0,6,6,3.0,2.0,13,Semi-Furnished,Apartment,5.6,8.6,5.0,5,2.0,1,5051,29389000
Mumbai,Borivali,2,1219,1.0,4,3,2.0,2.0,18,Unfurnished,Independent House,7.0,0.9,2.0,1,5.0,7,2880,17635000
Ahmedabad,Satellite,2,1594,1.0,8,2,1.0,0.0,4,Semi-Furnished,Independent House,6.0,2.7,3.0,3,1.0,6,4071,10364000
Bengaluru,Indiranagar,2,922,2.0,5,3,1.0,1.0,22,Semi-Furnished,Apartment,1.6,4.0,3.0,4,8.0,3,4390,9182000
Ahmedabad,Chandkheda,5,2414,4.0,4,3,1.0,1.0,38,Semi-Furnished,Apartment,2.0,3.7,0.0,5,10.0,5,13400,16870000
Ahmedabad,Vastrapur,2,1071,2.0,7,4,1.0,2.0,6,Fully-Furnished,Apartment,9.9,4.9,2.0,3,8.0,6,3105,8391000
Hyderabad,Kukatpally,5,2487,6.0,4,4,2.0,1.0,28,Fully-Furnished,Apartment,14.8,5.5,0.0,4,3.0,2,10144,17373000
Mumbai,Andheri,5,2623,5.0,10,6,2.0,3.0,16,Semi-Furnished,Independent House,1.9,4.6,8.0,4,8.0,4,6148,43244000
Ahmedabad,Prahlad Nagar,2,1324,3.0,2,2,2.0,1.0,20,Fully-Furnished,Apartment,7.6,11.7,8.0,1,,1,6322,10004000
Ahmedabad,Prahlad Nagar,2,1554,1.0,4,3,3.0,1.0,27,Unfurnished,Apartment,2.0,0.3,5.0,1,5.0,4,8757,10721000
Mumbai,Navi Mumbai,2,1533,3.0,4,3,1.0,2.0,26,Semi-Furnished,Apartment,6.2,1.7,8.0,7,4.0,7,8317,24607000
Delhi,Saket,2,1178,1.0,15,12,0.0,3.0,29,Unfurnished,Apartment,11.2,6.4,10.0,1,4.0,9,3033,10899000
Vijayawada,Moghalrajpuram,3,1587,3.0,12,10,3.0,1.0,38,Fully-Furnished,Apartment,2.5,6.4,9.0,3,9.0,7,7963,9792000
Ahmedabad,Chandkheda,1,989,1.0,2,1,1.0,3.0,5,Semi-Furnished,Villa,9.7,3.5,6.0,6,10.0,10,2471,7791000
Hyderabad,Gachibowli,3,1847,2.0,7,7,1.0,2.0,21,Unfurnished,Independent House,3.5,3.6,7.0,7,9.0,3,4841,14403000
Hyderabad,Banjara Hills,2,1179,3.0,6,2,1.0,2.0,6,Fully-Furnished,Apartment,10.1,1.8,8.0,6,2.0,5,5876,10261000
Delhi,Saket,1,1235,1.0,15,4,1.0,1.0,17,Unfurnished,Apartment,6.1,5.7,0.0,0,3.0,2,7284,11518000
Ahmedabad,Satellite,3,1730,2.0,6,6,1.0,1.0,8,Fully-Furnished,Apartment,9.3,0.9,2.0,2,2.0,3,3691,12953000
Pune,Hadapsar,3,1779,2.0,2,2,1.0,2.0,0,Unfurnished,Apartment,12.3,0.7,6.0,0,4.0,3,10289,14040000
Kolkata,Ballygunge,3,2086,4.0,6,2,3.0,3.0,12,Semi-Furnished,Independent House,7.3,6.7,0.0,0,,1,8969,12689000
Ahmedabad,Vastrapur,2,1149,1.0,5,4,1.0,1.0,21,Semi-Furnished,Independent House,16.0,5.2,9.0,5,4.0,6,5784,6932000
Kolkata,Ballygunge,2,1252,1.0,4,1,0.0,1.0,24,Semi-Furnished,Apartment,4.1,2.7,1.0,6,2.0,9,5994,7323000
Bengaluru,HSR Layout,3,1578,3.0,4,2,2.0,2.0,16,Fully-Furnished,Independent House,6.5,3.5,7.0,6,8.0,9,3810,16424000
Delhi,Mayur Vihar,3,1999,3.0,2,1,2.0,2.0,4,Semi-Furnished,Independent House,14.9,5.5,0.0,1,7.0,5,7142,19052000
Chennai,Porur,3,1593,3.0,12,1,2.0,2.0,14,Unfurnished,Independent House,4.2,5.5,6.0,0,5.0,7,8489,12802000
Delhi,Dwarka,3,1601,3.0,7,6,1.0,2.0,22,Fully-Furnished,Apartment,4.4,0.8,2.0,2,1.0,10,5589,17686000
Mumbai,Borivali,2,1334,2.0,8,7,1.0,2.0,39,Unfurnished,Apartment,2.1,0.6,2.0,7,4.0,5,5084,19269000
Vijayawada,Poranki,4,2142,3.0,6,5,1.0,2.0,33,Semi-Furnished,Apartment,8.3,3.4,2.0,0,1.0,8,6263,9708000
Mumbai,Thane,3,1852,4.0,7,4,1.0,2.0,6,Semi-Furnished,Apartment,2.3,2.5,4.0,5,10.0,8,3985,31086000
Chennai,OMR,5,2555,4.0,6,3,0.0,1.0,11,Semi-Furnished,Independent House,4.2,4.1,1.0,6,2.0,1,8593,19745000
Visakhapatnam,Seethammadhara,2,1079,1.0,2,1,2.0,2.0,38,Semi-Furnished,Apartment,5.6,5.4,5.0,1,4.0,1,6374,4368000
Kolkata,New Town,3,2056,3.0,4,3,2.0,1.0,34,Semi-Furnished,Apartment,7.2,1.3,6.0,3,7.0,4,8150,14013000
Ahmedabad,Vastrapur,3,1728,3.0,15,1,1.0,2.0,5,Semi-Furnished,Apartment,0.5,3.8,5.0,6,3.0,5,5608,12911000
Delhi,Pitampura,2,1200,2.0,12,12,1.0,2.0,22,Semi-Furnished,Apartment,9.3,3.4,9.0,7,9.0,7,4499,12448000
Visakhapatnam,MVP Colony,5,2669,5.0,12,8,2.0,2.0,1,Semi-Furnished,Independent House,4.4,2.9,7.0,0,9.0,4,14983,17777000
Kolkata,Dum Dum,4,2307,3.0,15,5,2.0,1.0,32,Unfurnished,Apartment,1.4,2.4,9.0,0,8.0,6,7972,13526000
Ahmedabad,Maninagar,4,2378,4.0,12,2,2.0,1.0,14,Fully-Furnished,Apartment,13.0,3.2,1.0,1,7.0,9,9110,16668000
Vijayawada,Governorpet,2,1763,2.0,15,8,2.0,1.0,20,Semi-Furnished,Apartment,6.3,1.3,5.0,5,2.0,4,7744,7986000
Delhi,Rohini,2,1245,1.0,12,8,1.0,1.0,29,Fully-Furnished,Villa,4.5,0.8,8.0,0,6.0,1,6137,12770000
Mumbai,Powai,4,1909,3.0,7,2,2.0,1.0,3,Semi-Furnished,Apartment,3.9,2.1,4.0,0,7.0,7,11179,32253000
Kolkata,Rajarhat,3,1778,2.0,15,10,2.0,0.0,19,Semi-Furnished,Apartment,3.2,2.4,0.0,4,4.0,10,4359,11721000
Chennai,Adyar,2,1514,1.0,8,1,0.0,2.0,23,Unfurnished,Apartment,7.2,6.4,7.0,5,1.0,2,5131,11095000
Chennai,OMR,3,1910,2.0,12,1,1.0,2.0,19,Fully-Furnished,Villa,6.0,1.4,1.0,4,1.0,6,6177,15214000
Delhi,Vasant Kunj,2,1371,1.0,10,10,1.0,2.0,16,Unfurnished,Independent House,1.8,3.6,9.0,4,5.0,7,6106,13246000
Visakhapatnam,Rushikonda,3,1607,4.0,3,1,1.0,2.0,8,Semi-Furnished,Apartment,7.5,7.1,2.0,0,9.0,7,3524,9617000
Chennai,Anna Nagar,3,1475,4.0,5,2,2.0,2.0,31,Unfurnished,Apartment,10.5,2.0,8.0,0,10.0,10,3066,10280000
Hyderabad,Banjara Hills,2,1762,2.0,12,5,3.0,1.0,20,Unfurnished,Apartment,10.7,2.4,6.0,7,9.0,2,4544,12089000
Pune,Kharadi,4,2330,4.0,3,1,3.0,0.0,39,Fully-Furnished,Villa,9.1,2.5,9.0,4,2.0,6,11070,21322000
Mumbai,Borivali,2,1604,2.0,7,1,2.0,2.0,23,Semi-Furnished,Apartment,4.5,1.0,5.0,0,1.0,10,8812,26290000
Delhi,Rohini,2,1432,2.0,12,8,1.0,1.0,23,Fully-Furnished,Apartment,8.6,1.8,1.0,1,7.0,6,8074,15359000
Delhi,Vasant Kunj,1,1103,2.0,6,1,2.0,1.0,0,Fully-Furnished,Apartment,3.8,0.6,7.0,7,9.0,8,5533,13905000
Bengaluru,Koramangala,5,2221,5.0,5,3,1.0,3.0,24,Unfurnished,Apartment,4.0,3.7,7.0,4,9.0,8,5771,21135000
Bengaluru,HSR Layout,2,1247,3.0,6,3,2.0,1.0,9,Semi-Furnished,Apartment,8.3,2.4,3.0,3,8.0,8,5457,13080000
Pune,Hinjewadi,3,2044,4.0,2,1,1.0,3.0,33,Unfurnished,Apartment,10.6,2.3,0.0,1,7.0,4,10354,14945000
Hyderabad,Kondapur,5,2358,5.0,10,5,1.0,2.0,2,Semi-Furnished,Apartment,3.9,5.8,6.0,4,1.0,10,13931,19092000
Kolkata,Rajarhat,2,1391,1.0,5,5,2.0,3.0,7,Semi-Furnished,Apartment,1.7,2.3,1.0,4,3.0,5,6386,8555000
Vijayawada,Poranki,4,1901,4.0,7,4,2.0,0.0,28,Semi-Furnished,Independent House,5.8,3.8,8.0,7,7.0,3,10621,10319000
Visakhapatnam,Gajuwaka,2,1533,2.0,6,4,2.0,3.0,24,Semi-Furnished,Apartment,1.7,2.4,1.0,1,5.0,10,5501,9752000
Kolkata,New Town,3,1820,2.0,3,1,1.0,1.0,17,Semi-Furnished,Independent House,20.3,1.1,6.0,3,3.0,4,7616,11689000
Mumbai,Navi Mumbai,1,1151,1.0,4,4,1.0,2.0,1,Semi-Furnished,Villa,12.0,4.1,1.0,3,4.0,10,3207,19220000
Mumbai,Navi Mumbai,4,2314,3.0,10,2,1.0,2.0,29,Semi-Furnished,Independent House,1.8,1.1,7.0,3,9.0,3,9283,37572000
Mumbai,Borivali,2,1340,3.0,5,2,3.0,3.0,30,Unfurnished,Apartment,2.2,1.0,7.0,6,8.0,6,5620,20231000
Pune,Baner,1,846,2.0,15,5,2.0,1.0,7,Semi-Furnished,Independent House,6.9,3.6,1.0,2,9.0,5,2156,8132000
Chennai,Velachery,4,1981,4.0,7,3,2.0,1.0,19,Fully-Furnished,Apartment,6.5,1.1,5.0,5,2.0,10,6597,17410000
Vijayawada,Patamata,3,1637,2.0,7,5,1.0,1.0,13,Fully-Furnished,Apartment,6.1,6.4,9.0,5,2.0,2,7220,9873000
Mumbai,Borivali,1,1409,1.0,4,4,1.0,1.0,10,Unfurnished,Villa,7.2,3.2,5.0,3,1.0,10,4070,20994000
Vijayawada,Patamata,3,1993,3.0,8,4,1.0,3.0,17,Unfurnished,Independent House,3.6,1.3,1.0,7,2.0,7,5740,9517000
Visakhapatnam,Dwaraka Nagar,3,1171,3.0,2,2,1.0,1.0,22,Fully-Furnished,Apartment,0.9,3.1,10.0,5,10.0,7,6141,8570000
Chennai,Adyar,2,1618,3.0,8,5,2.0,3.0,38,Fully-Furnished,Apartment,1.3,3.0,9.0,6,4.0,9,5373,12777000
Delhi,Vasant Kunj,4,2031,4.0,4,4,1.0,1.0,1,Semi-Furnished,Independent House,3.1,0.7,0.0,0,2.0,2,10791,20139000
Ahmedabad,Prahlad Nagar,5,2737,4.0,12,12,3.0,1.0,24,Fully-Furnished,Apartment,5.8,0.4,8.0,6,5.0,5,14159,20104000
Hyderabad,Madhapur,4,2036,4.0,6,6,1.0,2.0,29,Fully-Furnished,Independent House,4.7,,1.0,0,3.0,3,11379,14430000
Ahmedabad,Bodakdev,4,2376,5.0,2,1,2.0,2.0,5,Semi-Furnished,Independent House,2.0,2.0,8.0,5,10.0,9,10735,18280000
Visakhapatnam,Dwaraka Nagar,2,1797,2.0,12,11,1.0,3.0,33,Semi-Furnished,Apartment,25.0,3.9,3.0,3,2.0,4,5788,9419000
Chennai,Adyar,2,1565,1.0,7,3,1.0,2.0,24,,Apartment,8.7,1.5,9.0,3,5.0,9,4391,13124000
Pune,Hadapsar,3,1797,4.0,7,3,1.0,2.0,24,Semi-Furnished,Independent House,1.5,3.9,1.0,0,4.0,5,9936,16185000
Pune,Kharadi,3,2267,3.0,6,3,1.0,1.0,29,Semi-Furnished,Independent House,9.8,3.8,6.0,3,6.0,6,5772,17615000
Vijayawada,Governorpet,3,1689,3.0,12,1,2.0,1.0,2,Semi-Furnished,Independent House,0.9,1.7,6.0,7,10.0,4,3529,12326000
Hyderabad,Gachibowli,3,1765,3.0,8,7,1.0,1.0,5,Semi-Furnished,Apartment,6.2,6.2,9.0,4,4.0,10,5108,14210000
Kolkata,Behala,3,1769,2.0,2,2,2.0,0.0,35,Unfurnished,Apartment,7.6,0.6,3.0,5,3.0,4,8897,10096000
Delhi,Pitampura,2,1344,2.0,2,2,1.0,1.0,31,Semi-Furnished,Apartment,11.3,6.0,2.0,5,9.0,7,3942,12116000
Pune,Hadapsar,2,1404,3.0,12,10,2.0,1.0,22,Semi-Furnished,Independent House,2.1,3.4,5.0,6,6.0,6,4972,12146000
Kolkata,New Town,3,2004,3.0,10,9,0.0,1.0,15,Semi-Furnished,Apartment,9.7,0.2,9.0,7,3.0,2,4975,13090000
Delhi,Rohini,3,1876,4.0,15,14,2.0,1.0,21,Semi-Furnished,Independent House,5.4,2.7,8.0,5,10.0,2,5408,18746000
Mumbai,Bandra,3,1911,4.0,8,7,1.0,2.0,1,Unfurnished,Apartment,6.3,9.6,7.0,6,10.0,5,10896,30494000
Hyderabad,Gachibowli,3,1733,4.0,3,2,1.0,1.0,0,Unfurnished,Apartment,2.4,4.5,0.0,4,6.0,2,9785,12703000
Delhi,Dwarka,2,1414,3.0,10,1,1.0,2.0,29,Semi-Furnished,Apartment,2.1,4.8,4.0,2,5.0,8,7703,12631000
Ahmedabad,Vastrapur,3,2037,4.0,5,5,1.0,1.0,24,Semi-Furnished,Apartment,12.5,1.1,6.0,5,8.0,6,7312,13820000
Delhi,Rohini,3,2061,4.0,7,4,1.0,1.0,34,Semi-Furnished,Apartment,9.5,3.0,0.0,4,3.0,8,5417,21070000
Chennai,Adyar,2,1209,3.0,7,2,0.0,2.0,10,Semi-Furnished,Villa,8.5,7.8,5.0,2,2.0,5,4658,8394000
Pune,Hinjewadi,2,1294,2.0,4,1,1.0,2.0,38,Semi-Furnished,Apartment,2.3,5.6,8.0,7,8.0,10,5492,10159000
Ahmedabad,Maninagar,3,1731,3.0,12,9,2.0,0.0,17,Semi-Furnished,Villa,9.9,2.4,5.0,5,1.0,5,9263,12427000
Hyderabad,Madhapur,1,1032,1.0,15,12,1.0,1.0,34,Fully-Furnished,Apartment,3.7,2.0,8.0,4,3.0,7,6111,9136000
Vijayawada,Gunadala,3,1839,3.0,6,6,1.0,1.0,16,Semi-Furnished,Apartment,7.2,3.9,9.0,4,8.0,1,5565,9831000
Delhi,Saket,1,890,2.0,10,7,0.0,3.0,14,Semi-Furnished,Independent House,16.6,1.1,6.0,0,3.0,5,4170,10501000
Mumbai,Borivali,2,799,1.0,15,14,1.0,2.0,23,Unfurnished,Apartment,7.9,10.6,3.0,5,8.0,9,3152,13117000
Pune,Wakad,4,2320,4.0,6,2,2.0,3.0,38,Semi-Furnished,Apartment,18.1,6.2,5.0,2,8.0,10,11127,18700000
Chennai,T Nagar,2,923,2.0,6,4,2.0,2.0,32,Fully-Furnished,Independent House,5.8,3.3,2.0,7,10.0,4,2930,8629000
Kolkata,Dum Dum,5,2397,4.0,6,4,1.0,1.0,36,Fully-Furnished,Apartment,2.5,4.1,3.0,3,5.0,7,14166,16091000
Bengaluru,Indiranagar,3,1608,2.0,10,1,1.0,2.0,25,Semi-Furnished,Villa,6.6,2.5,7.0,4,4.0,2,8467,14922000
Delhi,Vasant Kunj,3,1570,4.0,10,6,0.0,2.0,25,Semi-Furnished,Independent House,5.2,1.5,2.0,2,10.0,9,5302,14287000
Chennai,Velachery,2,1436,3.0,4,3,1.0,1.0,24,Unfurnished,Apartment,9.4,0.4,5.0,7,10.0,10,4899,10990000
Delhi,Vasant Kunj,1,921,2.0,15,6,0.0,3.0,17,Semi-Furnished,Apartment,1.8,4.1,2.0,3,10.0,9,2785,10223000
Visakhapatnam,MVP Colony,2,1514,2.0,3,3,2.0,2.0,33,Semi-Furnished,Apartment,5.4,2.8,0.0,2,3.0,5,4383,7141000
Bengaluru,HSR Layout,3,1863,3.0,15,9,3.0,1.0,24,Unfurnished,Apartment,10.4,2.8,0.0,0,5.0,1,7960,16516000
Ahmedabad,Satellite,3,1891,3.0,7,5,2.0,2.0,19,Fully-Furnished,Apartment,11.3,1.0,3.0,0,8.0,10,10660,14468000
Visakhapatnam,MVP Colony,4,2206,5.0,15,12,1.0,1.0,5,Unfurnished,Apartment,2.6,1.9,8.0,1,1.0,10,12669,12774000
Mumbai,Powai,5,2658,4.0,5,3,1.0,1.0,3,Semi-Furnished,Apartment,5.9,0.7,3.0,6,2.0,8,10702,43136000
Ahmedabad,Chandkheda,3,2025,2.0,5,2,2.0,2.0,29,Fully-Furnished,Villa,3.0,3.3,10.0,0,10.0,6,8571,15938000
Chennai,OMR,2,1255,1.0,10,10,3.0,2.0,12,Unfurnished,Apartment,9.7,2.1,2.0,5,1.0,5,6429,9287000
Ahmedabad,Chandkheda,2,1222,3.0,15,8,2.0,1.0,36,Semi-Furnished,Apartment,8.4,7.3,1.0,7,10.0,7,5521,6974000
Hyderabad,Gachibowli,2,1500,3.0,4,4,2.0,2.0,11,Unfurnished,Apartment,1.9,1.0,5.0,2,10.0,6,7101,11681000
Pune,Viman Nagar,3,1704,3.0,15,1,2.0,1.0,5,Fully-Furnished,Apartment,7.7,2.8,3.0,7,8.0,2,4195,15339000
Mumbai,Navi Mumbai,2,1091,1.0,4,2,2.0,3.0,34,Semi-Furnished,Independent House,12.5,5.2,10.0,0,6.0,1,3491,15920000
Mumbai,Borivali,4,2142,3.0,15,9,1.0,1.0,18,Fully-Furnished,Apartment,5.6,1.5,1.0,1,7.0,6,11826,36157000
Visakhapatnam,Madhurawada,1,883,2.0,8,5,1.0,2.0,8,Unfurnished,Independent House,3.5,5.5,9.0,4,7.0,1,2488,5332000
Vijayawada,Moghalrajpuram,4,2246,5.0,12,8,3.0,1.0,0,Fully-Furnished,Apartment,3.3,1.7,1.0,6,5.0,4,7060,14600000
Kolkata,Rajarhat,3,1521,2.0,5,4,1.0,3.0,15,Semi-Furnished,Villa,7.8,2.9,0.0,0,4.0,8,8151,10400000
Ahmedabad,Maninagar,2,1416,2.0,15,13,2.0,1.0,16,Semi-Furnished,Apartment,3.4,3.1,3.0,1,8.0,9,5872,10556000
Mumbai,Thane,3,1572,2.0,6,5,3.0,0.0,18,Unfurnished,Independent House,2.6,1.6,0.0,1,9.0,3,9170,24020000
Ahmedabad,Chandkheda,3,1591,2.0,2,2,1.0,2.0,4,Unfurnished,Apartment,3.7,3.4,4.0,6,5.0,5,7828,10663000
Hyderabad,Kondapur,3,2161,3.0,12,4,2.0,2.0,6,Semi-Furnished,Apartment,5.9,6.5,6.0,3,6.0,10,11386,16202000
Chennai,Anna Nagar,2,1382,2.0,6,6,1.0,2.0,39,Fully-Furnished,Independent House,6.2,0.2,1.0,0,9.0,9,5757,10804000
Kolkata,Rajarhat,3,1604,3.0,3,3,1.0,2.0,20,Semi-Furnished,Apartment,5.3,7.6,1.0,3,1.0,1,3860,8781000
Visakhapatnam,Madhurawada,4,1847,4.0,3,2,1.0,2.0,7,Unfurnished,Apartment,1.7,1.3,10.0,7,1.0,3,9242,11264000
Hyderabad,Kondapur,3,1645,3.0,6,6,1.0,1.0,27,Fully-Furnished,Villa,22.6,3.6,1.0,0,6.0,10,4699,12077000
Hyderabad,Banjara Hills,3,1697,3.0,10,3,0.0,3.0,32,Semi-Furnished,Apartment,14.3,4.6,1.0,4,1.0,9,8225,10251000
Delhi,Vasant Kunj,2,1280,2.0,4,3,1.0,2.0,4,Unfurnished,Apartment,5.4,1.8,6.0,0,8.0,7,3852,13276000
Visakhapatnam,Madhurawada,3,1879,4.0,6,3,3.0,1.0,4,Fully-Furnished,Apartment,11.7,1.9,8.0,7,4.0,3,8299,13611000
Mumbai,Navi Mumbai,2,805,3.0,4,3,2.0,2.0,6,Fully-Furnished,Independent House,2.1,7.9,5.0,4,1.0,6,4807,13998000
Hyderabad,Banjara Hills,2,1142,3.0,12,9,1.0,0.0,11,Semi-Furnished,Independent House,6.5,7.9,5.0,5,4.0,2,6105,7714000
Vijayawada,Patamata,3,1660,2.0,7,4,3.0,1.0,4,Semi-Furnished,Apartment,6.0,0.2,10.0,3,9.0,2,7948,10137000
Hyderabad,Madhapur,3,2112,4.0,12,10,1.0,1.0,23,Semi-Furnished,Apartment,8.3,1.2,9.0,0,8.0,1,11733,14962000
Bengaluru,Koramangala,1,1024,1.0,8,8,1.0,1.0,6,Semi-Furnished,Villa,1.3,3.9,8.0,1,6.0,7,5403,10468000
Ahmedabad,Satellite,2,1071,2.0,8,7,0.0,1.0,32,Semi-Furnished,Independent House,12.4,3.6,7.0,5,8.0,6,2861,7366000
Vijayawada,Governorpet,3,1793,3.0,15,7,2.0,1.0,12,Semi-Furnished,Independent House,12.5,0.6,1.0,3,10.0,5,4377,10357000
Pune,Wakad,4,2308,4.0,15,9,0.0,3.0,5,Fully-Furnished,Apartment,4.6,2.4,10.0,4,7.0,5,13429,21445000
Hyderabad,Kondapur,3,1570,3.0,15,14,3.0,2.0,22,Fully-Furnished,Apartment,11.1,3.4,4.0,5,6.0,7,8061,13037000
Mumbai,Borivali,3,1666,3.0,6,2,3.0,1.0,24,Semi-Furnished,Apartment,9.0,4.6,10.0,0,9.0,1,5584,26184000
Ahmedabad,Chandkheda,2,1627,1.0,6,1,2.0,0.0,16,Unfurnished,Independent House,8.1,2.9,10.0,7,1.0,10,3267,11743000
Kolkata,Rajarhat,2,1286,1.0,2,1,1.0,2.0,19,Semi-Furnished,Independent House,5.1,2.3,1.0,7,1.0,3,6807,6334000
Bengaluru,Whitefield,2,1172,2.0,4,4,2.0,0.0,1,Unfurnished,Independent House,2.2,0.9,8.0,5,8.0,6,6825,12109000
Hyderabad,Miyapur,4,2362,4.0,5,4,1.0,2.0,6,Semi-Furnished,Apartment,7.4,0.5,7.0,1,9.0,8,7592,19293000
Bengaluru,Electronic City,1,688,1.0,12,12,0.0,1.0,8,Semi-Furnished,Independent House,2.6,9.1,10.0,0,3.0,8,1561,7597000
Mumbai,Borivali,1,741,1.0,3,3,3.0,2.0,13,Unfurnished,Apartment,4.2,1.1,2.0,7,7.0,7,2369,10698000
Ahmedabad,Vastrapur,1,814,1.0,6,3,1.0,1.0,25,Fully-Furnished,Independent House,5.7,5.1,0.0,7,6.0,4,2086,6025000
Visakhapatnam,Seethammadhara,3,2200,3.0,3,1,2.0,2.0,15,Fully-Furnished,Independent House,16.7,1.2,5.0,6,4.0,10,7513,14169000
Mumbai,Navi Mumbai,2,1560,3.0,6,6,2.0,0.0,30,Unfurnished,Independent House,4.7,6.2,5.0,7,10.0,10,9209,23815000
Visakhapatnam,Gajuwaka,3,1412,2.0,4,3,2.0,1.0,6,Semi-Furnished,Apartment,4.0,0.8,0.0,3,6.0,6,3018,9079000
Chennai,Velachery,2,1188,1.0,3,1,1.0,2.0,38,Semi-Furnished,Independent House,15.5,3.9,4.0,1,4.0,2,6310,8367000
Delhi,Pitampura,1,875,1.0,12,12,2.0,1.0,26,Semi-Furnished,Independent House,3.0,5.5,4.0,6,3.0,9,2170,9034000
Bengaluru,Electronic City,1,770,1.0,4,3,3.0,2.0,34,Unfurnished,Apartment,4.9,1.9,8.0,5,6.0,2,3446,8001000
Ahmedabad,Maninagar,1,1277,1.0,8,6,2.0,2.0,13,Fully-Furnished,Apartment,11.5,3.3,0.0,7,3.0,6,6772,8703000
Vijayawada,Benz Circle,4,2460,4.0,15,3,2.0,1.0,30,Semi-Furnished,Apartment,9.7,2.1,5.0,7,7.0,10,10459,13778000
Ahmedabad,Satellite,3,1919,3.0,12,9,1.0,3.0,33,Fully-Furnished,Apartment,2.0,3.2,2.0,7,2.0,8,4074,13196000
Chennai,T Nagar,3,1930,4.0,3,1,1.0,1.0,38,Semi-Furnished,Apartment,3.6,8.6,9.0,1,10.0,2,5050,13643000
Mumbai,Borivali,3,1725,4.0,4,1,1.0,3.0,22,Semi-Furnished,Apartment,7.7,1.9,8.0,6,10.0,3,6834,28196000
Delhi,Rohini,3,1556,2.0,2,2,2.0,1.0,22,Unfurnished,Apartment,4.7,6.6,0.0,2,9.0,8,8792,14601000
Vijayawada,Governorpet,3,1885,4.0,6,6,1.0,1.0,24,Semi-Furnished,Independent House,4.3,11.7,5.0,1,2.0,6,8818,9328000
Mumbai,Andheri,2,1933,2.0,5,2,0.0,3.0,30,Unfurnished,Apartment,9.3,6.1,2.0,4,5.0,4,7720,29983000
Visakhapatnam,Rushikonda,2,1204,3.0,5,3,1.0,2.0,22,Unfurnished,Independent House,8.3,10.6,4.0,0,10.0,9,4274,5763000
Vijayawada,Patamata,2,864,1.0,12,11,1.0,1.0,38,Semi-Furnished,Villa,6.7,1.8,5.0,1,5.0,2,2769,3833000
Vijayawada,Poranki,2,1051,2.0,6,3,1.0,0.0,14,Fully-Furnished,Independent House,4.7,1.0,9.0,5,3.0,10,3935,7780000
Mumbai,Powai,2,1868,2.0,10,7,1.0,1.0,12,Semi-Furnished,Independent House,6.6,0.3,0.0,5,10.0,5,7333,29822000
Mumbai,Borivali,4,2371,4.0,3,3,2.0,1.0,37,Unfurnished,Apartment,10.5,2.9,1.0,0,4.0,6,12445,35210000
Bengaluru,Koramangala,3,1923,3.0,10,9,1.0,1.0,8,Fully-Furnished,Independent House,5.2,0.5,6.0,2,2.0,4,10299,18760000
Chennai,Adyar,3,2031,3.0,6,4,3.0,1.0,28,Fully-Furnished,Apartment,25.0,3.3,4.0,4,1.0,5,9963,15061000
Bengaluru,Whitefield,3,1651,4.0,15,9,2.0,1.0,11,Unfurnished,Apartment,4.0,2.8,3.0,6,9.0,9,3785,16354000
Ahmedabad,Bodakdev,3,1558,2.0,5,3,1.0,2.0,34,Semi-Furnished,Apartment,6.6,3.7,9.0,6,3.0,7,4319,10861000
Ahmedabad,Chandkheda,3,1480,4.0,6,4,1.0,2.0,7,Unfurnished,Independent House,5.1,8.7,6.0,1,1.0,10,3343,9560000
Vijayawada,Gunadala,2,1073,3.0,12,5,1.0,2.0,18,Unfurnished,Apartment,12.8,2.2,6.0,2,2.0,3,4363,4282000
Pune,Kharadi,3,1995,3.0,12,12,2.0,2.0,40,Semi-Furnished,Villa,5.2,2.3,5.0,2,10.0,2,6176,15817000
Kolkata,Dum Dum,2,1577,2.0,5,1,1.0,1.0,34,Unfurnished,Villa,8.5,2.2,1.0,2,10.0,4,9420,7367000
Chennai,OMR,4,1812,4.0,4,3,2.0,0.0,33,Unfurnished,Villa,5.8,5.3,5.0,3,3.0,2,7584,11864000
Hyderabad,Kondapur,2,1234,2.0,8,3,2.0,1.0,24,Semi-Furnished,Villa,5.7,2.7,3.0,4,9.0,9,4844,8495000
Pune,Hadapsar,2,1514,1.0,4,4,2.0,1.0,8,Semi-Furnished,Apartment,7.5,1.5,1.0,7,5.0,9,6545,12939000
Pune,Kharadi,4,2061,5.0,5,3,2.0,1.0,29,Semi-Furnished,Apartment,4.4,15.0,4.0,6,9.0,9,9556,17584000
Delhi,Dwarka,5,2535,6.0,5,1,1.0,2.0,14,Semi-Furnished,Apartment,7.0,4.4,5.0,4,2.0,3,14295,24445000
Mumbai,Bandra,3,1654,3.0,7,3,2.0,1.0,40,Unfurnished,Villa,6.3,1.5,3.0,1,3.0,1,5471,23183000
Mumbai,Thane,1,723,1.0,15,12,1.0,1.0,8,Semi-Furnished,Apartment,3.4,5.7,7.0,6,9.0,9,2769,12029000
Hyderabad,Kondapur,1,980,2.0,6,6,2.0,1.0,26,Fully-Furnished,Independent House,9.3,3.2,7.0,2,2.0,7,3656,7123000
Pune,Viman Nagar,3,1704,2.0,12,10,2.0,1.0,30,Unfurnished,Villa,6.9,3.0,8.0,4,2.0,4,7812,13006000
Visakhapatnam,Rushikonda,2,1302,1.0,12,6,2.0,2.0,3,Fully-Furnished,Villa,5.9,2.6,2.0,4,7.0,7,6143,9700000
Bengaluru,Whitefield,3,1996,2.0,8,5,2.0,1.0,23,Unfurnished,Apartment,4.6,4.3,4.0,1,9.0,7,11279,16690000
Mumbai,Navi Mumbai,1,1056,1.0,4,2,1.0,2.0,39,Fully-Furnished,Apartment,9.3,1.5,8.0,6,6.0,2,4396,17267000
Ahmedabad,Prahlad Nagar,2,1300,2.0,2,1,2.0,0.0,36,Unfurnished,Villa,12.1,1.1,3.0,5,9.0,6,6598,8485000
Vijayawada,Governorpet,3,1916,3.0,10,4,2.0,1.0,10,Semi-Furnished,Apartment,4.8,1.2,2.0,6,8.0,9,4502,9410000
Pune,Hadapsar,3,1645,4.0,4,2,2.0,2.0,18,Semi-Furnished,Apartment,8.9,4.8,10.0,0,5.0,3,5065,14479000
Hyderabad,Kondapur,2,1558,2.0,15,8,2.0,2.0,39,Fully-Furnished,Apartment,5.2,1.4,7.0,3,6.0,7,3869,13206000
Kolkata,Rajarhat,2,1688,1.0,15,10,2.0,0.0,4,Semi-Furnished,Independent House,13.8,4.3,9.0,5,6.0,3,8336,11856000
Hyderabad,Kukatpally,2,1698,2.0,6,4,2.0,2.0,8,Semi-Furnished,Independent House,2.5,7.5,7.0,7,1.0,9,8389,13104000
Bengaluru,Yelahanka,3,1534,3.0,2,2,1.0,2.0,25,Semi-Furnished,Independent House,18.5,0.5,2.0,4,9.0,3,7713,14384000
Chennai,T Nagar,3,2438,3.0,7,5,2.0,2.0,32,Unfurnished,Apartment,1.1,1.2,3.0,1,5.0,5,12645,16003000
Ahmedabad,Prahlad Nagar,2,1368,3.0,7,5,1.0,1.0,23,Semi-Furnished,Villa,9.6,4.9,10.0,1,5.0,4,5358,8708000
Bengaluru,Electronic City,2,1056,2.0,7,6,0.0,2.0,27,Semi-Furnished,Villa,8.6,7.1,8.0,7,7.0,8,4633,8567000
Delhi,Vasant Kunj,2,1646,1.0,10,7,1.0,2.0,22,Fully-Furnished,Apartment,8.2,1.6,0.0,6,8.0,5,7869,16677000
Delhi,Rohini,4,2562,3.0,8,5,1.0,1.0,24,Semi-Furnished,Apartment,5.9,4.1,4.0,4,9.0,6,10632,25165000
Kolkata,Behala,4,2535,4.0,12,6,0.0,3.0,27,Semi-Furnished,Independent House,6.5,4.3,3.0,7,8.0,1,6384,14954000
Delhi,Mayur Vihar,4,2394,4.0,5,1,1.0,1.0,15,Unfurnished,Independent House,10.1,6.4,0.0,3,2.0,10,14134,22513000
Vijayawada,Benz Circle,1,450,1.0,4,2,1.0,1.0,22,Unfurnished,Apartment,8.4,1.3,3.0,7,5.0,1,2579,2131000
Bengaluru,Yelahanka,4,2193,5.0,2,1,2.0,1.0,38,Semi-Furnished,Apartment,2.9,5.5,10.0,5,8.0,8,5875,21219000
Ahmedabad,Chandkheda,2,1441,3.0,2,1,1.0,1.0,15,Semi-Furnished,Independent House,8.7,1.6,5.0,2,8.0,6,4967,9933000
Ahmedabad,Chandkheda,1,1116,1.0,7,5,1.0,2.0,0,Semi-Furnished,Independent House,2.6,3.5,6.0,4,7.0,4,3118,8780000
Bengaluru,Koramangala,2,1302,3.0,7,7,2.0,1.0,35,Unfurnished,Apartment,13.0,1.8,4.0,1,4.0,9,4116,11133000
Delhi,Vasant Kunj,2,1151,2.0,7,6,1.0,1.0,16,Fully-Furnished,Independent House,2.6,2.9,1.0,7,1.0,6,6085,12598000
Vijayawada,Benz Circle,3,1768,3.0,6,6,1.0,3.0,18,Unfurnished,Apartment,11.5,0.3,8.0,6,10.0,2,5064,9651000
Ahmedabad,Chandkheda,3,1927,3.0,8,5,0.0,3.0,22,Unfurnished,Apartment,8.6,6.9,10.0,1,10.0,8,4026,12276000
Hyderabad,Miyapur,4,2176,3.0,3,3,2.0,1.0,18,Semi-Furnished,Independent House,5.8,1.7,0.0,6,2.0,1,8338,13911000
Kolkata,Ballygunge,3,1849,3.0,2,1,3.0,1.0,5,Unfurnished,Independent House,9.0,6.3,6.0,6,2.0,7,6451,9140000
Hyderabad,Gachibowli,4,2161,3.0,7,6,1.0,2.0,24,Unfurnished,Apartment,7.1,0.5,9.0,5,4.0,3,11104,14484000
Vijayawada,Patamata,3,1760,3.0,7,6,2.0,1.0,3,Unfurnished,Apartment,3.9,2.4,5.0,4,10.0,3,4579,9005000
Vijayawada,Governorpet,3,1772,3.0,7,2,3.0,1.0,1,Fully-Furnished,Independent House,6.2,1.0,10.0,6,2.0,2,5678,11986000
Kolkata,Ballygunge,4,2458,4.0,10,4,1.0,1.0,14,Semi-Furnished,Villa,4.4,0.6,0.0,6,5.0,4,10228,15051000
Kolkata,Dum Dum,1,821,1.0,4,3,2.0,1.0,10,Semi-Furnished,Independent House,1.6,2.1,6.0,3,3.0,9,2299,4785000
Vijayawada,Gunadala,3,1641,3.0,8,6,2.0,1.0,23,Unfurnished,Apartment,8.0,5.2,6.0,3,8.0,7,3737,8298000
Kolkata,Salt Lake,3,1610,4.0,6,2,2.0,2.0,11,Semi-Furnished,Apartment,9.0,5.9,1.0,0,4.0,5,8014,10299000
Bengaluru,HSR Layout,3,1998,4.0,10,2,1.0,1.0,38,Semi-Furnished,Apartment,4.9,2.9,5.0,7,3.0,6,7067,16716000
Delhi,Dwarka,3,2071,3.0,4,2,2.0,1.0,18,Unfurnished,Apartment,3.0,6.9,3.0,4,1.0,7,8861,19609000
Pune,Kharadi,3,1631,2.0,12,7,2.0,1.0,26,Semi-Furnished,Independent House,7.1,0.6,10.0,7,2.0,3,5641,13656000
Delhi,Vasant Kunj,3,1899,3.0,15,5,1.0,1.0,6,Semi-Furnished,Apartment,16.7,3.3,1.0,5,3.0,9,3907,18687000
Delhi,Mayur Vihar,3,1690,4.0,15,7,3.0,1.0,31,Fully-Furnished,Apartment,17.4,4.0,7.0,2,5.0,6,5086,16488000
Delhi,Mayur Vihar,4,1871,4.0,5,4,3.0,1.0,37,Semi-Furnished,Villa,4.8,12.5,7.0,2,5.0,3,5740,18078000
Bengaluru,Yelahanka,5,2617,5.0,12,9,2.0,2.0,20,Unfurnished,Apartment,7.6,2.4,10.0,4,5.0,1,9209,22270000
Hyderabad,Kondapur,2,1377,2.0,4,4,0.0,1.0,14,Unfurnished,Independent House,6.9,5.0,2.0,4,8.0,6,7526,10408000
Visakhapatnam,Madhurawada,3,1762,4.0,2,1,2.0,2.0,13,Unfurnished,Villa,2.5,6.3,9.0,2,6.0,2,8421,10195000
Mumbai,Powai,5,2895,6.0,5,5,3.0,2.0,35,Semi-Furnished,Apartment,9.9,2.8,8.0,2,2.0,1,13572,44241000
Delhi,Pitampura,2,1454,2.0,12,6,1.0,2.0,20,Fully-Furnished,Apartment,2.7,1.3,7.0,4,4.0,2,6478,15133000
Vijayawada,Poranki,3,1891,4.0,8,7,1.0,2.0,32,Semi-Furnished,Apartment,12.9,4.4,3.0,3,9.0,5,10822,10465000
Delhi,Mayur Vihar,5,2636,4.0,8,5,3.0,2.0,22,Unfurnished,Independent House,2.9,1.1,7.0,4,8.0,5,14825,25392000
Hyderabad,Banjara Hills,3,1859,2.0,5,5,1.0,1.0,16,Fully-Furnished,Apartment,6.6,3.1,3.0,7,3.0,3,6376,14347000
Pune,Hadapsar,4,2344,4.0,15,2,2.0,1.0,18,Semi-Furnished,Apartment,8.2,8.5,6.0,7,8.0,7,5470,20147000
Hyderabad,Gachibowli,2,761,2.0,6,5,1.0,1.0,28,Semi-Furnished,Independent House,3.1,2.9,0.0,7,10.0,1,3239,5199000
Pune,Hadapsar,3,1517,4.0,15,2,2.0,1.0,15,Unfurnished,Apartment,13.9,1.2,7.0,4,6.0,4,3909,12273000
Vijayawada,Benz Circle,3,1802,2.0,6,2,2.0,1.0,10,Unfurnished,Independent House,9.1,6.2,8.0,2,4.0,3,7581,9758000
Pune,Hinjewadi,3,2016,4.0,10,3,3.0,1.0,20,Unfurnished,Independent House,2.6,7.0,1.0,7,5.0,5,10452,15147000
Kolkata,Salt Lake,3,2003,3.0,2,2,2.0,1.0,32,Unfurnished,Apartment,5.6,2.9,1.0,0,10.0,8,4600,10210000
Delhi,Dwarka,3,2034,3.0,6,5,3.0,1.0,0,Semi-Furnished,Independent House,5.5,0.8,8.0,7,9.0,2,10050,21322000
Hyderabad,Madhapur,4,2202,3.0,3,1,2.0,2.0,15,Semi-Furnished,Apartment,7.5,12.7,3.0,4,8.0,4,10102,16318000
Visakhapatnam,Rushikonda,4,1992,5.0,8,7,1.0,1.0,26,Semi-Furnished,Apartment,10.1,3.5,5.0,4,1.0,9,8229,9895000
Kolkata,Salt Lake,2,1345,1.0,3,1,1.0,1.0,35,Semi-Furnished,Villa,15.7,1.2,10.0,5,3.0,6,5606,6740000
Bengaluru,Whitefield,2,1506,2.0,10,10,1.0,1.0,14,Unfurnished,Independent House,9.7,1.5,0.0,3,4.0,1,5997,12494000
Vijayawada,Benz Circle,1,729,2.0,12,6,0.0,3.0,34,Fully-Furnished,Independent House,8.4,3.0,5.0,4,6.0,3,2143,4075000
Visakhapatnam,Rushikonda,5,2772,5.0,4,1,1.0,2.0,20,Unfurnished,Apartment,4.2,6.6,6.0,1,5.0,6,8906,16075000
Delhi,Mayur Vihar,3,1884,2.0,15,9,3.0,1.0,38,Semi-Furnished,Apartment,5.3,2.7,1.0,6,9.0,2,11066,18065000
Visakhapatnam,Dwaraka Nagar,1,1254,1.0,2,1,2.0,2.0,26,Fully-Furnished,Apartment,14.9,10.9,10.0,6,6.0,7,3776,8926000
Delhi,Dwarka,2,1243,1.0,12,10,1.0,2.0,10,Semi-Furnished,Independent House,8.1,7.1,8.0,2,6.0,4,5723,12722000
Vijayawada,Governorpet,1,769,1.0,2,2,1.0,1.0,27,Semi-Furnished,Apartment,5.6,0.7,10.0,2,7.0,9,2121,4755000
Hyderabad,Kukatpally,3,1717,3.0,5,3,2.0,3.0,25,Fully-Furnished,Villa,8.0,3.0,8.0,6,2.0,10,7881,13798000
Mumbai,Navi Mumbai,4,2402,5.0,2,2,2.0,1.0,17,Fully-Furnished,Villa,3.0,3.7,2.0,7,7.0,9,14016,39349000
Bengaluru,Whitefield,2,1313,2.0,4,3,1.0,3.0,40,Semi-Furnished,Apartment,4.5,4.5,1.0,0,8.0,5,4013,12304000
Ahmedabad,Satellite,2,1662,3.0,7,2,1.0,1.0,18,Semi-Furnished,Apartment,9.1,4.3,4.0,0,7.0,1,4873,11584000
Kolkata,Dum Dum,3,1844,4.0,8,4,2.0,1.0,36,Semi-Furnished,Apartment,7.2,1.0,2.0,3,3.0,10,5941,11538000
Chennai,Anna Nagar,1,994,2.0,15,10,1.0,0.0,18,Semi-Furnished,Apartment,8.1,1.7,9.0,3,5.0,8,5467,7419000
Pune,Wakad,2,1455,1.0,6,3,1.0,1.0,2,Unfurnished,Villa,4.3,0.7,6.0,4,4.0,2,4879,12392000
Mumbai,Bandra,3,2061,2.0,7,3,1.0,1.0,35,Fully-Furnished,Independent House,8.4,4.0,10.0,2,7.0,5,9234,32886000
Chennai,OMR,2,1494,1.0,3,3,2.0,1.0,1,Fully-Furnished,Apartment,2.9,1.4,6.0,3,1.0,8,5123,13270000
Mumbai,Borivali,2,1640,2.0,8,8,2.0,2.0,35,Unfurnished,Apartment,3.6,1.9,8.0,5,2.0,3,6586,24996000
Visakhapatnam,Seethammadhara,1,1030,1.0,2,1,3.0,1.0,26,Fully-Furnished,Independent House,1.2,3.5,2.0,3,3.0,6,3941,5311000
Mumbai,Powai,2,989,3.0,3,3,1.0,1.0,4,Fully-Furnished,Apartment,16.1,1.4,2.0,5,3.0,2,3160,15758000
Mumbai,Bandra,3,2006,3.0,6,5,2.0,2.0,24,Fully-Furnished,Apartment,4.3,5.3,7.0,1,3.0,6,5782,33673000
Chennai,T Nagar,3,1592,4.0,5,4,1.0,1.0,35,Fully-Furnished,Independent House,5.3,1.9,0.0,3,5.0,5,3378,12429000
Bengaluru,HSR Layout,2,1240,3.0,2,1,2.0,0.0,30,Fully-Furnished,Independent House,13.8,6.0,6.0,7,5.0,3,2527,10282000
Pune,Hinjewadi,3,1744,3.0,8,4,2.0,1.0,35,Unfurnished,Villa,13.8,3.4,7.0,5,4.0,5,7277,12390000
Visakhapatnam,Rushikonda,2,1156,3.0,12,2,2.0,0.0,13,Semi-Furnished,Apartment,4.5,8.3,2.0,3,6.0,3,5795,6238000
Mumbai,Bandra,2,1305,2.0,3,3,1.0,1.0,1,Semi-Furnished,Apartment,4.4,0.5,8.0,3,6.0,9,7451,21463000
Bengaluru,HSR Layout,2,497,3.0,5,3,1.0,1.0,8,Semi-Furnished,Apartment,10.5,8.4,4.0,0,7.0,9,998,4275000
Chennai,Anna Nagar,4,2423,4.0,15,1,1.0,1.0,17,Fully-Furnished,Villa,2.5,5.1,3.0,0,10.0,7,7443,21401000
Kolkata,Dum Dum,2,1403,1.0,15,15,1.0,1.0,34,Semi-Furnished,Apartment,8.7,2.5,3.0,7,6.0,9,6909,8647000
Delhi,Dwarka,3,1844,4.0,4,1,1.0,1.0,37,Semi-Furnished,Independent House,5.6,2.2,7.0,4,1.0,7,10821,17802000
Visakhapatnam,Rushikonda,4,2067,4.0,6,3,3.0,1.0,19,Semi-Furnished,Apartment,3.8,3.6,0.0,3,10.0,5,6344,13403000
Hyderabad,Gachibowli,2,1434,2.0,5,1,1.0,1.0,13,Semi-Furnished,Apartment,0.9,0.8,0.0,0,5.0,10,7801,11173000
Delhi,Rohini,2,1106,2.0,3,2,2.0,2.0,18,Semi-Furnished,Apartment,2.6,2.7,4.0,3,9.0,7,5221,11787000
Delhi,Dwarka,5,2935,5.0,15,7,1.0,0.0,28,Semi-Furnished,Independent House,1.3,3.6,10.0,1,7.0,1,14255,29119000
Bengaluru,Indiranagar,3,1671,2.0,5,1,1.0,2.0,26,Unfurnished,Apartment,5.2,6.7,1.0,4,10.0,2,8835,13433000
Ahmedabad,Vastrapur,2,1102,1.0,15,7,1.0,2.0,1,Semi-Furnished,Apartment,12.5,4.0,1.0,6,9.0,1,6075,8614000
Ahmedabad,Prahlad Nagar,3,1311,3.0,4,2,3.0,2.0,3,Semi-Furnished,Villa,13.5,0.2,0.0,1,8.0,6,6346,10371000
Kolkata,Ballygunge,3,1687,4.0,3,3,1.0,3.0,17,Semi-Furnished,Independent House,7.5,3.4,3.0,0,9.0,7,5804,11654000
Vijayawada,Governorpet,2,1233,2.0,15,11,1.0,1.0,11,Unfurnished,Apartment,8.2,1.0,4.0,0,4.0,10,3234,5917000
Vijayawada,Patamata,5,2600,6.0,8,2,1.0,2.0,24,Unfurnished,Independent House,4.1,1.3,7.0,5,1.0,4,12846,11835000
Vijayawada,Poranki,2,1356,2.0,12,10,1.0,2.0,23,Fully-Furnished,Apartment,7.6,3.0,0.0,7,8.0,6,2799,8473000
Vijayawada,Poranki,2,1367,3.0,6,4,1.0,0.0,5,Fully-Furnished,Apartment,12.6,0.7,4.0,1,9.0,1,6259,7640000
Ahmedabad,Vastrapur,2,909,1.0,12,3,2.0,1.0,6,Fully-Furnished,Apartment,2.6,4.0,4.0,0,1.0,2,2637,6985000
Bengaluru,Indiranagar,2,1211,1.0,3,3,1.0,1.0,10,Unfurnished,Apartment,1.5,2.8,8.0,7,9.0,9,4149,11075000
Visakhapatnam,Rushikonda,2,1406,2.0,5,3,0.0,2.0,32,Fully-Furnished,Apartment,1.8,4.0,0.0,5,3.0,10,4181,9077000
Pune,Wakad,3,1301,3.0,15,14,1.0,2.0,25,Fully-Furnished,Apartment,5.4,2.0,3.0,2,3.0,10,6695,10844000
Kolkata,Ballygunge,2,1080,1.0,5,5,2.0,1.0,10,Fully-Furnished,Apartment,6.6,0.7,8.0,7,8.0,10,5024,9066000
Delhi,Mayur Vihar,3,1731,3.0,2,2,1.0,1.0,28,Unfurnished,Apartment,2.9,0.9,2.0,5,10.0,5,9738,15752000
Mumbai,Powai,2,1643,3.0,5,2,2.0,2.0,28,Fully-Furnished,Apartment,5.4,8.6,4.0,7,1.0,3,4666,27133000
Pune,Kharadi,2,1397,2.0,15,10,1.0,0.0,12,Fully-Furnished,Apartment,8.1,2.9,2.0,2,5.0,10,2910,11937000
Ahmedabad,Vastrapur,3,1603,3.0,6,1,1.0,1.0,3,Semi-Furnished,Apartment,2.2,5.6,2.0,4,4.0,9,3816,11858000
Chennai,Porur,4,2061,4.0,4,1,1.0,1.0,2,Unfurnished,Apartment,4.6,1.1,4.0,3,3.0,4,8476,17375000
Visakhapatnam,Gajuwaka,4,2401,4.0,12,9,1.0,1.0,40,Semi-Furnished,Independent House,19.0,1.7,5.0,4,5.0,7,13561,12421000
Delhi,Saket,4,2320,3.0,4,4,1.0,3.0,36,Unfurnished,Independent House,4.2,6.6,7.0,0,6.0,5,12648,21101000
Kolkata,Dum Dum,3,2062,4.0,12,3,1.0,1.0,4,Semi-Furnished,Apartment,6.4,4.3,,7,4.0,7,9914,14643000
Bengaluru,Yelahanka,4,1830,4.0,6,4,2.0,3.0,10,Fully-Furnished,Villa,7.3,3.7,1.0,1,6.0,4,5356,18356000
Visakhapatnam,Rushikonda,4,2651,4.0,4,1,1.0,1.0,8,Semi-Furnished,Villa,5.7,4.5,1.0,3,10.0,2,11682,15495000
Chennai,Adyar,3,1620,4.0,5,1,1.0,0.0,8,Semi-Furnished,Apartment,3.8,1.7,9.0,3,5.0,2,8632,14892000
Vijayawada,Governorpet,3,1827,2.0,12,7,1.0,1.0,17,Semi-Furnished,Apartment,2.5,0.6,7.0,6,10.0,6,9622,12001000
Pune,Viman Nagar,2,1235,2.0,6,3,3.0,0.0,14,Semi-Furnished,Independent House,6.0,1.3,7.0,1,1.0,4,4433,8917000
Hyderabad,Gachibowli,2,1562,1.0,8,3,1.0,0.0,7,Fully-Furnished,Independent House,13.6,2.7,4.0,4,10.0,2,4417,13383000
Bengaluru,Koramangala,1,773,1.0,4,3,3.0,1.0,36,Semi-Furnished,Apartment,9.8,5.9,8.0,2,5.0,3,1976,7364000
Ahmedabad,Chandkheda,4,2256,4.0,12,6,2.0,1.0,35,Unfurnished,Villa,7.7,2.1,4.0,6,7.0,7,4718,14755000
Kolkata,Rajarhat,1,834,1.0,10,9,0.0,1.0,28,Semi-Furnished,Apartment,2.6,3.7,0.0,0,9.0,4,2493,5307000
Chennai,Velachery,3,1996,2.0,5,2,3.0,1.0,18,Fully-Furnished,Apartment,8.5,0.6,10.0,1,8.0,10,7053,17116000
Hyderabad,Gachibowli,3,2040,4.0,12,2,2.0,2.0,3,Semi-Furnished,Independent House,7.9,6.5,0.0,6,8.0,6,6169,15319000
Ahmedabad,Bodakdev,1,778,1.0,10,1,1.0,2.0,8,Semi-Furnished,Apartment,4.7,1.2,10.0,4,9.0,4,3343,5617000
Visakhapatnam,Rushikonda,2,1592,2.0,6,5,2.0,1.0,13,Unfurnished,Apartment,5.2,1.4,0.0,1,1.0,2,3655,8534000
Hyderabad,Miyapur,3,1644,2.0,6,6,1.0,3.0,7,Semi-Furnished,Villa,4.1,2.6,4.0,1,2.0,2,3538,12678000
Vijayawada,Governorpet,2,1507,2.0,8,1,3.0,1.0,7,Fully-Furnished,Apartment,2.2,5.0,0.0,1,8.0,10,6608,8971000
Bengaluru,HSR Layout,3,2193,2.0,10,8,2.0,3.0,36,Fully-Furnished,Independent House,4.0,2.8,5.0,3,3.0,1,5968,20322000
Kolkata,Dum Dum,2,1442,2.0,15,15,1.0,1.0,35,Semi-Furnished,Apartment,4.9,4.5,2.0,4,9.0,8,7180,9701000
Visakhapatnam,Rushikonda,2,1510,2.0,15,7,1.0,1.0,27,Fully-Furnished,Independent House,19.2,3.9,5.0,6,7.0,9,3791,9258000
Pune,Baner,2,1200,1.0,12,11,1.0,1.0,0,Fully-Furnished,Apartment,4.0,1.1,0.0,0,8.0,2,6283,10678000
Hyderabad,Madhapur,3,1932,3.0,2,1,2.0,2.0,0,Fully-Furnished,Apartment,8.1,1.1,6.0,5,9.0,8,8304,16640000
Pune,Hadapsar,2,1255,2.0,6,4,1.0,2.0,34,Semi-Furnished,Apartment,4.3,0.4,2.0,7,2.0,10,3220,8952000
Bengaluru,Koramangala,1,729,1.0,8,1,1.0,2.0,30,Fully-Furnished,Villa,3.3,4.6,6.0,1,1.0,7,4026,5621000
Ahmedabad,Prahlad Nagar,2,1461,2.0,3,3,3.0,3.0,19,Unfurnished,Apartment,4.5,15.0,5.0,3,6.0,3,3413,8459000
Bengaluru,Electronic City,3,2368,2.0,15,13,3.0,1.0,10,Semi-Furnished,Apartment,7.7,1.5,10.0,3,7.0,10,12135,23568000
Vijayawada,Poranki,4,2475,4.0,3,2,1.0,0.0,2,Semi-Furnished,Independent House,4.7,6.3,10.0,1,1.0,1,14636,13928000
Delhi,Rohini,3,1704,3.0,12,11,2.0,1.0,35,Semi-Furnished,Apartment,13.2,7.2,8.0,3,1.0,3,7655,14957000
Pune,Kharadi,4,2552,3.0,7,1,2.0,1.0,4,Semi-Furnished,Apartment,4.7,1.1,6.0,4,8.0,4,11153,21690000
Bengaluru,Yelahanka,3,2329,3.0,5,4,0.0,0.0,25,Fully-Furnished,Apartment,11.5,1.2,6.0,7,8.0,10,9206,22863000
Kolkata,Salt Lake,3,1642,2.0,3,2,1.0,2.0,30,Unfurnished,Independent House,6.6,4.0,6.0,3,2.0,5,5369,9897000
Chennai,Porur,4,2286,5.0,7,2,2.0,2.0,1,Fully-Furnished,Independent House,8.8,1.2,4.0,4,3.0,10,4853,20934000
Pune,Baner,4,2535,4.0,2,2,2.0,1.0,23,Semi-Furnished,Apartment,4.7,0.8,7.0,7,7.0,3,5546,21254000
Mumbai,Thane,3,2126,2.0,10,1,2.0,1.0,3,Semi-Furnished,Apartment,5.0,4.8,3.0,4,4.0,5,5415,34804000
Mumbai,Bandra,2,1328,2.0,3,2,1.0,2.0,2,Unfurnished,Apartment,1.6,5.2,5.0,5,4.0,4,3938,21605000
Vijayawada,Benz Circle,3,1578,2.0,6,1,1.0,1.0,30,Unfurnished,Villa,7.1,2.9,0.0,7,8.0,7,7763,7662000
Chennai,Adyar,1,780,1.0,7,3,3.0,0.0,26,Semi-Furnished,Apartment,5.6,2.8,7.0,1,6.0,9,2060,5651000
Kolkata,Behala,3,1691,2.0,10,5,1.0,0.0,35,Semi-Furnished,Apartment,5.9,4.5,1.0,7,5.0,5,4359,10983000
Ahmedabad,Chandkheda,2,1852,3.0,7,7,3.0,3.0,1,Unfurnished,Apartment,6.8,6.1,5.0,4,7.0,4,4996,11946000
Delhi,Mayur Vihar,3,1778,3.0,4,2,3.0,2.0,32,Semi-Furnished,Apartment,1.1,0.3,5.0,3,4.0,9,5581,17345000
Kolkata,Rajarhat,3,1864,3.0,5,4,3.0,1.0,7,Unfurnished,Apartment,0.8,1.5,9.0,7,6.0,10,8089,12995000
Kolkata,Salt Lake,3,1704,3.0,6,2,1.0,1.0,33,Fully-Furnished,Apartment,6.5,4.2,0.0,2,10.0,9,3717,11446000
Visakhapatnam,Seethammadhara,3,1905,4.0,7,1,1.0,3.0,10,Unfurnished,Independent House,6.3,4.2,8.0,7,3.0,6,9188,10643000
Mumbai,Bandra,1,630,1.0,15,14,1.0,1.0,21,Unfurnished,Apartment,5.2,11.8,0.0,2,2.0,6,2553,10115000
Visakhapatnam,Rushikonda,2,935,1.0,7,7,2.0,2.0,33,Fully-Furnished,Apartment,6.2,1.4,3.0,3,3.0,3,4655,5958000
Mumbai,Bandra,4,2036,5.0,5,5,1.0,1.0,21,Semi-Furnished,Villa,2.8,5.5,7.0,4,6.0,8,11329,32311000
Ahmedabad,Prahlad Nagar,4,2644,5.0,6,6,1.0,1.0,34,Unfurnished,Apartment,5.3,7.0,2.0,1,4.0,1,8599,16379000
Delhi,Mayur Vihar,3,1979,2.0,12,11,1.0,1.0,14,Fully-Furnished,Apartment,16.1,2.0,2.0,7,4.0,10,9602,20641000
Pune,Wakad,4,2260,4.0,4,3,1.0,1.0,8,Semi-Furnished,Apartment,16.0,4.4,5.0,1,2.0,8,8847,19775000
Ahmedabad,Satellite,3,1884,2.0,10,3,2.0,,34,Fully-Furnished,Independent House,7.1,2.0,0.0,6,10.0,7,9118,12686000
Chennai,Adyar,2,1576,2.0,6,3,2.0,0.0,31,Fully-Furnished,Apartment,2.3,2.7,7.0,3,4.0,4,4155,12999000
Ahmedabad,Vastrapur,2,1347,1.0,8,8,0.0,0.0,34,Semi-Furnished,Apartment,10.3,3.0,7.0,4,3.0,10,6997,7595000
Hyderabad,Banjara Hills,3,1692,3.0,5,4,1.0,2.0,7,Unfurnished,Apartment,3.3,1.7,3.0,4,10.0,2,10003,13735000
Visakhapatnam,Rushikonda,4,1963,3.0,6,6,1.0,3.0,32,Unfurnished,Independent House,8.1,2.1,9.0,2,5.0,7,4725,9427000
Kolkata,Dum Dum,1,808,2.0,15,10,1.0,2.0,13,Semi-Furnished,Independent House,12.6,2.6,3.0,7,7.0,1,2344,5614000
Visakhapatnam,Madhurawada,2,1396,2.0,12,10,2.0,2.0,34,Unfurnished,Independent House,3.2,4.5,9.0,6,4.0,8,3539,7834000
Ahmedabad,Chandkheda,2,1529,2.0,3,2,0.0,0.0,9,Unfurnished,Villa,8.7,1.7,0.0,2,6.0,2,5066,8317000
Mumbai,Andheri,1,777,1.0,6,5,2.0,1.0,33,Semi-Furnished,Apartment,7.1,3.1,3.0,5,5.0,9,2543,12205000
Kolkata,Behala,2,1188,3.0,2,2,1.0,2.0,31,Unfurnished,Apartment,1.3,1.5,8.0,4,7.0,1,6219,7122000
Mumbai,Andheri,4,2262,4.0,7,5,2.0,1.0,14,Unfurnished,Independent House,6.7,1.7,3.0,4,1.0,8,13467,35204000
Mumbai,Powai,3,2092,2.0,12,7,1.0,2.0,25,Semi-Furnished,Independent House,23.2,1.2,6.0,1,8.0,5,8921,33072000
Pune,Wakad,4,2006,5.0,4,1,2.0,0.0,25,Semi-Furnished,Apartment,4.2,3.1,2.0,1,7.0,2,4264,16352000
Ahmedabad,Chandkheda,2,1256,2.0,12,4,1.0,1.0,6,Fully-Furnished,Apartment,7.7,6.6,4.0,1,2.0,7,4175,11158000
Hyderabad,Madhapur,2,1526,3.0,12,9,1.0,3.0,37,Fully-Furnished,Independent House,2.4,3.6,6.0,1,5.0,4,8497,10810000
Mumbai,Borivali,4,2486,5.0,12,2,2.0,3.0,28,Unfurnished,Apartment,5.9,8.7,2.0,7,3.0,2,11257,37575000
Visakhapatnam,Gajuwaka,2,1897,3.0,15,9,2.0,1.0,26,Unfurnished,Apartment,10.8,1.2,5.0,2,5.0,5,4731,9248000
Kolkata,New Town,3,2016,2.0,10,2,0.0,3.0,18,Fully-Furnished,Apartment,5.0,5.5,4.0,4,10.0,2,8194,14735000
Kolkata,Ballygunge,3,1790,3.0,8,2,2.0,3.0,12,Semi-Furnished,Apartment,2.7,2.4,6.0,6,6.0,2,8277,10776000
Vijayawada,Moghalrajpuram,3,1799,4.0,5,1,2.0,0.0,1,Semi-Furnished,Apartment,9.2,1.5,,7,10.0,5,8219,10901000
Ahmedabad,Satellite,2,1278,2.0,5,5,1.0,2.0,20,Semi-Furnished,Apartment,11.0,6.8,10.0,6,2.0,8,7604,9355000
Pune,Hadapsar,5,2196,5.0,6,4,1.0,3.0,8,Semi-Furnished,Independent House,0.5,1.3,8.0,4,2.0,1,11820,19772000
Chennai,Velachery,2,1581,1.0,6,2,3.0,2.0,39,Unfurnished,Independent House,3.9,4.0,5.0,5,8.0,8,8386,11537000
Hyderabad,Madhapur,4,2329,4.0,3,2,2.0,1.0,1,Unfurnished,Apartment,4.0,5.6,8.0,6,4.0,7,12330,16425000
Delhi,Vasant Kunj,3,1543,4.0,6,4,2.0,0.0,1,Fully-Furnished,Apartment,3.6,2.2,6.0,3,3.0,10,8501,17294000
Delhi,Saket,5,2591,4.0,15,5,1.0,1.0,13,Semi-Furnished,Independent House,1.2,1.6,10.0,6,2.0,9,10557,25420000
Hyderabad,Miyapur,4,2305,4.0,10,1,1.0,0.0,18,Unfurnished,Apartment,5.3,1.0,5.0,4,7.0,2,7188,16126000
Chennai,Porur,2,1461,3.0,6,4,1.0,1.0,20,Unfurnished,Apartment,8.1,2.5,0.0,7,2.0,3,4483,11649000
Vijayawada,Patamata,3,1738,2.0,4,1,3.0,2.0,36,Semi-Furnished,Apartment,6.3,2.1,7.0,6,10.0,8,4101,9040000
Hyderabad,Kondapur,3,1830,2.0,10,6,1.0,2.0,40,Fully-Furnished,Apartment,1.8,10.1,4.0,5,7.0,5,9946,13971000
Pune,Hinjewadi,3,2133,3.0,5,1,0.0,1.0,36,Semi-Furnished,Apartment,3.4,9.0,2.0,1,8.0,5,12148,15868000
Bengaluru,Koramangala,4,2107,3.0,12,7,1.0,2.0,32,Semi-Furnished,Independent House,6.1,1.5,10.0,4,3.0,9,12404,19368000
Vijayawada,Moghalrajpuram,4,2332,4.0,15,8,2.0,1.0,4,Semi-Furnished,Apartment,5.5,3.1,1.0,4,3.0,9,7050,13975000
Delhi,Saket,3,1501,4.0,6,1,1.0,2.0,4,Semi-Furnished,Villa,8.1,1.1,1.0,6,3.0,6,8257,15527000
Delhi,Mayur Vihar,5,2807,6.0,5,1,0.0,2.0,16,Fully-Furnished,Villa,4.9,4.7,6.0,6,4.0,2,16678,28816000
Delhi,Mayur Vihar,4,2437,4.0,7,5,1.0,2.0,16,Semi-Furnished,Apartment,4.5,3.2,1.0,3,3.0,7,9483,24022000
Delhi,Dwarka,3,1941,3.0,3,1,2.0,2.0,33,Semi-Furnished,Apartment,6.6,3.9,10.0,1,10.0,8,5040,18733000
Vijayawada,Moghalrajpuram,4,2117,5.0,15,15,2.0,2.0,27,Semi-Furnished,Independent House,2.8,5.3,6.0,5,6.0,8,10237,11419000
Vijayawada,Patamata,4,2631,4.0,5,1,1.0,2.0,33,Semi-Furnished,Apartment,3.5,1.7,0.0,6,4.0,10,5701,12680000
Pune,Viman Nagar,3,1955,3.0,8,7,2.0,0.0,4,Semi-Furnished,Independent House,2.1,1.3,0.0,4,5.0,4,11424,18214000
Chennai,OMR,5,2798,6.0,8,4,2.0,2.0,0,Semi-Furnished,Apartment,2.2,1.4,5.0,7,5.0,10,9737,23181000
Mumbai,Bandra,4,2540,3.0,2,2,2.0,3.0,21,Fully-Furnished,Apartment,4.1,2.4,2.0,7,3.0,7,15210,40807000
Hyderabad,Gachibowli,4,1888,4.0,4,4,2.0,1.0,35,Fully-Furnished,Independent House,4.5,4.2,5.0,5,,3,5825,15299000
Vijayawada,Patamata,4,2215,4.0,15,8,2.0,2.0,22,Semi-Furnished,Independent House,3.8,6.4,8.0,5,8.0,4,4700,13410000
Hyderabad,Banjara Hills,3,1532,2.0,10,7,1.0,2.0,34,Unfurnished,Independent House,11.0,1.4,8.0,6,9.0,7,3191,9163000
Ahmedabad,Bodakdev,3,1919,4.0,7,2,2.0,2.0,14,Fully-Furnished,Apartment,7.4,4.7,10.0,3,10.0,8,10056,15293000
Visakhapatnam,Madhurawada,2,1441,2.0,6,2,1.0,1.0,18,Semi-Furnished,Apartment,4.4,2.3,0.0,7,7.0,8,5040,7792000
Kolkata,Rajarhat,3,1932,4.0,7,2,0.0,2.0,7,Unfurnished,Apartment,4.3,0.4,7.0,7,10.0,9,3965,13181000
Chennai,T Nagar,3,1610,2.0,12,4,0.0,1.0,27,Unfurnished,Apartment,3.9,1.0,0.0,3,7.0,9,9005,12171000
Mumbai,Borivali,2,1534,1.0,12,2,1.0,2.0,12,Semi-Furnished,Apartment,8.0,3.6,4.0,3,7.0,1,4371,24568000
Delhi,Vasant Kunj,3,2094,3.0,5,2,3.0,2.0,31,Semi-Furnished,Apartment,5.6,4.2,9.0,3,2.0,4,12473,21461000
Visakhapatnam,Seethammadhara,4,2051,4.0,8,4,2.0,1.0,20,Fully-Furnished,Apartment,5.6,4.7,8.0,1,8.0,2,10815,12528000
Bengaluru,Whitefield,3,1756,2.0,5,3,2.0,1.0,38,Fully-Furnished,Independent House,11.0,2.0,0.0,3,1.0,8,9644,16277000
Mumbai,Powai,2,1457,2.0,6,3,2.0,1.0,1,Fully-Furnished,Apartment,17.0,7.6,4.0,0,1.0,6,7314,24195000
Vijayawada,Poranki,3,2025,4.0,15,13,3.0,1.0,33,Fully-Furnished,Independent House,7.3,4.0,4.0,1,7.0,7,4762,10573000
Delhi,Vasant Kunj,3,1958,2.0,5,2,1.0,1.0,16,Unfurnished,Apartment,2.1,2.5,0.0,0,8.0,5,6888,18042000
Hyderabad,Banjara Hills,4,2085,5.0,4,4,3.0,1.0,38,Unfurnished,Independent House,8.4,1.5,8.0,3,9.0,4,7898,13372000
Ahmedabad,Maninagar,2,1542,2.0,6,3,2.0,2.0,36,Semi-Furnished,Apartment,2.9,1.3,8.0,7,7.0,1,6194,9590000
Delhi,Mayur Vihar,2,1957,1.0,12,10,2.0,1.0,14,Unfurnished,Apartment,6.1,1.4,8.0,3,3.0,6,11167,19704000
Kolkata,Salt Lake,1,597,1.0,5,1,1.0,1.0,5,Semi-Furnished,Apartment,5.3,5.8,6.0,0,5.0,4,2264,4262000
Chennai,Velachery,2,1357,2.0,12,4,1.0,2.0,37,Unfurnished,Apartment,3.4,5.7,9.0,1,,3,6980,10192000
Bengaluru,HSR Layout,1,877,2.0,5,1,1.0,1.0,30,Semi-Furnished,Apartment,2.2,1.6,2.0,2,6.0,3,2005,8260000
Delhi,Rohini,3,1457,3.0,5,1,2.0,0.0,28,Semi-Furnished,Apartment,10.8,4.8,7.0,6,10.0,7,8454,14493000
Pune,Hadapsar,4,2356,5.0,3,2,2.0,2.0,33,Semi-Furnished,Apartment,4.9,0.6,10.0,2,2.0,2,10076,19431000
Delhi,Saket,2,1183,1.0,8,4,2.0,2.0,25,Fully-Furnished,Apartment,2.7,3.8,10.0,0,5.0,3,3372,11845000
Ahmedabad,Maninagar,4,2320,4.0,8,3,2.0,0.0,20,Fully-Furnished,Apartment,6.6,2.5,10.0,6,1.0,2,13311,17351000
Ahmedabad,Prahlad Nagar,2,1215,3.0,12,4,2.0,0.0,26,Semi-Furnished,Apartment,22.7,7.5,3.0,6,4.0,9,2823,7074000
Mumbai,Navi Mumbai,2,1283,3.0,2,1,2.0,1.0,32,Semi-Furnished,Apartment,11.8,2.7,4.0,3,4.0,6,6178,17765000
Delhi,Rohini,3,1477,3.0,12,9,1.0,2.0,0,Unfurnished,Apartment,6.1,8.0,8.0,6,7.0,2,3712,14256000
Vijayawada,Patamata,2,1541,3.0,15,5,1.0,1.0,13,Fully-Furnished,Villa,1.1,4.0,7.0,6,4.0,8,8699,10604000
Mumbai,Andheri,3,1578,4.0,8,4,1.0,1.0,0,Unfurnished,Villa,3.1,2.1,1.0,6,5.0,9,3212,25347000
Mumbai,Andheri,4,2280,4.0,8,3,0.0,3.0,12,Unfurnished,Independent House,9.4,4.2,1.0,1,1.0,2,6406,35634000
Vijayawada,Patamata,2,1381,2.0,7,1,1.0,3.0,10,Semi-Furnished,Apartment,13.2,7.7,0.0,1,4.0,5,8148,4378000
Chennai,Adyar,1,960,1.0,6,6,1.0,1.0,28,Fully-Furnished,Villa,7.6,6.3,0.0,5,6.0,7,5365,7456000
Delhi,Saket,2,1142,2.0,7,6,1.0,2.0,14,Semi-Furnished,Apartment,8.7,2.2,1.0,7,7.0,10,4071,13020000
Ahmedabad,Vastrapur,1,515,1.0,15,4,1.0,2.0,21,Unfurnished,Apartment,5.0,3.0,2.0,0,4.0,7,1964,2299000
Kolkata,Salt Lake,2,1357,2.0,5,5,2.0,0.0,29,Semi-Furnished,Independent House,2.6,4.2,8.0,4,5.0,4,5322,9294000
Pune,Viman Nagar,4,2179,5.0,5,3,0.0,1.0,21,Fully-Furnished,Villa,5.0,3.5,10.0,3,8.0,9,9436,19310000
Chennai,Porur,3,1661,2.0,15,7,1.0,2.0,8,Unfurnished,Independent House,4.9,1.6,9.0,4,10.0,6,8626,13086000
Ahmedabad,Satellite,1,916,2.0,5,4,2.0,2.0,39,Unfurnished,Apartment,6.6,3.9,8.0,1,2.0,5,5049,4960000
Bengaluru,HSR Layout,5,2559,6.0,3,3,1.0,1.0,21,Unfurnished,Independent House,8.1,3.3,8.0,1,2.0,9,9621,23240000
Hyderabad,Madhapur,4,2057,3.0,4,3,1.0,1.0,32,Unfurnished,Independent House,8.1,3.8,7.0,0,9.0,6,7751,13871000
Visakhapatnam,Seethammadhara,2,1592,2.0,6,3,1.0,2.0,34,Unfurnished,Apartment,3.9,0.9,4.0,1,4.0,3,4275,6575000
Visakhapatnam,Gajuwaka,2,1465,2.0,15,1,1.0,3.0,19,Fully-Furnished,Apartment,5.1,1.1,2.0,1,6.0,8,7792,10897000
Kolkata,New Town,3,2112,3.0,3,2,2.0,1.0,5,Semi-Furnished,Apartment,17.4,8.5,4.0,6,3.0,2,8007,12475000
Vijayawada,Gunadala,3,1459,3.0,15,9,3.0,3.0,21,Unfurnished,Apartment,6.9,,7.0,0,2.0,3,4845,7548000
Hyderabad,Miyapur,3,2054,4.0,6,2,1.0,2.0,18,Unfurnished,Apartment,11.6,2.3,3.0,0,5.0,4,5869,14227000
Hyderabad,Madhapur,2,1140,1.0,2,1,1.0,1.0,32,Fully-Furnished,Apartment,6.9,3.7,0.0,1,9.0,7,5715,9167000
Chennai,Anna Nagar,4,2050,5.0,12,8,2.0,1.0,22,Fully-Furnished,Apartment,4.0,4.3,9.0,7,7.0,3,9738,18739000
Ahmedabad,Prahlad Nagar,3,1838,3.0,6,2,2.0,2.0,17,Unfurnished,Apartment,3.1,3.5,10.0,6,8.0,2,10396,12719000
Vijayawada,Gunadala,1,890,2.0,4,4,1.0,2.0,16,Unfurnished,Villa,15.5,2.1,4.0,7,1.0,6,3653,4922000
Pune,Hinjewadi,3,1342,3.0,12,1,0.0,2.0,35,Fully-Furnished,Independent House,2.5,4.9,10.0,5,2.0,1,3796,10318000
Kolkata,Behala,3,1533,3.0,15,7,1.0,2.0,21,Unfurnished,Apartment,3.1,5.3,9.0,3,2.0,7,5654,8746000
Vijayawada,Gunadala,4,2223,4.0,4,3,1.0,3.0,9,Fully-Furnished,Apartment,5.9,2.7,4.0,5,4.0,2,9336,13409000
Bengaluru,Koramangala,5,2643,6.0,8,7,1.0,1.0,32,Fully-Furnished,Independent House,6.9,1.0,4.0,0,7.0,4,14036,26573000
Kolkata,Salt Lake,2,1430,3.0,8,8,1.0,2.0,15,Unfurnished,Apartment,21.6,8.1,10.0,0,6.0,3,6555,7188000
Hyderabad,Madhapur,1,1232,1.0,8,6,2.0,0.0,40,Fully-Furnished,Independent House,2.6,5.3,0.0,0,4.0,5,3155,7203000
Delhi,Saket,3,2067,4.0,6,2,1.0,1.0,19,Semi-Furnished,Apartment,2.1,4.3,6.0,3,7.0,4,9372,19654000
Vijayawada,Benz Circle,2,1336,2.0,7,7,1.0,3.0,18,Semi-Furnished,Apartment,0.7,1.1,0.0,4,5.0,8,7904,7180000
Hyderabad,Banjara Hills,3,1549,2.0,6,5,2.0,2.0,9,Semi-Furnished,Apartment,13.8,9.1,8.0,4,8.0,7,3710,11895000
Delhi,Mayur Vihar,2,1511,1.0,2,2,3.0,2.0,6,Semi-Furnished,Independent House,3.8,9.9,10.0,4,5.0,1,9019,15679000
Vijayawada,Poranki,2,1214,2.0,12,9,1.0,0.0,24,Unfurnished,Independent House,8.8,2.9,6.0,1,2.0,8,7130,4671000
Vijayawada,Poranki,3,1784,2.0,3,1,2.0,0.0,9,Unfurnished,Apartment,0.6,5.1,9.0,7,8.0,7,6534,9422000
Ahmedabad,Satellite,2,1601,1.0,12,10,2.0,2.0,40,Semi-Furnished,Apartment,2.2,2.5,8.0,0,4.0,7,4662,10612000
Mumbai,Navi Mumbai,1,853,1.0,4,1,2.0,2.0,1,Semi-Furnished,Apartment,3.1,5.2,6.0,4,10.0,7,1820,14377000
Delhi,Mayur Vihar,2,1363,1.0,10,10,0.0,1.0,37,Semi-Furnished,Apartment,4.8,2.7,3.0,2,3.0,5,4468,12499000
Hyderabad,Madhapur,2,1558,1.0,2,1,1.0,2.0,20,Unfurnished,Independent House,6.2,4.0,1.0,6,3.0,4,5779,11213000
Mumbai,Bandra,1,698,1.0,8,2,3.0,3.0,31,Fully-Furnished,Apartment,4.5,2.9,7.0,5,6.0,1,1874,12416000
Delhi,Dwarka,4,2511,5.0,7,4,0.0,3.0,23,Fully-Furnished,Apartment,3.5,1.3,10.0,6,1.0,1,14390,25814000
Visakhapatnam,Gajuwaka,2,994,1.0,3,2,2.0,1.0,35,Unfurnished,Apartment,15.9,5.9,1.0,3,1.0,5,5549,4928000
Visakhapatnam,MVP Colony,3,1559,3.0,4,2,1.0,3.0,6,Fully-Furnished,Villa,6.2,1.6,9.0,4,4.0,5,6523,10174000
Hyderabad,Gachibowli,3,1799,3.0,4,1,3.0,1.0,2,Semi-Furnished,Independent House,5.6,0.8,0.0,7,1.0,3,8897,13817000
Delhi,Rohini,1,1007,1.0,8,1,0.0,3.0,14,Fully-Furnished,Apartment,3.4,2.0,8.0,7,7.0,3,2500,10987000
Visakhapatnam,Rushikonda,2,1390,1.0,4,2,2.0,1.0,12,Fully-Furnished,Independent House,6.5,0.6,6.0,7,3.0,5,7452,9604000
Hyderabad,Kondapur,3,2237,4.0,7,5,2.0,1.0,12,Semi-Furnished,Apartment,9.7,4.8,3.0,2,1.0,7,4910,15884000
Pune,Kharadi,3,1542,3.0,8,2,2.0,0.0,40,Semi-Furnished,Apartment,6.3,3.4,4.0,5,6.0,7,4701,12079000
Bengaluru,Indiranagar,3,1926,3.0,4,3,2.0,1.0,30,Unfurnished,Apartment,9.6,1.7,8.0,5,5.0,9,9750,16563000
Chennai,Anna Nagar,3,1873,3.0,4,3,2.0,1.0,1,Semi-Furnished,Apartment,5.4,3.4,10.0,5,3.0,1,6085,14485000
Kolkata,New Town,2,1201,2.0,4,2,2.0,2.0,20,Semi-Furnished,Apartment,2.5,2.4,9.0,6,3.0,3,5902,7558000
Delhi,Dwarka,2,1230,2.0,7,6,1.0,2.0,36,Unfurnished,Apartment,2.3,2.6,7.0,2,7.0,5,4030,11441000
Visakhapatnam,Madhurawada,3,2109,2.0,7,6,,1.0,16,Semi-Furnished,Independent House,1.5,6.0,4.0,6,4.0,2,8665,11950000
Hyderabad,Miyapur,4,2605,4.0,7,5,1.0,3.0,23,Fully-Furnished,Independent House,6.0,1.2,0.0,7,1.0,1,9161,19837000
Bengaluru,HSR Layout,3,1939,4.0,6,5,3.0,2.0,15,Semi-Furnished,Apartment,10.0,1.7,7.0,5,9.0,6,9332,20011000
Pune,Hadapsar,2,1603,3.0,2,1,1.0,1.0,6,Semi-Furnished,Apartment,2.7,4.9,9.0,4,2.0,6,3353,14074000
Mumbai,Navi Mumbai,1,888,1.0,4,3,1.0,1.0,36,Fully-Furnished,Villa,10.9,1.3,7.0,1,4.0,9,2518,13073000
Chennai,Anna Nagar,2,1534,2.0,3,2,1.0,3.0,25,Fully-Furnished,Apartment,1.9,5.6,8.0,1,1.0,5,7863,13399000
Pune,Wakad,2,1529,3.0,4,2,2.0,1.0,5,Semi-Furnished,Villa,7.3,2.0,10.0,2,4.0,9,8250,13879000
Mumbai,Bandra,2,928,3.0,2,2,1.0,2.0,2,Unfurnished,Apartment,2.4,4.0,4.0,1,9.0,9,3352,15681000
Mumbai,Borivali,3,1691,3.0,2,1,2.0,0.0,10,Fully-Furnished,Apartment,12.9,2.2,10.0,6,6.0,5,6754,28202000
Pune,Kharadi,3,1935,3.0,10,4,1.0,2.0,8,Unfurnished,Independent House,12.7,6.1,4.0,5,7.0,8,5243,15945000
Pune,Hinjewadi,4,2250,3.0,6,5,1.0,1.0,34,Unfurnished,Apartment,8.6,8.2,5.0,4,9.0,4,7362,17454000
Chennai,OMR,2,1188,1.0,15,13,0.0,1.0,9,Fully-Furnished,Independent House,2.5,8.6,7.0,5,2.0,10,5064,10232000
Pune,Baner,2,1579,2.0,10,9,1.0,1.0,12,Unfurnished,Independent House,3.6,2.1,3.0,4,7.0,5,4746,12844000
Hyderabad,Kukatpally,3,1700,3.0,12,5,1.0,2.0,25,Unfurnished,Apartment,8.7,1.6,0.0,0,2.0,1,7120,9980000
Kolkata,Ballygunge,2,1004,3.0,15,10,1.0,2.0,31,Fully-Furnished,Independent House,20.1,3.2,0.0,6,10.0,5,2686,6451000
Mumbai,Navi Mumbai,3,1862,2.0,5,2,1.0,1.0,29,Semi-Furnished,Apartment,5.8,2.5,3.0,4,5.0,1,5400,29296000
Pune,Hinjewadi,3,1558,3.0,5,1,2.0,2.0,1,Fully-Furnished,Apartment,6.0,1.1,10.0,6,7.0,2,6871,14352000
Pune,Hinjewadi,4,2477,4.0,7,1,2.0,1.0,19,Unfurnished,Apartment,0.5,4.1,9.0,0,8.0,4,5585,18775000
Chennai,Porur,1,859,1.0,5,2,1.0,2.0,19,Semi-Furnished,Apartment,6.7,2.3,10.0,1,2.0,5,4138,6378000
Delhi,Rohini,4,2652,5.0,10,10,1.0,1.0,3,Unfurnished,Apartment,25.0,1.9,7.0,0,2.0,4,8213,25842000
Pune,Wakad,3,1916,3.0,12,10,0.0,2.0,1,Semi-Furnished,Independent House,7.3,2.0,7.0,1,2.0,4,10923,17423000
Ahmedabad,Bodakdev,4,1910,4.0,6,5,1.0,3.0,15,Semi-Furnished,Apartment,3.2,2.5,7.0,7,8.0,5,11207,14126000
Bengaluru,HSR Layout,2,1048,2.0,15,4,1.0,1.0,5,Semi-Furnished,Independent House,7.8,1.9,2.0,7,2.0,5,3168,9895000
Hyderabad,Kondapur,2,1600,2.0,2,1,2.0,1.0,32,Unfurnished,Apartment,12.4,2.8,2.0,3,9.0,10,6027,10066000
Mumbai,Powai,4,2464,5.0,15,7,2.0,2.0,18,Fully-Furnished,Independent House,7.8,1.2,8.0,4,2.0,6,6458,40315000
Hyderabad,Miyapur,1,1163,1.0,8,3,2.0,1.0,15,Unfurnished,Independent House,9.1,4.6,5.0,7,4.0,9,2680,8265000
Ahmedabad,Bodakdev,2,1628,3.0,6,2,2.0,2.0,4,Semi-Furnished,Independent House,6.4,0.2,9.0,4,5.0,3,3772,11109000
Ahmedabad,Maninagar,3,1648,4.0,6,2,2.0,2.0,17,Semi-Furnished,Apartment,6.7,2.2,10.0,7,1.0,10,3428,13414000
Visakhapatnam,Seethammadhara,4,2051,4.0,8,2,2.0,0.0,35,Unfurnished,Apartment,1.6,2.6,9.0,2,9.0,4,8287,10770000
Ahmedabad,Prahlad Nagar,4,2620,3.0,10,4,2.0,2.0,2,Semi-Furnished,Apartment,5.1,2.8,5.0,1,6.0,1,6299,18002000
Bengaluru,Koramangala,2,1227,1.0,12,10,3.0,2.0,24,Semi-Furnished,Independent House,11.6,8.4,1.0,6,8.0,10,3702,12545000
Vijayawada,Benz Circle,1,1353,1.0,6,6,2.0,3.0,30,Semi-Furnished,Apartment,8.4,9.9,10.0,0,7.0,10,3727,6005000
Hyderabad,Miyapur,2,1471,3.0,8,3,2.0,2.0,21,Semi-Furnished,Independent House,9.6,4.0,6.0,7,2.0,5,3412,11039000
Delhi,Mayur Vihar,3,1905,2.0,8,2,1.0,0.0,39,Unfurnished,Apartment,9.8,8.1,0.0,4,10.0,2,8041,16259000
Hyderabad,Kondapur,3,1665,3.0,2,1,1.0,2.0,14,Unfurnished,Apartment,1.8,1.9,5.0,4,7.0,4,7256,11843000
Mumbai,Powai,4,2483,5.0,10,4,1.0,1.0,20,Semi-Furnished,Villa,3.1,2.7,6.0,2,5.0,10,6720,39863000
Ahmedabad,Prahlad Nagar,4,2514,4.0,12,7,2.0,1.0,30,Semi-Furnished,Apartment,5.1,3.4,5.0,5,5.0,4,5955,16635000
Delhi,Dwarka,1,1164,1.0,15,11,3.0,0.0,14,Fully-Furnished,Apartment,3.2,1.0,8.0,3,5.0,9,5990,12758000
Vijayawada,Benz Circle,2,1542,2.0,2,1,2.0,2.0,19,Semi-Furnished,Apartment,5.0,4.9,1.0,6,8.0,5,8693,8855000
Pune,Viman Nagar,3,1888,4.0,6,5,1.0,2.0,40,Semi-Furnished,Apartment,3.6,4.4,10.0,3,8.0,3,7912,16073000
Bengaluru,Electronic City,3,1551,4.0,5,5,2.0,1.0,29,Fully-Furnished,Villa,3.1,0.3,9.0,5,8.0,8,3523,16672000
Chennai,Velachery,4,2073,4.0,4,3,1.0,2.0,29,Fully-Furnished,Independent House,4.9,1.6,8.0,4,3.0,5,11145,17631000
Kolkata,Ballygunge,3,1395,3.0,5,3,3.0,2.0,13,Semi-Furnished,Apartment,2.1,4.7,7.0,5,10.0,9,7150,9661000
Bengaluru,HSR Layout,3,1590,3.0,7,4,2.0,1.0,22,Unfurnished,Independent House,3.1,3.4,5.0,3,6.0,2,6935,13648000
Mumbai,Powai,4,2014,5.0,15,10,3.0,0.0,3,Semi-Furnished,Apartment,4.0,5.0,7.0,0,5.0,9,9462,33130000
Mumbai,Thane,1,862,1.0,2,1,1.0,2.0,0,Semi-Furnished,Apartment,1.2,4.6,0.0,4,5.0,1,4681,14986000
Chennai,Porur,2,974,1.0,5,2,1.0,1.0,3,Unfurnished,Apartment,15.6,3.1,10.0,1,6.0,6,2513,8365000
Delhi,Pitampura,3,1553,3.0,8,5,2.0,2.0,15,Unfurnished,Villa,23.0,4.7,5.0,6,8.0,9,4715,14882000
Visakhapatnam,Gajuwaka,2,1099,2.0,2,1,1.0,2.0,1,Unfurnished,Apartment,1.3,3.8,0.0,1,8.0,8,4027,7189000
Pune,Viman Nagar,2,1276,2.0,12,2,2.0,1.0,19,Fully-Furnished,Independent House,18.4,2.3,2.0,5,4.0,7,6962,11479000
Ahmedabad,Prahlad Nagar,2,1472,1.0,4,2,3.0,1.0,34,Semi-Furnished,Villa,0.7,2.1,2.0,5,3.0,2,3814,9629000
Hyderabad,Banjara Hills,2,1675,3.0,10,4,,3.0,25,Unfurnished,Independent House,21.3,4.5,5.0,4,7.0,3,3611,11015000
Hyderabad,Kukatpally,5,2772,5.0,6,4,1.0,1.0,11,Unfurnished,Independent House,12.5,6.4,8.0,0,9.0,5,10914,19024000
Visakhapatnam,Gajuwaka,3,1807,2.0,3,3,2.0,0.0,32,Fully-Furnished,Apartment,0.9,2.4,0.0,7,1.0,5,8648,12447000
Vijayawada,Patamata,3,1702,4.0,5,1,1.0,2.0,4,Fully-Furnished,Independent House,10.2,2.9,0.0,3,4.0,7,9018,10432000
Pune,Baner,5,2754,6.0,15,7,1.0,1.0,7,Semi-Furnished,Independent House,6.5,2.5,4.0,0,4.0,5,11772,23161000
Mumbai,Bandra,5,2612,4.0,6,3,1.0,1.0,3,Fully-Furnished,Apartment,6.7,3.9,9.0,2,9.0,5,7482,42305000
Kolkata,Rajarhat,4,2377,4.0,7,5,2.0,1.0,23,Fully-Furnished,Apartment,12.5,0.7,3.0,1,5.0,4,8203,15901000
Vijayawada,Poranki,2,1429,3.0,15,12,1.0,0.0,17,Semi-Furnished,Apartment,0.9,5.5,9.0,2,1.0,10,7700,7663000
Chennai,Adyar,3,1849,4.0,12,11,0.0,1.0,12,Semi-Furnished,Apartment,10.0,4.7,9.0,2,1.0,9,5964,16222000
Visakhapatnam,Rushikonda,1,901,1.0,15,6,0.0,1.0,16,Fully-Furnished,Apartment,6.1,5.1,0.0,4,,6,5046,5025000
Ahmedabad,Bodakdev,3,1792,3.0,4,1,2.0,0.0,40,Semi-Furnished,Apartment,5.1,4.2,2.0,7,5.0,4,5054,10900000
Bengaluru,Indiranagar,3,1638,3.0,3,3,3.0,1.0,25,Fully-Furnished,Independent House,7.9,1.8,0.0,6,2.0,8,5601,15966000
Visakhapatnam,Rushikonda,1,823,1.0,4,3,1.0,1.0,18,Semi-Furnished,Villa,7.5,0.2,6.0,4,3.0,7,4806,4384000
Chennai,Adyar,4,2227,3.0,4,2,1.0,2.0,28,Unfurnished,Independent House,5.8,4.0,4.0,1,3.0,5,10372,15766000
Mumbai,Bandra,4,2410,4.0,12,7,1.0,1.0,38,Fully-Furnished,Apartment,2.8,1.3,6.0,3,4.0,1,12728,37831000
Delhi,Saket,2,1319,2.0,12,11,1.0,2.0,14,Fully-Furnished,Apartment,6.7,0.6,4.0,0,2.0,3,5526,12785000
Bengaluru,Indiranagar,2,1418,2.0,15,10,1.0,2.0,21,Semi-Furnished,Villa,9.5,1.4,4.0,6,2.0,1,4587,13281000
Mumbai,Andheri,4,2032,3.0,15,12,1.0,1.0,4,Semi-Furnished,Apartment,9.6,7.4,4.0,7,6.0,7,6940,33729000
Pune,Hadapsar,3,1679,4.0,8,1,2.0,1.0,0,Semi-Furnished,Apartment,4.6,2.7,4.0,7,3.0,4,8068,14395000
Chennai,Anna Nagar,2,1359,1.0,5,5,2.0,1.0,35,Unfurnished,Apartment,16.8,2.7,6.0,2,1.0,9,7126,8908000
Chennai,OMR,2,1514,3.0,3,2,1.0,1.0,1,Fully-Furnished,Apartment,11.0,3.6,5.0,3,9.0,7,8375,13324000
Hyderabad,Kukatpally,3,1970,2.0,5,3,1.0,2.0,9,Unfurnished,Apartment,6.3,10.7,2.0,5,10.0,6,11571,13447000
Hyderabad,Kondapur,4,2409,3.0,15,14,0.0,1.0,5,Semi-Furnished,Independent House,14.3,5.7,5.0,1,4.0,7,11985,18455000
Mumbai,Andheri,1,1239,1.0,12,6,3.0,1.0,28,Unfurnished,Apartment,6.3,2.0,0.0,2,3.0,3,7126,17839000
Kolkata,Behala,2,1477,2.0,12,12,1.0,2.0,10,Semi-Furnished,Apartment,1.2,7.8,2.0,2,2.0,6,4383,9405000
Kolkata,New Town,5,2393,4.0,6,3,2.0,1.0,29,Fully-Furnished,Apartment,10.2,1.1,9.0,4,9.0,7,8083,16690000
Visakhapatnam,Dwaraka Nagar,2,885,1.0,12,1,0.0,1.0,36,Semi-Furnished,Villa,5.2,7.2,10.0,5,4.0,1,4970,4547000
Ahmedabad,Maninagar,2,1041,2.0,3,3,1.0,1.0,10,Semi-Furnished,Independent House,9.0,3.0,9.0,5,2.0,10,6102,8453000
Hyderabad,Madhapur,2,1151,3.0,12,9,1.0,3.0,0,Semi-Furnished,Apartment,4.7,3.7,4.0,6,7.0,8,6483,10559000
Visakhapatnam,Seethammadhara,2,1307,3.0,7,3,1.0,2.0,15,Semi-Furnished,Apartment,13.5,2.1,8.0,4,1.0,9,2975,8509000
Kolkata,Rajarhat,2,1693,2.0,3,1,1.0,1.0,40,Fully-Furnished,Apartment,8.6,1.9,0.0,2,3.0,1,9238,9729000
Mumbai,Borivali,3,1725,3.0,3,1,1.0,2.0,26,Semi-Furnished,Apartment,3.8,9.2,8.0,4,5.0,1,10089,26309000
Ahmedabad,Maninagar,3,1793,2.0,3,3,1.0,1.0,3,Unfurnished,Apartment,1.6,2.6,3.0,3,4.0,10,5155,12276000
Vijayawada,Moghalrajpuram,4,2105,4.0,6,2,1.0,1.0,23,Fully-Furnished,Apartment,2.9,3.6,5.0,5,8.0,5,10620,13412000
Ahmedabad,Vastrapur,4,2194,5.0,4,1,2.0,1.0,21,Semi-Furnished,Apartment,1.5,3.1,9.0,0,8.0,9,6751,15388000
Hyderabad,Banjara Hills,2,1351,2.0,3,1,2.0,1.0,39,Unfurnished,Apartment,10.6,8.2,1.0,7,6.0,6,3407,7930000
Ahmedabad,Bodakdev,3,1936,3.0,15,8,1.0,0.0,26,Fully-Furnished,Apartment,7.8,1.0,9.0,3,10.0,7,11429,14725000
Ahmedabad,Maninagar,3,1731,3.0,4,3,2.0,2.0,24,Fully-Furnished,Apartment,3.9,2.4,8.0,4,6.0,8,7133,12719000
Chennai,T Nagar,3,2020,2.0,10,10,1.0,2.0,25,Unfurnished,Independent House,12.8,2.8,3.0,5,6.0,9,8584,14058000
Visakhapatnam,Madhurawada,5,2788,5.0,6,1,1.0,1.0,26,Unfurnished,Independent House,2.9,6.5,6.0,2,7.0,7,7813,14985000
Delhi,Dwarka,2,1526,3.0,4,2,1.0,1.0,9,Unfurnished,Apartment,12.2,0.4,2.0,0,10.0,7,5597,14505000
Pune,Viman Nagar,3,2079,4.0,4,4,0.0,2.0,32,Unfurnished,Villa,9.2,0.6,6.0,0,9.0,2,5598,15957000
Mumbai,Borivali,4,2194,4.0,2,1,0.0,1.0,24,Unfurnished,Villa,8.9,2.0,4.0,0,2.0,5,4404,33115000
Chennai,Porur,2,1338,1.0,2,1,1.0,1.0,14,Semi-Furnished,Independent House,2.5,8.1,7.0,7,2.0,3,3535,10636000
Chennai,T Nagar,3,1407,3.0,4,4,2.0,1.0,12,Unfurnished,Villa,10.3,5.8,7.0,0,6.0,9,5637,10549000
Chennai,OMR,4,2049,4.0,5,5,2.0,2.0,27,Semi-Furnished,Apartment,9.4,2.9,1.0,1,4.0,10,9019,16161000
Kolkata,Behala,3,2004,3.0,3,2,1.0,1.0,15,Fully-Furnished,Apartment,11.9,1.1,1.0,6,8.0,8,11318,14217000
Pune,Wakad,3,1598,3.0,10,8,1.0,2.0,7,Semi-Furnished,Independent House,7.5,2.2,8.0,2,2.0,10,4331,13963000
Ahmedabad,Satellite,3,1713,4.0,7,3,2.0,2.0,8,Semi-Furnished,Independent House,5.0,4.8,3.0,7,8.0,4,6360,11696000
Bengaluru,Whitefield,1,1261,1.0,4,3,2.0,2.0,4,Unfurnished,Apartment,6.1,0.9,7.0,6,3.0,7,3190,11026000
Hyderabad,Kondapur,2,1059,2.0,4,4,3.0,3.0,25,Semi-Furnished,Apartment,0.8,5.9,4.0,7,5.0,7,4330,8041000
Kolkata,Salt Lake,2,1619,2.0,2,1,2.0,1.0,4,Semi-Furnished,Apartment,2.2,2.1,2.0,6,5.0,2,6696,10640000
Visakhapatnam,Dwaraka Nagar,4,1814,4.0,8,2,1.0,2.0,4,Semi-Furnished,Apartment,4.9,5.5,8.0,0,4.0,8,7063,11399000
Delhi,Saket,4,2132,4.0,3,2,1.0,1.0,1,Semi-Furnished,Apartment,4.1,8.5,0.0,6,8.0,2,4311,21492000
Vijayawada,Gunadala,3,1688,3.0,8,5,0.0,2.0,20,Semi-Furnished,Apartment,15.8,3.4,4.0,4,10.0,5,8235,9037000
Pune,Kharadi,3,1780,3.0,8,5,1.0,3.0,7,Semi-Furnished,Apartment,3.8,7.5,1.0,1,9.0,6,7756,14791000
Kolkata,New Town,2,1383,2.0,6,5,1.0,2.0,17,Unfurnished,Apartment,2.8,4.4,1.0,5,3.0,7,3421,7584000
Kolkata,Salt Lake,3,1655,2.0,15,12,1.0,1.0,37,Semi-Furnished,Apartment,3.1,6.0,0.0,4,6.0,4,6529,9733000
Vijayawada,Governorpet,3,1762,2.0,3,2,2.0,0.0,38,Semi-Furnished,Apartment,5.7,5.9,9.0,3,9.0,1,9721,10072000
Bengaluru,Yelahanka,3,1652,2.0,7,7,2.0,0.0,30,Fully-Furnished,Apartment,6.1,3.1,5.0,7,7.0,7,9433,14948000
Hyderabad,Kondapur,3,1430,3.0,5,2,2.0,1.0,15,Unfurnished,Apartment,2.5,4.1,5.0,2,2.0,2,2901,10340000
Bengaluru,Whitefield,4,2037,4.0,7,2,1.0,2.0,7,Unfurnished,Apartment,8.5,1.4,8.0,3,9.0,3,10826,18428000
Bengaluru,Whitefield,4,2184,5.0,5,3,1.0,0.0,5,Unfurnished,Apartment,3.9,2.4,1.0,3,10.0,3,6032,19837000
Mumbai,Borivali,2,1460,1.0,12,4,2.0,2.0,18,Fully-Furnished,Independent House,4.5,4.3,2.0,3,5.0,1,6118,23429000
Bengaluru,HSR Layout,1,758,1.0,4,2,2.0,3.0,22,Semi-Furnished,Apartment,3.5,1.4,5.0,5,8.0,2,3219,6836000
Bengaluru,Koramangala,3,1701,3.0,2,2,2.0,1.0,3,Unfurnished,Independent House,12.5,3.2,0.0,6,6.0,10,4510,16429000
Mumbai,Andheri,2,1486,1.0,3,3,1.0,1.0,24,Unfurnished,Independent House,3.1,4.8,1.0,2,5.0,10,5482,22406000
Mumbai,Bandra,2,1131,2.0,7,1,1.0,1.0,23,Unfurnished,Apartment,5.0,3.2,9.0,2,9.0,4,4536,18579000
Hyderabad,Madhapur,4,2502,4.0,7,3,1.0,1.0,13,Fully-Furnished,Villa,11.4,3.5,6.0,4,3.0,1,13768,19302000
Pune,Hadapsar,4,2056,4.0,12,11,2.0,2.0,2,Unfurnished,Independent House,2.6,4.8,2.0,4,2.0,9,4132,16868000
Visakhapatnam,Gajuwaka,1,1520,1.0,4,2,1.0,2.0,23,Unfurnished,Apartment,4.5,5.2,4.0,1,6.0,5,8706,7190000
Delhi,Dwarka,4,2111,3.0,5,2,1.0,1.0,28,Semi-Furnished,Independent House,10.3,3.1,10.0,0,3.0,4,6835,20402000
Pune,Baner,2,1165,3.0,12,8,1.0,3.0,30,Semi-Furnished,Apartment,4.9,7.9,5.0,6,6.0,4,4671,9083000
Vijayawada,Moghalrajpuram,4,2328,3.0,15,4,1.0,2.0,13,Fully-Furnished,Apartment,8.4,3.3,9.0,7,6.0,6,5014,15237000
Pune,Hinjewadi,2,1410,2.0,10,8,2.0,0.0,16,Semi-Furnished,Apartment,10.3,2.5,4.0,6,2.0,10,3636,12334000
Visakhapatnam,Rushikonda,4,2449,4.0,15,11,0.0,1.0,10,Fully-Furnished,Apartment,3.7,9.4,9.0,1,4.0,6,6716,15887000
Mumbai,Borivali,4,2085,4.0,8,8,1.0,1.0,38,Fully-Furnished,Independent House,3.6,1.1,4.0,6,8.0,4,6753,33620000
Mumbai,Thane,2,1556,3.0,15,7,2.0,1.0,40,Semi-Furnished,Apartment,11.8,3.4,4.0,3,8.0,6,6295,23291000
Delhi,Pitampura,4,2178,4.0,4,4,3.0,2.0,38,Unfurnished,Apartment,11.0,1.9,0.0,6,10.0,1,13063,20470000
Delhi,Rohini,5,2714,4.0,8,2,1.0,1.0,34,Semi-Furnished,Independent House,3.2,2.1,10.0,3,7.0,10,7616,26581000
Vijayawada,Benz Circle,2,1378,2.0,4,2,2.0,2.0,12,Semi-Furnished,Villa,3.1,5.9,0.0,1,8.0,6,8220,8106000
Ahmedabad,Bodakdev,5,2749,4.0,8,1,2.0,2.0,38,Semi-Furnished,Independent House,6.9,3.9,0.0,3,5.0,7,11947,17980000
Kolkata,Salt Lake,3,1755,3.0,5,2,2.0,1.0,21,Fully-Furnished,Apartment,5.5,14.0,9.0,3,7.0,8,6588,11887000
Visakhapatnam,Seethammadhara,3,1826,4.0,3,1,1.0,2.0,28,Unfurnished,Apartment,1.7,5.0,2.0,4,9.0,2,8723,9407000
Pune,Baner,3,1632,2.0,2,2,2.0,2.0,28,Fully-Furnished,Independent House,8.8,2.9,6.0,2,8.0,7,6151,13913000
Kolkata,New Town,2,1385,2.0,4,2,1.0,1.0,10,Semi-Furnished,Apartment,1.8,2.6,5.0,3,8.0,10,7044,10303000
Visakhapatnam,Rushikonda,1,754,2.0,7,6,1.0,1.0,13,Fully-Furnished,Apartment,7.6,1.0,0.0,2,9.0,4,2846,4928000
Kolkata,Dum Dum,5,2457,5.0,2,2,2.0,2.0,8,Fully-Furnished,Apartment,13.3,4.5,6.0,1,10.0,5,6851,17272000
Visakhapatnam,Rushikonda,4,2091,3.0,8,6,1.0,2.0,9,Unfurnished,Independent House,9.5,3.9,4.0,3,6.0,5,6264,11637000
Mumbai,Thane,3,2018,3.0,8,4,2.0,2.0,0,Unfurnished,Apartment,7.0,0.4,4.0,7,6.0,7,6506,32438000
Chennai,T Nagar,1,1149,1.0,15,6,0.0,2.0,40,Unfurnished,Independent House,9.1,0.3,9.0,0,3.0,6,3425,8459000
Visakhapatnam,Dwaraka Nagar,4,2257,3.0,7,4,0.0,0.0,11,Semi-Furnished,Apartment,9.9,1.2,7.0,4,5.0,7,7722,13392000
Kolkata,Dum Dum,4,2328,5.0,8,3,2.0,1.0,11,Semi-Furnished,Independent House,2.3,1.0,5.0,7,1.0,5,8696,15267000
Hyderabad,Madhapur,3,1550,3.0,6,5,1.0,2.0,2,Semi-Furnished,Independent House,3.8,5.0,0.0,4,4.0,7,7663,12209000
Pune,Hinjewadi,2,1180,3.0,3,2,1.0,1.0,25,Semi-Furnished,Apartment,4.9,2.4,6.0,4,9.0,9,6048,10640000
Kolkata,Rajarhat,1,860,1.0,10,8,3.0,1.0,14,Unfurnished,Apartment,4.1,3.0,8.0,2,1.0,9,1845,6319000
Chennai,Porur,2,1371,3.0,4,3,2.0,2.0,30,Unfurnished,Apartment,7.5,4.5,3.0,2,4.0,7,4883,8693000
Bengaluru,Koramangala,3,1928,4.0,7,7,1.0,0.0,2,Fully-Furnished,Apartment,0.6,6.8,9.0,1,8.0,5,11424,21438000
Bengaluru,Koramangala,4,1836,3.0,10,10,1.0,2.0,2,Fully-Furnished,Apartment,10.3,10.0,1.0,6,10.0,5,5902,20339000
Kolkata,Rajarhat,3,1890,3.0,3,2,0.0,1.0,14,Fully-Furnished,Independent House,10.6,7.2,0.0,5,3.0,8,9420,13643000
Vijayawada,Poranki,1,540,1.0,7,3,2.0,0.0,1,Semi-Furnished,Apartment,7.8,4.1,9.0,2,6.0,8,1095,4821000
Ahmedabad,Chandkheda,2,1231,1.0,7,6,3.0,1.0,4,Semi-Furnished,Apartment,2.4,0.5,7.0,7,5.0,10,6017,9224000
Kolkata,Rajarhat,3,1677,3.0,2,2,2.0,1.0,39,Unfurnished,Apartment,2.9,2.5,10.0,1,3.0,10,9800,8545000
Kolkata,Behala,1,777,1.0,4,4,2.0,3.0,1,Semi-Furnished,Apartment,10.0,3.8,3.0,5,8.0,9,2567,6634000
Pune,Hinjewadi,3,1845,4.0,12,9,2.0,0.0,26,Fully-Furnished,Apartment,6.3,1.4,4.0,5,6.0,5,5709,16025000
Hyderabad,Kukatpally,3,1544,3.0,5,4,1.0,1.0,21,Semi-Furnished,Villa,3.2,2.8,2.0,2,8.0,1,3946,11983000
Chennai,Velachery,2,1438,3.0,2,1,0.0,0.0,20,Unfurnished,Apartment,12.8,2.2,1.0,6,4.0,6,4387,9415000
Delhi,Vasant Kunj,3,1828,3.0,15,11,2.0,2.0,21,Unfurnished,Apartment,2.9,4.9,4.0,2,4.0,5,5242,17862000
Pune,Hinjewadi,1,692,1.0,6,5,1.0,2.0,11,Fully-Furnished,Independent House,8.8,1.1,8.0,7,8.0,5,3839,7147000
Bengaluru,Indiranagar,1,777,2.0,4,3,1.0,2.0,1,Semi-Furnished,Apartment,8.4,2.2,8.0,0,1.0,6,2297,7355000
Visakhapatnam,Madhurawada,5,2701,5.0,6,2,2.0,2.0,34,Unfurnished,Apartment,6.6,0.8,6.0,2,8.0,8,12846,14035000
Bengaluru,Electronic City,3,1876,3.0,12,11,0.0,2.0,35,Fully-Furnished,Apartment,6.8,6.1,9.0,4,3.0,10,4025,18628000
Bengaluru,Indiranagar,4,2173,5.0,15,9,2.0,1.0,29,Unfurnished,Apartment,8.1,4.9,9.0,7,8.0,1,10091,19774000
Hyderabad,Gachibowli,3,1717,3.0,10,9,1.0,1.0,31,Semi-Furnished,Apartment,0.7,2.1,3.0,3,9.0,10,7210,12772000
Hyderabad,Madhapur,3,1694,3.0,12,2,1.0,1.0,27,Semi-Furnished,Apartment,6.7,14.7,8.0,6,6.0,3,9394,11159000
Hyderabad,Madhapur,2,1424,1.0,10,1,2.0,0.0,4,Unfurnished,Apartment,4.2,0.3,8.0,2,1.0,10,4265,10930000
Kolkata,Salt Lake,3,1773,2.0,2,1,1.0,2.0,36,Semi-Furnished,Apartment,3.4,3.8,2.0,6,2.0,8,8233,11027000
Delhi,Vasant Kunj,4,2282,4.0,4,4,3.0,2.0,1,Unfurnished,Apartment,0.5,0.7,9.0,0,1.0,9,8919,21973000
Kolkata,Salt Lake,3,1970,3.0,8,1,1.0,2.0,0,Unfurnished,Apartment,1.4,7.2,1.0,5,8.0,9,4897,11973000
Ahmedabad,Vastrapur,3,2129,3.0,6,1,1.0,2.0,19,Unfurnished,Independent House,0.7,3.3,1.0,1,5.0,10,8123,14570000
Pune,Baner,2,1245,2.0,4,2,2.0,2.0,17,Semi-Furnished,Apartment,11.8,1.9,5.0,5,3.0,2,4961,9128000
Kolkata,Behala,3,1578,2.0,3,1,3.0,2.0,3,Fully-Furnished,Independent House,1.6,1.2,9.0,0,4.0,1,9080,11265000
Bengaluru,Yelahanka,4,2211,5.0,6,3,2.0,1.0,35,Semi-Furnished,Apartment,3.5,2.9,9.0,6,2.0,6,10152,20629000
Kolkata,Ballygunge,2,958,2.0,6,3,3.0,2.0,35,Unfurnished,Apartment,3.1,9.0,6.0,4,9.0,8,3150,6681000
Ahmedabad,Vastrapur,2,1712,3.0,4,1,1.0,1.0,24,Fully-Furnished,Apartment,4.7,2.9,0.0,1,4.0,7,5362,12280000
Mumbai,Thane,3,1475,2.0,4,1,2.0,0.0,38,Fully-Furnished,Apartment,10.9,1.9,10.0,0,6.0,4,4409,24230000
Kolkata,Behala,2,1869,3.0,10,7,2.0,2.0,22,Fully-Furnished,Apartment,0.8,4.7,8.0,4,10.0,4,8982,13536000
Mumbai,Thane,3,1637,4.0,4,2,1.0,2.0,40,Unfurnished,Apartment,3.7,3.6,10.0,0,6.0,4,3764,25119000
Ahmedabad,Satellite,2,1608,3.0,3,3,1.0,0.0,24,Fully-Furnished,Apartment,4.8,5.5,2.0,2,3.0,8,3991,11307000
Visakhapatnam,Madhurawada,3,1488,4.0,4,4,1.0,1.0,18,Unfurnished,Apartment,2.3,9.0,1.0,7,8.0,1,8762,7833000
Kolkata,New Town,4,2498,5.0,3,3,2.0,2.0,25,Unfurnished,Independent House,5.9,3.6,10.0,3,1.0,7,10572,15527000
Mumbai,Thane,3,1399,2.0,12,9,1.0,3.0,30,Semi-Furnished,Apartment,5.4,4.9,4.0,1,9.0,6,7881,23882000
Delhi,Saket,4,2277,4.0,3,2,2.0,1.0,0,Semi-Furnished,Apartment,8.8,1.9,3.0,5,8.0,4,10703,23389000
Kolkata,Rajarhat,2,1729,1.0,10,10,2.0,0.0,18,Unfurnished,Apartment,3.8,4.9,0.0,1,10.0,2,6894,10482000
Mumbai,Thane,1,1016,1.0,2,1,2.0,1.0,10,Semi-Furnished,Independent House,5.5,1.2,4.0,2,1.0,2,3202,15404000
Bengaluru,HSR Layout,4,1981,4.0,3,3,1.0,1.0,19,Semi-Furnished,Apartment,3.8,12.1,1.0,1,7.0,7,10850,16952000
Ahmedabad,Bodakdev,3,1676,4.0,4,4,3.0,2.0,27,Semi-Furnished,Apartment,4.8,5.2,4.0,7,1.0,10,9281,11386000
Delhi,Vasant Kunj,5,2617,5.0,2,1,1.0,0.0,5,Semi-Furnished,Independent House,3.9,2.1,9.0,3,1.0,2,12709,25730000
Delhi,Pitampura,3,1924,2.0,12,5,3.0,2.0,29,Unfurnished,Apartment,1.9,5.0,10.0,4,6.0,3,9456,18833000
Mumbai,Navi Mumbai,1,819,2.0,5,4,1.0,3.0,39,Fully-Furnished,Apartment,1.3,5.8,9.0,1,10.0,2,1663,13339000
Visakhapatnam,Seethammadhara,4,2268,5.0,6,4,2.0,0.0,22,Unfurnished,Apartment,10.5,1.1,0.0,0,4.0,4,7072,10938000
Chennai,Anna Nagar,2,1178,3.0,6,1,2.0,2.0,39,Fully-Furnished,Independent House,2.0,0.8,5.0,4,9.0,8,3593,9125000
Kolkata,Rajarhat,3,1834,2.0,2,1,1.0,2.0,4,Fully-Furnished,Apartment,9.6,2.2,7.0,5,7.0,6,7938,12129000
Visakhapatnam,Dwaraka Nagar,4,2363,3.0,3,3,0.0,3.0,7,Semi-Furnished,Apartment,2.2,2.0,3.0,1,7.0,7,5284,13182000
Kolkata,Salt Lake,3,1791,3.0,5,1,2.0,2.0,16,Semi-Furnished,Apartment,4.8,1.7,1.0,7,3.0,3,6978,10611000
Vijayawada,Governorpet,5,2427,5.0,15,9,2.0,2.0,24,Semi-Furnished,Independent House,5.4,6.8,10.0,7,8.0,5,8975,13821000
Kolkata,New Town,3,1729,3.0,7,5,3.0,3.0,18,Semi-Furnished,Apartment,1.8,1.1,7.0,3,2.0,10,9592,10840000
Ahmedabad,Prahlad Nagar,3,1909,4.0,5,2,3.0,3.0,14,Fully-Furnished,Apartment,8.1,1.3,9.0,2,8.0,7,7287,16262000
Kolkata,Salt Lake,3,2030,2.0,12,10,1.0,2.0,4,Unfurnished,Apartment,1.1,11.4,7.0,5,6.0,8,9839,13949000
Chennai,Anna Nagar,3,1639,2.0,5,4,2.0,1.0,35,Semi-Furnished,Apartment,7.8,2.5,3.0,0,1.0,2,5797,10679000
Ahmedabad,Chandkheda,3,1765,2.0,3,3,1.0,1.0,19,Unfurnished,Apartment,4.9,14.4,2.0,2,9.0,8,5410,11809000
Kolkata,Rajarhat,4,1826,4.0,10,5,2.0,1.0,24,Unfurnished,Independent House,9.6,2.8,10.0,0,9.0,4,9698,10227000
Bengaluru,Koramangala,2,1487,1.0,15,13,0.0,1.0,39,Unfurnished,Apartment,3.8,10.9,9.0,2,1.0,1,6750,11407000
Visakhapatnam,Seethammadhara,5,2472,6.0,12,6,1.0,3.0,26,Semi-Furnished,Apartment,2.8,3.3,7.0,0,3.0,4,12823,14157000
Visakhapatnam,Gajuwaka,2,1121,3.0,5,1,2.0,1.0,6,Unfurnished,Independent House,9.4,2.6,6.0,2,4.0,4,4372,5756000
Visakhapatnam,Rushikonda,3,1610,4.0,4,1,3.0,3.0,16,Unfurnished,Apartment,1.4,5.0,5.0,4,1.0,4,4069,8696000
Pune,Kharadi,3,1640,3.0,8,4,3.0,2.0,26,Semi-Furnished,Independent House,3.9,2.8,3.0,6,7.0,1,8247,15372000
Mumbai,Borivali,3,1825,3.0,5,2,1.0,1.0,10,Semi-Furnished,Independent House,8.2,1.8,4.0,2,8.0,10,5168,29624000
Vijayawada,Gunadala,3,1695,4.0,15,7,0.0,2.0,22,Unfurnished,Apartment,5.1,2.7,9.0,4,5.0,9,7978,8372000
Delhi,Mayur Vihar,4,2167,5.0,6,2,2.0,1.0,37,Semi-Furnished,Villa,2.5,0.2,4.0,2,2.0,7,10026,20212000
Pune,Hinjewadi,3,1598,3.0,12,7,1.0,2.0,9,Fully-Furnished,Independent House,3.0,3.4,6.0,3,10.0,1,3376,15304000
Hyderabad,Kukatpally,4,2238,4.0,15,13,2.0,2.0,31,Unfurnished,Apartment,11.0,4.4,2.0,1,7.0,2,13068,14897000
Bengaluru,HSR Layout,1,1230,1.0,8,7,1.0,2.0,16,Unfurnished,Apartment,2.9,2.4,1.0,2,5.0,6,4681,9683000
Mumbai,Borivali,3,1827,2.0,8,5,1.0,2.0,7,Fully-Furnished,Apartment,17.0,5.3,9.0,3,2.0,8,8936,30273000
Delhi,Pitampura,4,2283,3.0,3,3,2.0,2.0,30,Unfurnished,Independent House,6.5,2.1,7.0,4,2.0,5,12894,19864000
Delhi,Pitampura,1,802,1.0,6,2,0.0,3.0,2,Unfurnished,Apartment,5.4,4.1,0.0,6,3.0,1,1620,7434000
Visakhapatnam,Dwaraka Nagar,2,1600,2.0,5,4,2.0,2.0,20,Semi-Furnished,Apartment,8.8,3.4,3.0,2,4.0,10,4988,8903000
Mumbai,Navi Mumbai,2,1388,2.0,5,2,0.0,1.0,25,Unfurnished,Apartment,1.4,3.6,2.0,0,10.0,5,3863,22088000
Kolkata,Ballygunge,3,1859,4.0,8,5,1.0,1.0,24,Semi-Furnished,Villa,3.1,2.1,6.0,7,3.0,4,10461,12039000
Pune,Wakad,4,2548,5.0,10,8,1.0,3.0,13,Fully-Furnished,Apartment,4.2,6.0,6.0,5,8.0,8,12445,23591000
Ahmedabad,Prahlad Nagar,3,1706,3.0,2,2,3.0,2.0,29,Semi-Furnished,Apartment,12.6,2.0,4.0,0,6.0,2,9791,11626000
Vijayawada,Poranki,2,1344,2.0,10,8,1.0,0.0,27,Semi-Furnished,Apartment,9.9,13.5,3.0,1,2.0,1,4613,7121000
Hyderabad,Banjara Hills,4,2082,3.0,6,5,0.0,2.0,6,Semi-Furnished,Apartment,2.1,1.0,3.0,7,3.0,6,12023,14835000
Mumbai,Thane,2,1267,3.0,7,5,0.0,0.0,26,Unfurnished,Apartment,1.9,2.2,3.0,5,6.0,4,6641,19157000
Visakhapatnam,Rushikonda,2,1362,2.0,12,5,0.0,2.0,13,Unfurnished,Apartment,3.7,1.2,7.0,0,1.0,8,5470,7963000
Kolkata,Ballygunge,2,1115,3.0,12,9,0.0,2.0,33,Semi-Furnished,Apartment,2.2,2.1,6.0,6,6.0,4,3802,5553000
Visakhapatnam,Rushikonda,2,1262,3.0,6,3,1.0,2.0,21,Fully-Furnished,Apartment,3.2,5.4,5.0,7,5.0,6,2831,8194000
Delhi,Vasant Kunj,3,1217,3.0,4,4,0.0,3.0,25,Semi-Furnished,Independent House,8.1,1.8,0.0,7,4.0,1,6675,12606000
Visakhapatnam,Gajuwaka,2,1177,2.0,2,1,1.0,0.0,11,Semi-Furnished,Apartment,10.6,2.3,1.0,1,1.0,5,6374,7228000
Bengaluru,Yelahanka,3,1772,2.0,3,2,2.0,1.0,21,Fully-Furnished,Villa,3.1,3.6,0.0,4,3.0,3,4185,17112000
Chennai,T Nagar,2,1391,3.0,5,5,1.0,3.0,7,Fully-Furnished,Apartment,2.9,3.7,8.0,2,4.0,1,4634,12703000
Visakhapatnam,Dwaraka Nagar,5,2568,5.0,15,12,1.0,1.0,19,Semi-Furnished,Apartment,7.7,5.5,0.0,6,8.0,7,14746,15651000
Visakhapatnam,Rushikonda,4,1809,3.0,2,2,2.0,1.0,1,Unfurnished,Villa,1.7,5.6,3.0,7,8.0,2,5852,9869000
Delhi,Mayur Vihar,3,1914,2.0,10,5,2.0,3.0,10,Unfurnished,Apartment,8.1,8.0,6.0,1,4.0,10,9539,17498000
Bengaluru,Koramangala,3,1792,3.0,7,3,0.0,2.0,33,Unfurnished,Independent House,11.7,1.9,10.0,3,6.0,1,7331,16009000
Ahmedabad,Prahlad Nagar,2,1078,2.0,12,4,1.0,1.0,4,Unfurnished,Villa,20.0,1.6,2.0,6,5.0,8,3046,5938000
Vijayawada,Governorpet,3,1596,3.0,2,1,2.0,2.0,10,Unfurnished,Apartment,7.3,2.3,3.0,7,8.0,8,4141,9001000
Bengaluru,Indiranagar,3,1547,4.0,8,7,1.0,1.0,33,Semi-Furnished,Independent House,14.2,1.4,6.0,4,2.0,4,4904,13981000
Visakhapatnam,Madhurawada,3,1658,3.0,5,5,2.0,2.0,1,Fully-Furnished,Apartment,8.8,4.0,2.0,4,2.0,1,3521,10053000
Chennai,Anna Nagar,2,1656,1.0,10,4,3.0,1.0,20,Unfurnished,Villa,3.3,4.3,8.0,5,6.0,7,3947,13483000
Mumbai,Navi Mumbai,3,1864,3.0,3,3,2.0,0.0,35,Semi-Furnished,Independent House,3.0,6.5,6.0,4,7.0,5,6385,29917000
Delhi,Vasant Kunj,2,1474,3.0,2,2,1.0,1.0,1,Unfurnished,Apartment,0.5,9.1,10.0,2,4.0,7,5945,14914000
Vijayawada,Moghalrajpuram,3,1380,2.0,3,3,2.0,2.0,39,Unfurnished,Apartment,4.7,5.2,3.0,5,3.0,3,7953,6113000
Visakhapatnam,MVP Colony,4,2254,4.0,4,4,0.0,1.0,5,Unfurnished,Apartment,14.4,5.5,10.0,3,8.0,10,13248,12666000
Vijayawada,Moghalrajpuram,5,2688,4.0,4,3,1.0,1.0,3,Unfurnished,Apartment,13.0,2.3,8.0,3,9.0,9,5641,14793000
Kolkata,Salt Lake,2,1308,2.0,4,4,1.0,0.0,25,Fully-Furnished,Villa,3.6,6.2,5.0,5,4.0,7,3873,8664000
Bengaluru,Yelahanka,1,850,1.0,8,5,1.0,0.0,13,Fully-Furnished,Villa,5.6,5.5,2.0,3,3.0,2,2972,8859000
Hyderabad,Gachibowli,4,2255,5.0,8,4,2.0,2.0,18,Fully-Furnished,Apartment,1.5,4.7,5.0,1,4.0,10,11823,18070000
Kolkata,Rajarhat,1,966,1.0,6,4,1.0,1.0,31,Unfurnished,Apartment,2.1,2.7,4.0,4,3.0,10,2314,5039000
Pune,Hinjewadi,3,1844,3.0,12,10,2.0,1.0,4,Semi-Furnished,Apartment,6.8,6.5,9.0,0,2.0,10,4841,15898000
Pune,Hadapsar,2,1330,2.0,7,6,0.0,2.0,37,Fully-Furnished,Apartment,3.5,0.7,9.0,0,2.0,2,6911,9893000
Bengaluru,HSR Layout,4,2313,4.0,10,7,3.0,0.0,37,Fully-Furnished,Independent House,4.3,4.4,2.0,1,5.0,2,5276,21823000
Visakhapatnam,Rushikonda,2,1271,2.0,4,3,2.0,3.0,2,Fully-Furnished,Apartment,20.3,1.1,0.0,7,9.0,7,5357,9235000
Mumbai,Navi Mumbai,2,1443,2.0,7,4,1.0,1.0,15,Unfurnished,Apartment,3.2,4.9,8.0,4,3.0,2,7450,21386000
Hyderabad,Kukatpally,3,1623,4.0,10,9,0.0,1.0,0,Unfurnished,Apartment,3.3,6.2,8.0,5,9.0,2,4916,12724000
Kolkata,Salt Lake,2,1609,2.0,8,1,1.0,1.0,36,Fully-Furnished,Independent House,4.2,1.3,10.0,4,9.0,10,4131,10202000
Chennai,Anna Nagar,4,2207,3.0,15,11,2.0,1.0,17,Unfurnished,Independent House,10.0,5.7,10.0,4,9.0,2,8854,14908000
Hyderabad,Kukatpally,3,1879,3.0,2,2,2.0,2.0,38,Fully-Furnished,Apartment,2.2,1.5,5.0,1,10.0,1,9304,14903000
Hyderabad,Banjara Hills,4,2293,5.0,7,3,2.0,1.0,9,Unfurnished,Apartment,4.9,1.5,7.0,5,2.0,5,9014,16274000
Bengaluru,Electronic City,1,1076,1.0,10,7,1.0,1.0,33,Unfurnished,Independent House,3.4,3.5,4.0,1,3.0,7,3460,10504000
Bengaluru,Indiranagar,2,1518,3.0,15,6,1.0,1.0,1,Semi-Furnished,Apartment,0.6,2.1,3.0,3,5.0,7,5488,16326000
Mumbai,Powai,4,2286,5.0,6,1,2.0,2.0,2,Semi-Furnished,Apartment,8.3,7.7,4.0,7,2.0,7,6856,37549000
Hyderabad,Banjara Hills,3,1716,3.0,3,1,2.0,1.0,34,Unfurnished,Apartment,6.2,1.6,9.0,6,5.0,4,5003,11145000
Bengaluru,HSR Layout,5,2851,5.0,12,7,1.0,1.0,2,Semi-Furnished,Independent House,2.8,2.4,1.0,6,3.0,4,5746,28674000
Mumbai,Andheri,4,2032,4.0,2,1,2.0,2.0,6,Unfurnished,Independent House,6.2,3.5,9.0,1,10.0,8,5225,34302000
Kolkata,Rajarhat,3,1816,4.0,6,6,1.0,1.0,30,Fully-Furnished,Apartment,11.4,1.0,0.0,0,7.0,3,5490,11795000
Chennai,Anna Nagar,3,1839,2.0,12,9,2.0,3.0,21,Unfurnished,Apartment,9.0,3.2,4.0,2,4.0,8,8510,14069000
Chennai,Adyar,3,1766,4.0,10,9,1.0,2.0,6,Fully-Furnished,Independent House,2.9,2.5,7.0,3,9.0,6,5743,16942000
Pune,Hinjewadi,1,881,1.0,8,8,2.0,1.0,16,Semi-Furnished,Apartment,17.0,4.6,7.0,6,1.0,5,3520,6287000
Kolkata,Rajarhat,5,2824,5.0,8,4,0.0,1.0,14,Fully-Furnished,Independent House,8.9,5.1,9.0,5,3.0,1,6745,19108000
Mumbai,Andheri,1,1210,1.0,8,2,0.0,1.0,6,Semi-Furnished,Villa,7.0,7.6,8.0,3,5.0,4,4310,19070000
Mumbai,Powai,2,1241,1.0,12,6,1.0,1.0,12,Fully-Furnished,Independent House,3.6,,9.0,1,7.0,9,3228,21624000
Hyderabad,Kondapur,3,2018,3.0,3,2,1.0,0.0,3,Semi-Furnished,Independent House,5.6,4.2,4.0,0,9.0,10,6462,15977000
Pune,Hinjewadi,4,2108,4.0,3,3,2.0,1.0,39,Semi-Furnished,Apartment,2.0,1.8,7.0,2,7.0,8,12235,17120000
Vijayawada,Patamata,2,1288,1.0,12,8,1.0,1.0,35,Semi-Furnished,Apartment,1.7,1.9,6.0,4,8.0,4,2796,5306000
Delhi,Vasant Kunj,4,2445,4.0,12,5,0.0,1.0,15,Semi-Furnished,Independent House,2.6,3.9,2.0,5,4.0,5,9464,24682000
Visakhapatnam,Madhurawada,3,2122,4.0,10,5,1.0,3.0,26,Unfurnished,Apartment,5.4,4.2,4.0,5,9.0,2,11849,10568000
Pune,Viman Nagar,4,2385,5.0,10,6,2.0,1.0,6,Unfurnished,Villa,10.6,5.5,10.0,7,2.0,10,10798,20138000
Hyderabad,Miyapur,2,1352,2.0,2,1,3.0,2.0,28,Unfurnished,Independent House,2.6,2.7,1.0,7,10.0,7,7878,9570000
Hyderabad,Banjara Hills,2,1189,2.0,15,4,2.0,1.0,10,Unfurnished,Independent House,3.7,1.4,7.0,4,7.0,9,3388,7291000
Ahmedabad,Maninagar,3,2224,3.0,15,8,2.0,1.0,20,Semi-Furnished,Apartment,9.5,2.4,7.0,1,2.0,5,8269,15248000
Bengaluru,Yelahanka,2,1245,1.0,4,1,1.0,0.0,37,Unfurnished,Independent House,7.5,2.7,1.0,1,7.0,6,4105,11027000
Mumbai,Bandra,3,1822,2.0,5,5,1.0,1.0,1,Semi-Furnished,Independent House,8.2,8.9,1.0,6,10.0,6,7293,29587000
Mumbai,Powai,3,1944,3.0,5,1,0.0,2.0,2,Unfurnished,Apartment,13.1,3.6,4.0,7,2.0,3,9238,29524000
Chennai,Velachery,3,1807,4.0,10,5,1.0,1.0,6,Semi-Furnished,Apartment,1.4,2.6,1.0,1,2.0,2,4568,14861000
Vijayawada,Poranki,3,1629,2.0,15,3,2.0,1.0,40,Semi-Furnished,Apartment,1.4,4.6,4.0,3,10.0,1,7265,6302000
Kolkata,Rajarhat,4,2346,4.0,3,1,1.0,2.0,26,Fully-Furnished,Apartment,16.7,1.1,2.0,3,7.0,8,12095,13989000
Pune,Hinjewadi,1,847,2.0,5,2,1.0,2.0,11,Semi-Furnished,Villa,6.1,0.5,8.0,1,9.0,8,2343,8205000
Pune,Hadapsar,2,1437,1.0,10,3,2.0,1.0,38,Semi-Furnished,Independent House,3.7,3.0,10.0,3,2.0,4,4577,9693000
Delhi,Dwarka,2,1249,2.0,3,1,2.0,2.0,9,Semi-Furnished,Apartment,8.9,1.3,1.0,6,3.0,3,3876,11932000
Kolkata,New Town,4,2092,4.0,10,4,0.0,2.0,6,Fully-Furnished,Independent House,11.3,5.4,0.0,0,7.0,1,8989,14727000
Bengaluru,Koramangala,3,1841,4.0,6,2,2.0,1.0,0,Fully-Furnished,Independent House,3.5,2.2,10.0,0,5.0,2,6931,20064000
Vijayawada,Patamata,3,1659,2.0,5,1,2.0,2.0,12,Unfurnished,Apartment,2.5,1.8,10.0,1,9.0,6,4563,8615000
Vijayawada,Patamata,2,1037,3.0,15,3,2.0,2.0,17,Fully-Furnished,Villa,0.8,0.9,10.0,3,5.0,8,4508,6385000
Kolkata,Behala,2,1146,2.0,15,15,2.0,1.0,21,Fully-Furnished,Apartment,7.2,2.5,4.0,5,10.0,8,2913,7434000
Mumbai,Navi Mumbai,3,1599,3.0,2,1,1.0,1.0,5,Fully-Furnished,Apartment,5.9,4.7,1.0,2,5.0,1,6419,26929000
Ahmedabad,Satellite,4,2112,3.0,2,2,2.0,1.0,33,Fully-Furnished,Apartment,7.8,0.4,10.0,2,2.0,1,10813,16196000
Ahmedabad,Maninagar,2,1596,2.0,6,3,0.0,1.0,22,Semi-Furnished,Apartment,10.5,2.8,7.0,6,10.0,5,5339,10800000
Delhi,Rohini,2,1391,1.0,15,12,1.0,2.0,4,Semi-Furnished,Apartment,6.2,0.6,3.0,7,8.0,6,6872,15631000
Bengaluru,Koramangala,4,2294,4.0,5,4,2.0,1.0,18,Semi-Furnished,Apartment,11.3,3.6,4.0,3,2.0,3,7312,21226000
Pune,Baner,4,2103,4.0,12,12,1.0,2.0,1,Unfurnished,Apartment,1.3,2.9,4.0,3,7.0,4,7860,18544000
Visakhapatnam,Rushikonda,3,1433,3.0,2,1,2.0,0.0,1,Unfurnished,Independent House,4.3,1.8,3.0,7,10.0,9,6892,9491000
Chennai,OMR,3,1544,3.0,3,2,2.0,1.0,4,Semi-Furnished,Independent House,6.8,6.8,9.0,1,2.0,8,9210,13589000
Hyderabad,Gachibowli,1,1084,2.0,7,7,3.0,1.0,20,Semi-Furnished,Independent House,5.1,1.9,10.0,6,3.0,7,3451,8314000
Hyderabad,Banjara Hills,2,1457,3.0,2,2,2.0,1.0,28,Unfurnished,Apartment,4.2,1.6,8.0,6,1.0,7,7434,9596000
Bengaluru,Koramangala,3,1531,3.0,7,4,1.0,2.0,15,Semi-Furnished,Apartment,3.2,3.0,6.0,3,9.0,5,6663,15325000
Vijayawada,Patamata,2,1111,3.0,7,2,1.0,2.0,9,Fully-Furnished,Villa,9.0,6.2,4.0,5,7.0,5,5186,6881000
Pune,Kharadi,4,2201,4.0,15,15,2.0,3.0,27,Semi-Furnished,Independent House,3.7,1.5,0.0,5,5.0,1,5183,18168000
Ahmedabad,Prahlad Nagar,3,2228,2.0,7,5,1.0,3.0,1,Fully-Furnished,Independent House,1.8,2.5,2.0,0,2.0,7,5569,16554000
Chennai,Velachery,4,1931,4.0,8,4,2.0,1.0,14,Unfurnished,Apartment,2.4,5.7,4.0,0,10.0,8,7518,14643000
Delhi,Dwarka,5,3060,4.0,10,7,0.0,2.0,18,Fully-Furnished,Apartment,5.6,1.2,9.0,5,7.0,1,8012,31689000
Bengaluru,HSR Layout,5,2406,6.0,7,5,2.0,2.0,0,Semi-Furnished,Villa,23.7,11.2,4.0,3,6.0,3,13920,22606000
Pune,Wakad,3,1976,2.0,7,6,2.0,1.0,36,Semi-Furnished,Independent House,4.0,6.8,4.0,6,10.0,3,8052,15508000
Mumbai,Powai,3,1874,3.0,2,2,2.0,2.0,14,Unfurnished,Apartment,0.5,4.0,2.0,7,6.0,5,7030,28552000
Visakhapatnam,Seethammadhara,3,1797,3.0,5,1,2.0,2.0,38,Fully-Furnished,Apartment,6.2,2.8,2.0,7,5.0,10,7367,9362000
Chennai,Adyar,3,1734,3.0,10,10,2.0,1.0,11,Semi-Furnished,Independent House,13.9,1.1,8.0,6,10.0,2,4874,14420000
Mumbai,Borivali,3,1771,3.0,2,2,2.0,1.0,11,Semi-Furnished,Independent House,2.7,2.7,3.0,4,9.0,1,9529,28934000
Kolkata,Rajarhat,5,2621,6.0,7,5,1.0,2.0,14,Fully-Furnished,Independent House,10.5,2.1,9.0,6,5.0,1,5375,18680000
Ahmedabad,Vastrapur,3,1800,4.0,15,11,1.0,1.0,18,Semi-Furnished,Apartment,3.1,3.8,5.0,4,2.0,10,4668,13081000
Ahmedabad,Satellite,1,919,1.0,3,3,2.0,1.0,24,Unfurnished,Apartment,2.8,1.3,3.0,2,4.0,8,2658,6328000
Chennai,Anna Nagar,2,1952,2.0,12,5,1.0,3.0,5,Fully-Furnished,Independent House,3.0,0.4,10.0,4,5.0,5,7769,17229000
Chennai,Adyar,2,1543,3.0,12,7,1.0,1.0,22,Unfurnished,Independent House,6.0,3.6,8.0,4,9.0,3,6985,11595000
Visakhapatnam,MVP Colony,3,1908,3.0,2,1,3.0,1.0,24,Fully-Furnished,Apartment,5.1,1.5,8.0,2,9.0,6,6557,11916000
Kolkata,Salt Lake,4,2467,5.0,4,2,1.0,2.0,13,Semi-Furnished,Apartment,5.2,0.3,7.0,0,8.0,7,14161,16345000
Delhi,Mayur Vihar,1,913,1.0,7,1,1.0,0.0,40,Unfurnished,Villa,4.0,9.1,8.0,2,8.0,8,2035,7978000
Kolkata,New Town,2,957,1.0,4,4,2.0,3.0,38,Semi-Furnished,Villa,6.0,0.6,3.0,7,9.0,9,2038,5271000
Ahmedabad,Prahlad Nagar,2,1265,2.0,3,1,1.0,1.0,6,Fully-Furnished,Apartment,18.4,3.1,9.0,6,6.0,9,6384,9937000
Kolkata,New Town,3,1838,4.0,15,5,2.0,3.0,20,Semi-Furnished,Apartment,10.2,0.8,6.0,2,5.0,7,8001,10389000
Ahmedabad,Maninagar,4,2333,4.0,7,4,2.0,1.0,39,Semi-Furnished,Apartment,6.6,1.4,6.0,0,4.0,6,6435,15618000
Hyderabad,Gachibowli,2,1552,3.0,8,1,1.0,0.0,20,Semi-Furnished,Apartment,3.5,4.2,8.0,5,1.0,5,4046,10589000
Pune,Kharadi,4,1912,4.0,3,2,2.0,1.0,40,Unfurnished,Independent House,16.6,8.5,8.0,3,8.0,10,8439,14910000
Pune,Kharadi,2,1144,2.0,2,1,1.0,2.0,19,Semi-Furnished,Apartment,2.5,3.1,10.0,7,2.0,6,2956,9691000
Ahmedabad,Prahlad Nagar,2,1357,2.0,3,2,1.0,1.0,27,Semi-Furnished,Apartment,4.5,3.8,7.0,7,1.0,7,4983,8921000
Ahmedabad,Maninagar,3,1468,3.0,7,3,3.0,2.0,36,Unfurnished,Apartment,2.3,7.2,3.0,4,1.0,8,6974,8003000
Vijayawada,Governorpet,4,1799,3.0,6,4,2.0,3.0,5,Semi-Furnished,Independent House,2.4,4.1,0.0,0,10.0,4,8286,10213000
Kolkata,Ballygunge,2,1490,2.0,8,1,0.0,1.0,22,Unfurnished,Apartment,3.1,1.9,2.0,3,2.0,1,7810,7441000
Mumbai,Andheri,3,1863,3.0,4,4,2.0,0.0,11,Fully-Furnished,Apartment,4.8,3.4,4.0,3,1.0,1,6506,30138000
Vijayawada,Benz Circle,2,1405,2.0,4,1,3.0,1.0,27,Fully-Furnished,Villa,7.7,9.3,7.0,4,4.0,8,7744,7025000
Chennai,T Nagar,3,1763,4.0,7,4,1.0,2.0,6,Fully-Furnished,Independent House,0.7,9.2,2.0,1,4.0,8,6132,15905000
Visakhapatnam,Dwaraka Nagar,3,1745,3.0,7,3,1.0,0.0,24,Semi-Furnished,Independent House,9.0,2.9,5.0,4,1.0,2,5927,9711000
Bengaluru,Electronic City,4,2435,4.0,10,5,2.0,2.0,10,Semi-Furnished,Apartment,4.0,7.8,4.0,0,3.0,9,7870,23111000
Hyderabad,Miyapur,2,1452,2.0,4,3,0.0,3.0,27,Semi-Furnished,Independent House,3.1,0.9,7.0,3,4.0,5,3133,10551000
Chennai,Velachery,5,2325,6.0,12,11,2.0,2.0,21,Unfurnished,Apartment,7.4,1.7,3.0,7,5.0,3,11873,17732000
Delhi,Dwarka,2,1528,2.0,3,3,1.0,2.0,16,Fully-Furnished,Apartment,2.6,2.2,1.0,4,7.0,8,3828,16057000
Chennai,Velachery,3,1948,3.0,5,1,2.0,2.0,16,Fully-Furnished,Apartment,11.3,3.3,10.0,4,6.0,1,5009,15247000
Vijayawada,Governorpet,5,2608,5.0,6,3,1.0,1.0,20,Fully-Furnished,Apartment,1.8,1.5,1.0,5,1.0,10,13196,15350000
Delhi,Mayur Vihar,3,1999,4.0,12,9,1.0,1.0,1,Unfurnished,Apartment,8.4,2.7,4.0,6,10.0,10,7869,21460000
Visakhapatnam,MVP Colony,2,1363,3.0,6,4,1.0,3.0,39,Semi-Furnished,Apartment,9.0,1.5,10.0,2,1.0,9,3761,7992000
Mumbai,Andheri,2,1067,1.0,5,1,1.0,3.0,10,Fully-Furnished,Apartment,23.3,1.8,8.0,6,1.0,5,4649,18311000
Ahmedabad,Prahlad Nagar,3,1991,2.0,15,13,0.0,2.0,35,Semi-Furnished,Independent House,7.5,1.3,5.0,1,1.0,9,7489,12487000
Visakhapatnam,Madhurawada,5,2730,4.0,4,2,3.0,3.0,6,Semi-Furnished,Independent House,3.7,1.3,5.0,5,8.0,3,15084,17015000
Ahmedabad,Maninagar,3,1713,4.0,3,2,1.0,2.0,22,Semi-Furnished,Apartment,6.0,1.4,1.0,0,7.0,4,6989,11877000
Hyderabad,Madhapur,2,1289,3.0,15,10,1.0,0.0,40,Unfurnished,Independent House,2.8,4.4,7.0,0,2.0,5,5504,6927000
Vijayawada,Benz Circle,3,1989,2.0,8,7,1.0,1.0,23,Fully-Furnished,Apartment,16.6,1.9,0.0,2,6.0,2,11449,11135000
Ahmedabad,Prahlad Nagar,4,2031,5.0,15,12,1.0,1.0,8,Semi-Furnished,Apartment,6.3,0.8,6.0,7,7.0,2,10762,14606000
Visakhapatnam,Dwaraka Nagar,3,1741,3.0,8,8,2.0,0.0,10,Fully-Furnished,Apartment,6.0,1.8,2.0,3,2.0,10,7192,11646000
Bengaluru,Yelahanka,4,2241,4.0,12,8,1.0,1.0,18,Unfurnished,Independent House,10.2,4.1,5.0,5,8.0,8,11401,19662000
Kolkata,New Town,3,1848,2.0,10,9,1.0,1.0,26,Unfurnished,Independent House,8.7,4.5,5.0,1,8.0,1,4762,10467000
Mumbai,Borivali,3,1388,3.0,8,4,3.0,2.0,8,Semi-Furnished,Apartment,14.1,4.2,6.0,5,8.0,8,4159,23314000
Kolkata,New Town,3,1613,4.0,4,3,1.0,1.0,5,Fully-Furnished,Independent House,4.7,4.1,9.0,5,5.0,4,9348,12275000
Vijayawada,Moghalrajpuram,3,1890,3.0,12,2,2.0,1.0,19,Unfurnished,Independent House,6.2,2.8,6.0,6,4.0,4,6640,9542000
Kolkata,Ballygunge,3,1905,2.0,12,2,2.0,1.0,1,Semi-Furnished,Apartment,9.4,9.8,4.0,0,8.0,2,11047,12823000
Mumbai,Bandra,3,1721,2.0,2,2,0.0,3.0,24,Semi-Furnished,Apartment,2.5,1.0,7.0,7,3.0,3,5771,26411000
Vijayawada,Benz Circle,4,2099,4.0,8,5,2.0,1.0,9,Semi-Furnished,Independent House,1.8,2.7,2.0,3,3.0,4,7456,11642000
Ahmedabad,Vastrapur,4,2873,5.0,2,2,2.0,3.0,17,Fully-Furnished,Independent House,5.3,4.6,9.0,5,7.0,6,14362,22083000
Bengaluru,HSR Layout,2,1370,3.0,6,3,1.0,2.0,28,Fully-Furnished,Apartment,13.2,2.2,4.0,0,10.0,6,7435,13266000
Bengaluru,Koramangala,5,2983,4.0,4,2,1.0,1.0,28,Unfurnished,Apartment,6.4,3.3,4.0,2,6.0,3,15152,26093000
Pune,Hinjewadi,2,1433,1.0,3,3,1.0,1.0,7,Unfurnished,Villa,5.4,1.3,9.0,3,2.0,7,7066,11959000
Hyderabad,Banjara Hills,2,1229,1.0,5,3,1.0,1.0,21,Unfurnished,Apartment,7.7,1.3,4.0,3,5.0,6,5706,8380000
Ahmedabad,Chandkheda,4,2047,4.0,4,2,0.0,1.0,20,Fully-Furnished,Independent House,9.9,2.7,9.0,5,4.0,10,9338,14921000
Mumbai,Andheri,2,1329,1.0,2,1,2.0,3.0,6,Unfurnished,Apartment,3.3,1.3,9.0,4,3.0,9,6754,22288000
Mumbai,Thane,3,1924,2.0,6,1,3.0,1.0,36,Semi-Furnished,Independent House,3.9,10.6,7.0,0,6.0,8,10712,27821000
Visakhapatnam,Madhurawada,3,2125,4.0,15,3,0.0,1.0,12,Semi-Furnished,Apartment,3.4,3.3,3.0,7,8.0,3,8769,10775000
Delhi,Pitampura,2,1471,3.0,10,2,1.0,1.0,11,Semi-Furnished,Villa,4.2,2.3,9.0,4,7.0,2,7621,15401000
Vijayawada,Governorpet,3,1852,4.0,15,12,1.0,2.0,36,Unfurnished,Apartment,6.4,7.9,6.0,1,2.0,4,8963,8166000
Ahmedabad,Vastrapur,2,1675,2.0,8,6,2.0,3.0,29,Unfurnished,Apartment,5.7,5.6,6.0,0,3.0,2,6453,10609000
Pune,Hinjewadi,3,2095,3.0,6,5,2.0,2.0,7,Unfurnished,Apartment,9.7,4.4,8.0,1,3.0,6,5303,16121000
Visakhapatnam,Rushikonda,3,1778,3.0,3,3,2.0,2.0,10,Semi-Furnished,Apartment,8.1,6.3,10.0,7,8.0,7,7192,11252000
Visakhapatnam,Madhurawada,2,1448,2.0,3,3,1.0,1.0,34,Fully-Furnished,Apartment,1.8,2.0,5.0,1,3.0,4,6063,9436000
Pune,Wakad,2,1349,2.0,15,4,2.0,2.0,37,Fully-Furnished,Apartment,6.8,1.6,3.0,2,7.0,9,5537,10107000
Hyderabad,Kukatpally,3,1981,2.0,5,5,2.0,3.0,37,Semi-Furnished,Villa,20.4,5.9,9.0,6,8.0,4,5414,13185000
Vijayawada,Patamata,3,1646,3.0,10,4,2.0,2.0,39,Fully-Furnished,Apartment,5.8,2.1,3.0,1,9.0,4,6988,9066000
Hyderabad,Miyapur,3,1694,2.0,4,1,2.0,1.0,10,Unfurnished,Apartment,2.1,2.2,10.0,3,2.0,9,6573,11957000
Pune,Baner,2,901,1.0,8,6,2.0,3.0,39,Semi-Furnished,Villa,7.5,3.8,8.0,4,6.0,4,5187,7366000
Kolkata,Rajarhat,2,1158,3.0,3,1,0.0,2.0,31,Unfurnished,Apartment,5.4,1.2,7.0,2,5.0,3,2807,8515000
Bengaluru,Koramangala,3,1702,2.0,6,2,2.0,2.0,5,Semi-Furnished,Independent House,0.5,0.2,3.0,4,9.0,6,4310,17643000
Mumbai,Thane,1,1015,1.0,10,8,2.0,3.0,24,Fully-Furnished,Independent House,14.7,2.9,2.0,4,6.0,3,4723,15764000
Ahmedabad,Bodakdev,4,2308,3.0,15,6,1.0,1.0,21,Unfurnished,Apartment,9.7,1.9,10.0,5,10.0,9,6134,15382000
Bengaluru,Koramangala,4,1983,4.0,6,4,1.0,0.0,26,Semi-Furnished,Apartment,13.0,1.4,2.0,4,10.0,10,5254,19131000
Mumbai,Borivali,2,1121,2.0,8,2,1.0,1.0,6,Fully-Furnished,Apartment,15.3,2.1,9.0,5,5.0,3,2324,18206000
Delhi,Vasant Kunj,4,2270,3.0,5,3,2.0,2.0,9,Fully-Furnished,Apartment,4.4,4.1,4.0,2,4.0,3,8472,22624000
Vijayawada,Gunadala,4,2037,,7,7,3.0,1.0,3,Semi-Furnished,Independent House,14.1,1.5,7.0,6,8.0,1,9623,12704000
Vijayawada,Gunadala,2,1159,3.0,6,6,2.0,1.0,24,Semi-Furnished,Independent House,8.6,0.3,6.0,5,5.0,5,5300,7525000
Delhi,Mayur Vihar,2,1448,2.0,8,5,1.0,1.0,18,Unfurnished,Independent House,8.3,2.3,0.0,0,3.0,1,4549,12837000
Bengaluru,Yelahanka,3,1558,2.0,8,1,3.0,2.0,14,Fully-Furnished,Independent House,7.7,1.2,7.0,7,5.0,4,8118,16199000
Bengaluru,Yelahanka,2,1434,1.0,6,2,1.0,2.0,5,Unfurnished,Villa,5.5,5.6,2.0,2,10.0,5,4306,12625000
Visakhapatnam,Madhurawada,3,1495,4.0,12,11,0.0,2.0,21,Unfurnished,Apartment,14.9,8.8,10.0,3,1.0,2,3387,6726000
Vijayawada,Patamata,1,707,1.0,6,5,1.0,3.0,1,Semi-Furnished,Apartment,5.8,3.1,10.0,0,6.0,9,4017,4729000
Delhi,Vasant Kunj,2,1328,2.0,12,12,2.0,1.0,21,Unfurnished,Apartment,6.4,4.8,7.0,7,2.0,3,7782,11764000
Kolkata,Salt Lake,3,1744,3.0,2,2,1.0,2.0,9,Unfurnished,Apartment,5.3,8.5,10.0,5,6.0,10,6857,11725000
Ahmedabad,Maninagar,3,1910,3.0,8,3,3.0,1.0,13,Semi-Furnished,Apartment,5.5,2.1,10.0,0,1.0,8,5913,12840000
Pune,Wakad,3,1589,3.0,3,1,3.0,1.0,22,Unfurnished,Apartment,1.9,5.1,2.0,7,9.0,9,3807,14204000
Pune,Hadapsar,1,1194,1.0,15,8,1.0,2.0,23,Unfurnished,Independent House,4.2,3.8,8.0,0,4.0,2,3485,9008000
Hyderabad,Kondapur,3,1554,3.0,6,2,0.0,2.0,9,Semi-Furnished,Apartment,4.7,5.6,1.0,3,6.0,6,4106,11792000
Bengaluru,Indiranagar,3,1996,4.0,7,1,1.0,2.0,8,Semi-Furnished,Apartment,7.0,6.8,9.0,1,5.0,3,5176,19574000
Ahmedabad,Bodakdev,4,1964,5.0,4,2,1.0,2.0,23,Semi-Furnished,Apartment,14.4,0.2,2.0,6,1.0,10,9044,14578000
Ahmedabad,Vastrapur,3,1901,4.0,4,1,2.0,1.0,24,Unfurnished,Apartment,19.3,0.9,6.0,1,6.0,6,10540,10855000
Chennai,Anna Nagar,3,1547,3.0,3,3,1.0,0.0,12,Fully-Furnished,Apartment,5.0,12.1,4.0,4,10.0,1,7406,14058000
Vijayawada,Moghalrajpuram,3,1528,3.0,7,4,1.0,1.0,30,Semi-Furnished,Apartment,14.8,3.9,0.0,6,4.0,9,4986,8572000
Kolkata,Salt Lake,4,1888,3.0,10,1,0.0,2.0,10,Fully-Furnished,Apartment,9.1,4.1,1.0,6,2.0,2,7851,13173000
Hyderabad,Kukatpally,3,1906,3.0,15,11,3.0,2.0,17,Semi-Furnished,Apartment,2.0,3.7,0.0,2,6.0,3,11050,14587000
Visakhapatnam,MVP Colony,3,1812,3.0,5,2,2.0,1.0,27,Semi-Furnished,Apartment,12.7,,5.0,7,9.0,2,5150,10097000
Hyderabad,Banjara Hills,1,807,1.0,15,1,2.0,1.0,9,Semi-Furnished,Apartment,6.1,7.8,7.0,3,4.0,6,1774,5860000
Mumbai,Borivali,3,2269,3.0,3,2,1.0,1.0,32,Semi-Furnished,Villa,17.8,11.0,9.0,3,8.0,6,9555,35304000
Ahmedabad,Bodakdev,3,2121,3.0,4,3,1.0,2.0,22,Semi-Furnished,Apartment,12.8,0.5,5.0,3,5.0,6,9025,12562000
Bengaluru,Whitefield,2,1399,2.0,12,10,2.0,1.0,35,Fully-Furnished,Villa,7.9,10.5,0.0,6,8.0,7,3780,13483000
Chennai,OMR,2,1065,2.0,6,3,3.0,1.0,26,Fully-Furnished,Independent House,2.5,2.8,5.0,1,1.0,1,6278,8487000
Delhi,Mayur Vihar,3,1904,3.0,6,4,0.0,2.0,4,Semi-Furnished,Villa,3.7,1.2,1.0,1,8.0,7,9514,19034000
Visakhapatnam,Rushikonda,4,2151,5.0,10,5,2.0,,17,Semi-Furnished,Apartment,9.1,2.3,5.0,7,4.0,6,5360,14942000
Hyderabad,Madhapur,2,1073,1.0,10,4,2.0,2.0,6,Unfurnished,Apartment,12.6,3.0,8.0,1,8.0,3,3624,7670000
Bengaluru,Indiranagar,3,1847,,8,6,2.0,1.0,5,Semi-Furnished,Independent House,3.9,3.8,5.0,2,1.0,2,6643,17964000
Ahmedabad,Chandkheda,2,1860,1.0,15,13,1.0,3.0,39,Fully-Furnished,Apartment,8.6,1.5,5.0,7,10.0,3,7809,13893000
Mumbai,Borivali,3,2188,3.0,3,2,0.0,1.0,35,Fully-Furnished,Apartment,7.5,4.0,5.0,4,8.0,10,9574,34838000
Visakhapatnam,MVP Colony,4,2250,4.0,5,2,2.0,1.0,32,Unfurnished,Apartment,2.9,1.7,9.0,2,6.0,3,4573,11070000
Hyderabad,Kukatpally,2,1302,2.0,10,7,1.0,1.0,20,Semi-Furnished,Apartment,3.5,7.2,6.0,4,2.0,5,2716,8422000
Kolkata,Salt Lake,4,2394,4.0,15,6,2.0,1.0,28,Unfurnished,Independent House,3.8,6.3,1.0,2,2.0,1,13178,13583000
Pune,Kharadi,3,1895,2.0,4,1,2.0,3.0,18,Fully-Furnished,Apartment,2.0,3.4,4.0,1,10.0,2,8663,16774000
Visakhapatnam,MVP Colony,3,1811,4.0,4,3,2.0,1.0,5,Semi-Furnished,Apartment,2.9,1.7,5.0,3,5.0,2,7863,11371000
Visakhapatnam,Madhurawada,3,1754,4.0,6,2,2.0,1.0,6,Semi-Furnished,Independent House,8.0,3.6,8.0,6,3.0,2,7700,10229000
Vijayawada,Poranki,3,1976,2.0,7,3,1.0,0.0,12,Semi-Furnished,Apartment,4.3,0.2,0.0,1,1.0,2,7021,11074000
Pune,Viman Nagar,2,1495,1.0,7,3,3.0,1.0,3,Unfurnished,Apartment,8.4,3.2,10.0,6,2.0,1,7215,12262000
Chennai,T Nagar,2,1154,1.0,15,5,1.0,1.0,32,Semi-Furnished,Villa,5.4,3.4,4.0,2,8.0,5,3378,8603000
Ahmedabad,Bodakdev,2,1535,3.0,2,1,0.0,1.0,14,Semi-Furnished,Independent House,4.4,2.7,5.0,2,6.0,7,6140,10473000
Chennai,T Nagar,3,1543,3.0,4,1,1.0,1.0,33,Fully-Furnished,Independent House,5.7,3.3,1.0,2,4.0,8,8378,13671000
Pune,Kharadi,3,1727,2.0,7,4,1.0,3.0,15,Semi-Furnished,Villa,16.9,8.4,4.0,0,2.0,4,3662,15235000
Vijayawada,Benz Circle,3,2223,2.0,5,4,2.0,1.0,10,Semi-Furnished,Apartment,0.5,1.2,5.0,1,2.0,5,9508,12048000
Mumbai,Bandra,2,1376,1.0,3,3,0.0,3.0,9,Unfurnished,Apartment,8.8,2.0,4.0,4,6.0,8,6875,22524000
Ahmedabad,Maninagar,5,2934,6.0,6,1,2.0,1.0,12,Unfurnished,Apartment,8.0,0.3,7.0,3,7.0,1,16581,17661000
Mumbai,Navi Mumbai,5,2666,6.0,5,1,1.0,2.0,19,Unfurnished,Apartment,5.0,2.8,0.0,5,8.0,8,13638,42637000
Hyderabad,Madhapur,3,1597,3.0,7,6,1.0,1.0,30,Fully-Furnished,Apartment,7.3,7.6,1.0,4,3.0,2,4290,11986000
Hyderabad,Miyapur,3,1946,3.0,3,2,2.0,2.0,3,Unfurnished,Apartment,7.1,4.8,5.0,6,2.0,7,9861,13614000
Kolkata,Ballygunge,2,1412,1.0,6,5,2.0,1.0,13,Unfurnished,Apartment,3.2,11.2,4.0,5,7.0,7,7038,9146000
Ahmedabad,Satellite,3,2064,3.0,10,3,1.0,0.0,9,Semi-Furnished,Villa,11.8,1.9,9.0,2,10.0,10,4880,15833000
Chennai,Porur,3,1748,3.0,7,2,2.0,1.0,16,Semi-Furnished,Independent House,4.3,1.8,9.0,0,8.0,3,5973,13805000
Bengaluru,Indiranagar,3,2289,4.0,4,2,1.0,2.0,8,Semi-Furnished,Villa,1.3,6.0,5.0,1,10.0,1,13083,21425000
Vijayawada,Governorpet,2,1717,3.0,12,4,2.0,3.0,15,Fully-Furnished,Apartment,13.3,6.8,1.0,7,1.0,3,10016,9323000
Ahmedabad,Vastrapur,3,1921,4.0,4,2,0.0,0.0,8,Semi-Furnished,Apartment,11.9,1.2,3.0,3,4.0,1,4227,12799000
Ahmedabad,Maninagar,3,2002,3.0,5,3,2.0,1.0,16,Fully-Furnished,Villa,3.8,1.4,0.0,5,4.0,6,5020,13988000
Vijayawada,Gunadala,3,1634,3.0,10,8,3.0,2.0,28,Unfurnished,Independent House,3.9,1.1,9.0,3,2.0,5,8895,8245000
Delhi,Rohini,4,2290,5.0,15,1,2.0,2.0,24,Unfurnished,Villa,4.3,0.9,4.0,0,7.0,10,13518,22229000
Visakhapatnam,Seethammadhara,4,2331,4.0,6,2,2.0,0.0,33,Semi-Furnished,Apartment,15.7,4.0,6.0,0,10.0,10,9446,13201000
Vijayawada,Gunadala,2,1525,1.0,8,8,1.0,3.0,27,Fully-Furnished,Villa,4.9,4.2,1.0,7,8.0,3,7054,8539000
Visakhapatnam,Madhurawada,3,1961,3.0,5,4,1.0,1.0,40,Fully-Furnished,Apartment,5.0,1.7,3.0,6,8.0,6,7003,11765000
Mumbai,Thane,4,2074,4.0,7,5,2.0,1.0,32,Unfurnished,Independent House,1.9,5.1,6.0,1,8.0,8,7376,32598000
Visakhapatnam,MVP Colony,3,1907,3.0,7,2,2.0,1.0,38,Fully-Furnished,Independent House,10.2,5.8,0.0,2,1.0,2,7259,11084000
Chennai,Anna Nagar,3,1461,3.0,7,2,2.0,1.0,34,Semi-Furnished,Apartment,7.7,0.2,10.0,3,2.0,9,4635,12103000
Hyderabad,Miyapur,3,1864,3.0,8,7,2.0,1.0,12,Unfurnished,Apartment,18.4,1.1,5.0,2,2.0,1,8408,14738000
Vijayawada,Governorpet,2,1390,1.0,7,3,2.0,2.0,33,Fully-Furnished,Apartment,6.2,1.6,7.0,7,5.0,5,7087,6808000
Ahmedabad,Maninagar,3,1733,4.0,12,8,,2.0,32,Semi-Furnished,Independent House,5.9,1.7,9.0,1,10.0,7,8631,11159000
Visakhapatnam,Rushikonda,3,1458,3.0,6,6,1.0,1.0,0,Fully-Furnished,Independent House,7.9,2.7,7.0,1,3.0,9,5406,11293000
Pune,Viman Nagar,3,1663,2.0,4,2,2.0,0.0,35,Semi-Furnished,Villa,1.7,0.7,6.0,3,10.0,9,9772,13856000
Hyderabad,Kondapur,4,2622,4.0,4,3,2.0,2.0,37,Semi-Furnished,Apartment,10.1,2.7,10.0,1,3.0,5,12162,17580000
Ahmedabad,Maninagar,3,1985,4.0,5,4,1.0,3.0,20,Unfurnished,Apartment,2.8,3.2,9.0,4,5.0,1,10902,13459000
Bengaluru,Electronic City,2,1568,3.0,8,3,1.0,1.0,15,Fully-Furnished,Apartment,5.5,12.3,8.0,5,2.0,4,5550,14667000
Delhi,Saket,2,1215,3.0,4,4,1.0,3.0,8,Semi-Furnished,Apartment,14.2,1.7,6.0,1,10.0,6,6436,12800000
Chennai,OMR,3,1902,3.0,3,1,2.0,2.0,5,Semi-Furnished,Independent House,9.5,3.4,8.0,7,5.0,5,4930,16893000
Visakhapatnam,Madhurawada,1,816,1.0,3,3,2.0,3.0,5,Fully-Furnished,Apartment,1.3,7.4,10.0,1,1.0,2,1883,5597000
Mumbai,Thane,3,1725,3.0,10,2,1.0,1.0,7,Unfurnished,Independent House,1.9,1.4,9.0,5,3.0,5,9587,28337000
Ahmedabad,Bodakdev,4,2192,4.0,4,2,1.0,1.0,6,Semi-Furnished,Apartment,10.0,3.4,5.0,5,1.0,4,8222,14486000
Hyderabad,Kondapur,4,1954,5.0,2,1,1.0,2.0,26,Fully-Furnished,Apartment,2.9,3.2,3.0,4,3.0,8,7024,14975000
Delhi,Mayur Vihar,1,773,1.0,10,1,2.0,3.0,35,Semi-Furnished,Apartment,9.1,2.7,1.0,3,9.0,2,1887,6848000
Mumbai,Navi Mumbai,4,2260,4.0,4,1,1.0,1.0,1,Fully-Furnished,Independent House,5.0,1.6,9.0,4,1.0,3,5963,37354000
Bengaluru,Electronic City,2,1387,3.0,6,6,1.0,3.0,3,Semi-Furnished,Apartment,23.5,2.0,6.0,3,7.0,5,4286,12541000
Delhi,Saket,3,1681,4.0,6,5,3.0,0.0,22,Unfurnished,Villa,3.5,4.8,9.0,5,2.0,1,7443,16906000
Chennai,Anna Nagar,2,1538,3.0,10,3,1.0,1.0,10,Semi-Furnished,Apartment,13.1,3.1,6.0,5,1.0,3,6529,11666000
Pune,Baner,3,1420,3.0,10,4,2.0,1.0,11,Semi-Furnished,Apartment,8.1,3.7,1.0,5,4.0,4,4804,12495000
Kolkata,Salt Lake,2,1173,2.0,7,7,2.0,2.0,25,Unfurnished,Villa,17.2,3.1,9.0,2,6.0,6,3379,7133000
Delhi,Vasant Kunj,1,921,1.0,6,6,2.0,2.0,0,Unfurnished,Villa,3.1,0.5,2.0,6,2.0,3,3466,8382000
Visakhapatnam,Seethammadhara,2,979,2.0,2,1,0.0,1.0,30,Fully-Furnished,Apartment,2.8,3.1,9.0,2,7.0,7,2602,5921000
Kolkata,Behala,3,1989,3.0,6,5,3.0,1.0,17,Semi-Furnished,Apartment,17.0,4.4,6.0,1,7.0,4,10706,12091000
Chennai,T Nagar,4,2274,4.0,15,7,1.0,2.0,19,Fully-Furnished,Apartment,4.4,0.7,4.0,5,7.0,10,10584,19161000
Pune,Hadapsar,3,1859,3.0,10,7,2.0,1.0,13,Semi-Furnished,Independent House,1.7,3.0,8.0,0,9.0,10,7154,15954000
Ahmedabad,Maninagar,2,1263,2.0,4,4,1.0,1.0,34,Fully-Furnished,Apartment,11.2,6.1,7.0,6,7.0,2,6486,8854000
Pune,Kharadi,2,1337,2.0,8,7,1.0,0.0,16,Semi-Furnished,Apartment,6.5,3.7,0.0,3,7.0,3,4692,11572000
Ahmedabad,Chandkheda,1,914,1.0,5,1,2.0,0.0,26,Semi-Furnished,Apartment,5.5,9.2,8.0,4,9.0,2,3985,5772000
Ahmedabad,Bodakdev,3,1502,,6,2,1.0,2.0,10,Semi-Furnished,Apartment,4.7,3.6,1.0,2,2.0,1,7452,10720000
Pune,Kharadi,1,800,1.0,6,2,2.0,2.0,34,Semi-Furnished,Apartment,8.1,8.9,5.0,3,10.0,2,3827,5630000
Pune,Kharadi,2,1537,2.0,8,8,1.0,1.0,24,Unfurnished,Apartment,7.9,12.0,6.0,4,4.0,5,5036,12157000
Delhi,Rohini,1,920,1.0,15,12,1.0,2.0,26,Semi-Furnished,Independent House,8.4,3.0,3.0,6,4.0,3,1920,7671000
Visakhapatnam,Seethammadhara,4,2115,4.0,6,3,2.0,2.0,36,Unfurnished,Apartment,3.0,4.6,9.0,2,3.0,8,8987,11367000
Hyderabad,Gachibowli,4,2495,3.0,6,3,1.0,2.0,39,Semi-Furnished,Apartment,2.8,3.4,9.0,3,6.0,7,5763,17876000
Visakhapatnam,Rushikonda,3,1592,3.0,6,1,2.0,1.0,1,Unfurnished,Villa,6.0,0.8,7.0,3,3.0,7,5924,8808000
Delhi,Dwarka,2,1333,3.0,2,2,2.0,1.0,3,Fully-Furnished,Apartment,2.3,6.1,4.0,4,7.0,10,7728,16061000
Chennai,Anna Nagar,3,1675,3.0,6,6,2.0,2.0,16,Fully-Furnished,Apartment,12.4,7.1,9.0,4,5.0,10,4626,14915000
Pune,Baner,2,1339,2.0,7,4,1.0,3.0,40,Unfurnished,Apartment,16.3,1.2,6.0,2,4.0,3,5114,9178000
Visakhapatnam,Madhurawada,3,2158,4.0,12,4,1.0,2.0,13,Unfurnished,Apartment,6.9,3.0,7.0,4,3.0,1,11513,11579000
Pune,Hadapsar,2,1026,2.0,8,3,1.0,1.0,35,Semi-Furnished,Villa,15.4,4.1,9.0,7,8.0,10,2700,8570000
Chennai,OMR,2,908,2.0,3,1,1.0,1.0,11,Fully-Furnished,Apartment,10.2,0.5,2.0,1,8.0,5,4603,7216000
Mumbai,Andheri,4,2179,3.0,7,4,1.0,1.0,4,Unfurnished,Apartment,7.8,5.7,8.0,1,8.0,5,9996,34046000
Chennai,Anna Nagar,3,1938,3.0,2,1,0.0,1.0,23,Unfurnished,Independent House,4.8,1.4,1.0,7,9.0,3,7631,13622000
Visakhapatnam,Rushikonda,4,2249,3.0,3,2,0.0,2.0,17,Fully-Furnished,Apartment,4.8,1.8,10.0,4,5.0,1,12553,14060000
Delhi,Vasant Kunj,1,845,1.0,10,6,2.0,0.0,11,Semi-Furnished,Apartment,1.1,3.6,9.0,7,1.0,10,4264,8559000
Visakhapatnam,Madhurawada,3,1454,3.0,10,9,1.0,2.0,18,Fully-Furnished,Apartment,11.3,1.3,1.0,0,6.0,9,6007,9765000
Visakhapatnam,Gajuwaka,4,2287,4.0,5,2,2.0,1.0,31,Unfurnished,Apartment,14.4,0.2,1.0,7,3.0,4,9886,10652000
Pune,Viman Nagar,4,2504,4.0,2,1,1.0,2.0,24,Fully-Furnished,Villa,4.4,2.5,1.0,4,5.0,8,15013,21278000
Visakhapatnam,Dwaraka Nagar,3,1793,3.0,2,2,1.0,0.0,4,Unfurnished,Apartment,7.3,0.5,7.0,2,2.0,2,7916,9305000
Pune,Hadapsar,2,1492,3.0,6,6,2.0,1.0,39,Semi-Furnished,Apartment,7.6,2.5,8.0,1,7.0,7,5583,12262000
Pune,Viman Nagar,2,1293,2.0,2,1,1.0,1.0,33,Semi-Furnished,Apartment,5.0,7.7,10.0,2,1.0,2,4252,8747000
Ahmedabad,Chandkheda,4,2458,5.0,7,7,2.0,0.0,37,Semi-Furnished,Apartment,14.4,0.7,8.0,1,5.0,2,9006,14970000
Bengaluru,Whitefield,1,1305,1.0,8,5,2.0,1.0,38,Unfurnished,Independent House,7.3,3.2,5.0,5,5.0,6,4153,11152000
Delhi,Rohini,2,1541,2.0,2,1,1.0,0.0,14,Unfurnished,Apartment,18.3,6.8,3.0,0,10.0,10,6907,14410000
Ahmedabad,Vastrapur,3,1966,3.0,5,4,2.0,1.0,6,Unfurnished,Independent House,9.2,2.6,9.0,0,4.0,10,7189,12146000
Bengaluru,Whitefield,2,1678,1.0,12,6,1.0,1.0,11,Semi-Furnished,Independent House,4.6,6.0,7.0,5,10.0,5,8017,17062000
Kolkata,Behala,3,1575,2.0,4,2,1.0,1.0,10,Fully-Furnished,Apartment,7.4,1.7,1.0,7,2.0,3,7837,11494000
Mumbai,Andheri,2,1310,1.0,15,12,1.0,1.0,4,Unfurnished,Independent House,4.3,7.6,0.0,1,9.0,7,3356,22300000
Delhi,Saket,3,1426,3.0,3,1,1.0,0.0,3,Semi-Furnished,Independent House,0.8,3.5,6.0,5,8.0,2,4354,14950000
Bengaluru,Whitefield,4,2187,3.0,2,2,1.0,3.0,3,Semi-Furnished,Independent House,5.6,6.0,6.0,0,6.0,2,4745,21364000
Bengaluru,Indiranagar,4,2511,4.0,8,1,1.0,2.0,7,Semi-Furnished,Apartment,7.7,2.5,1.0,6,9.0,5,15050,24445000
Ahmedabad,Prahlad Nagar,3,2048,3.0,8,5,0.0,1.0,5,Semi-Furnished,Apartment,8.0,0.3,6.0,7,,7,5381,15532000
Kolkata,Rajarhat,2,1598,2.0,3,3,2.0,3.0,15,Semi-Furnished,Apartment,2.5,0.4,9.0,4,1.0,3,4784,11480000
Ahmedabad,Bodakdev,3,1587,2.0,7,1,1.0,2.0,35,Semi-Furnished,Apartment,1.5,11.8,10.0,7,5.0,3,4868,8807000
Chennai,T Nagar,4,2046,5.0,5,4,2.0,1.0,12,Semi-Furnished,Apartment,3.0,2.6,3.0,1,2.0,2,11617,14959000
Vijayawada,Governorpet,3,1579,3.0,10,2,2.0,3.0,5,Unfurnished,Apartment,6.0,3.5,2.0,5,1.0,3,3366,8940000
Chennai,Velachery,5,2824,4.0,2,2,3.0,1.0,16,Semi-Furnished,Independent House,3.5,5.6,3.0,5,2.0,10,8916,22190000
Chennai,T Nagar,3,1940,3.0,4,3,1.0,2.0,21,Semi-Furnished,Apartment,7.7,3.3,9.0,5,4.0,5,8451,16097000
Vijayawada,Poranki,3,2001,2.0,2,1,2.0,1.0,40,Semi-Furnished,Independent House,3.4,6.2,8.0,3,3.0,4,6508,8983000
Hyderabad,Miyapur,2,1280,1.0,8,6,1.0,2.0,22,,Apartment,3.6,3.8,9.0,5,8.0,10,5808,10027000
Hyderabad,Kondapur,2,1448,2.0,5,3,2.0,2.0,21,Semi-Furnished,Villa,4.5,4.7,3.0,2,9.0,8,8575,11341000
Hyderabad,Gachibowli,4,2393,4.0,15,2,1.0,1.0,29,Unfurnished,Apartment,0.5,2.8,2.0,6,5.0,3,8515,16911000
Kolkata,Salt Lake,4,2153,4.0,12,4,0.0,2.0,4,Semi-Furnished,Apartment,4.2,5.8,4.0,4,2.0,1,7942,14172000
Chennai,Porur,3,1599,3.0,8,2,3.0,1.0,10,Unfurnished,Villa,1.1,6.1,8.0,2,4.0,8,6148,13000000
Bengaluru,Yelahanka,2,1323,1.0,8,5,2.0,1.0,40,Unfurnished,Apartment,8.3,2.3,3.0,2,3.0,7,6055,10081000
Visakhapatnam,Seethammadhara,4,2151,3.0,4,3,2.0,3.0,32,Semi-Furnished,Apartment,3.6,0.5,8.0,0,1.0,6,11109,11934000
Kolkata,Salt Lake,3,2012,3.0,2,2,1.0,0.0,14,Fully-Furnished,Apartment,4.4,3.4,1.0,3,10.0,8,4493,14882000
Delhi,Dwarka,2,1396,2.0,2,2,1.0,1.0,22,Fully-Furnished,Apartment,9.4,4.9,9.0,0,4.0,6,7184,14592000
Ahmedabad,Maninagar,4,2160,4.0,3,1,1.0,2.0,28,Fully-Furnished,Villa,2.6,2.0,8.0,7,7.0,8,11934,16265000
Chennai,Velachery,3,1749,3.0,2,2,2.0,0.0,29,Fully-Furnished,Apartment,11.5,0.6,9.0,5,7.0,5,6054,14398000
Ahmedabad,Vastrapur,4,2533,4.0,4,2,1.0,1.0,3,Fully-Furnished,Apartment,2.8,2.2,6.0,5,6.0,8,7287,19356000
Ahmedabad,Satellite,3,1680,3.0,12,11,2.0,2.0,25,Unfurnished,Villa,5.0,1.6,8.0,3,1.0,8,4182,11663000
Ahmedabad,Bodakdev,4,1804,4.0,6,3,1.0,1.0,40,Semi-Furnished,Apartment,3.1,1.1,8.0,5,7.0,5,7250,11793000
Mumbai,Thane,2,1212,2.0,10,7,2.0,1.0,6,Unfurnished,Independent House,7.2,5.8,7.0,0,7.0,1,4610,18326000
Chennai,T Nagar,2,1401,2.0,7,2,1.0,1.0,28,Semi-Furnished,Apartment,1.2,6.6,,0,10.0,4,3762,9858000
Visakhapatnam,Seethammadhara,3,1723,3.0,2,2,0.0,2.0,17,Semi-Furnished,Apartment,4.1,2.3,4.0,7,9.0,1,5711,11147000
Vijayawada,Poranki,2,1777,1.0,10,4,3.0,,3,Unfurnished,Apartment,9.9,8.7,1.0,2,6.0,7,6462,9110000
Visakhapatnam,Seethammadhara,2,1329,3.0,10,10,0.0,3.0,5,Fully-Furnished,Apartment,23.5,2.9,8.0,2,7.0,8,5408,9291000
Hyderabad,Gachibowli,2,1413,2.0,12,4,2.0,2.0,33,Semi-Furnished,Apartment,7.8,6.7,4.0,3,6.0,10,8100,10667000
Kolkata,New Town,3,1515,4.0,7,2,3.0,2.0,12,Semi-Furnished,Apartment,0.8,0.6,0.0,7,9.0,5,3720,11303000
Bengaluru,Indiranagar,2,1243,2.0,12,2,1.0,2.0,7,Fully-Furnished,Independent House,2.0,4.9,5.0,2,9.0,7,3233,12092000
Visakhapatnam,Madhurawada,2,1279,3.0,3,1,1.0,3.0,4,Semi-Furnished,Villa,8.3,2.5,7.0,2,4.0,6,2682,8130000
Chennai,T Nagar,2,1558,2.0,4,2,1.0,2.0,37,Fully-Furnished,Villa,4.5,2.7,4.0,0,3.0,5,5979,12888000
Bengaluru,Yelahanka,5,2847,5.0,2,1,1.0,2.0,26,Semi-Furnished,Apartment,7.5,15.0,0.0,0,7.0,10,15602,26217000
Delhi,Pitampura,3,2062,3.0,10,7,1.0,2.0,24,Semi-Furnished,Apartment,1.9,3.8,8.0,6,10.0,3,11625,20206000
Kolkata,Ballygunge,2,1273,2.0,12,6,2.0,1.0,35,Semi-Furnished,Apartment,3.7,3.1,6.0,3,9.0,3,5708,7433000
Vijayawada,Benz Circle,3,1799,3.0,2,1,1.0,1.0,22,Semi-Furnished,Apartment,5.9,0.8,10.0,7,2.0,4,8548,9859000
Pune,Baner,3,1561,2.0,12,8,1.0,3.0,7,Semi-Furnished,Apartment,7.2,3.3,1.0,3,4.0,2,5232,13550000
Ahmedabad,Prahlad Nagar,1,792,1.0,10,2,2.0,2.0,10,Semi-Furnished,Independent House,8.1,1.6,5.0,5,7.0,9,4032,5348000
Hyderabad,Gachibowli,2,1485,2.0,15,8,1.0,1.0,18,Semi-Furnished,Apartment,3.2,2.5,7.0,2,3.0,6,8227,10553000
Chennai,T Nagar,2,1186,2.0,5,5,2.0,1.0,12,Semi-Furnished,Apartment,8.0,0.3,10.0,5,9.0,5,4096,9396000
Kolkata,Salt Lake,1,1002,2.0,4,2,1.0,1.0,4,Semi-Furnished,Independent House,11.4,5.4,9.0,2,9.0,4,5754,6677000
Hyderabad,Kukatpally,2,1513,2.0,12,11,0.0,1.0,21,Unfurnished,Apartment,7.2,2.2,4.0,2,5.0,3,5976,10685000
Delhi,Saket,5,2911,5.0,2,1,2.0,1.0,33,Fully-Furnished,Apartment,1.1,6.6,2.0,5,10.0,6,6034,29860000
Mumbai,Borivali,3,1455,3.0,2,1,1.0,3.0,2,Semi-Furnished,Independent House,8.0,0.2,9.0,7,8.0,3,4498,24808000
Bengaluru,Koramangala,3,1795,3.0,15,4,2.0,2.0,34,Semi-Furnished,Apartment,3.0,2.9,7.0,2,7.0,1,4303,16620000
Vijayawada,Poranki,3,1921,3.0,10,7,3.0,1.0,1,Unfurnished,Apartment,4.5,3.4,2.0,3,8.0,9,4393,11298000
Ahmedabad,Bodakdev,4,2537,4.0,4,1,2.0,2.0,3,Unfurnished,Apartment,5.6,2.7,9.0,6,7.0,6,8665,17679000
Chennai,Adyar,3,1612,3.0,6,1,0.0,2.0,39,Semi-Furnished,Apartment,13.5,5.0,8.0,4,8.0,9,5026,11879000
Mumbai,Borivali,2,1046,2.0,15,10,2.0,3.0,22,Unfurnished,Villa,6.6,2.1,3.0,4,7.0,6,3271,17358000
Bengaluru,Yelahanka,4,2361,4.0,6,4,,0.0,15,Semi-Furnished,Apartment,3.0,3.0,2.0,1,1.0,10,11168,21772000
Mumbai,Borivali,4,2426,5.0,10,6,3.0,2.0,36,Unfurnished,Villa,8.5,4.6,4.0,1,4.0,9,5982,37328000
Vijayawada,Gunadala,3,1794,4.0,4,3,2.0,1.0,39,Semi-Furnished,Apartment,6.9,1.0,8.0,2,8.0,7,10583,9570000
Visakhapatnam,Dwaraka Nagar,2,1115,2.0,12,2,2.0,1.0,14,Unfurnished,Apartment,14.4,2.0,4.0,4,4.0,1,3816,6634000
Visakhapatnam,Seethammadhara,2,1369,3.0,8,1,3.0,1.0,11,Unfurnished,Independent House,5.6,7.1,4.0,5,8.0,7,4888,10602000
Hyderabad,Gachibowli,4,2075,3.0,15,15,1.0,2.0,4,Fully-Furnished,Apartment,1.5,2.2,9.0,1,3.0,9,9385,18581000
Delhi,Mayur Vihar,4,2139,3.0,4,1,2.0,2.0,29,Semi-Furnished,Independent House,6.2,0.9,5.0,7,5.0,10,12663,21545000
Mumbai,Navi Mumbai,4,2196,4.0,3,1,2.0,2.0,34,Unfurnished,Apartment,11.6,6.7,3.0,2,8.0,7,6254,31980000
Vijayawada,Governorpet,2,1245,2.0,4,2,1.0,,4,Semi-Furnished,Independent House,8.6,4.3,2.0,7,3.0,2,2822,5239000
Vijayawada,Benz Circle,3,1763,3.0,8,5,3.0,2.0,0,Fully-Furnished,Apartment,1.6,1.2,8.0,2,3.0,5,4438,11342000
Ahmedabad,Satellite,2,1372,3.0,10,10,3.0,1.0,10,Unfurnished,Apartment,6.0,1.6,1.0,5,5.0,7,7463,10930000
Visakhapatnam,Seethammadhara,2,1320,1.0,7,5,1.0,2.0,27,Semi-Furnished,Apartment,4.1,5.4,7.0,3,3.0,7,6117,6318000
Pune,Wakad,3,1787,2.0,15,11,1.0,0.0,4,Semi-Furnished,Apartment,5.1,3.1,1.0,3,4.0,3,3625,16750000
Pune,Wakad,1,655,1.0,10,5,2.0,3.0,3,Semi-Furnished,Apartment,6.4,5.7,1.0,1,8.0,3,3519,6196000
Vijayawada,Gunadala,2,1486,2.0,15,2,0.0,1.0,14,Fully-Furnished,Independent House,0.9,4.5,2.0,1,1.0,7,3653,9803000
Mumbai,Andheri,4,2553,4.0,6,4,0.0,1.0,36,Unfurnished,Apartment,7.4,5.3,0.0,6,4.0,5,7617,38354000
Pune,Wakad,2,1316,3.0,6,5,1.0,2.0,13,Semi-Furnished,Independent House,1.4,9.9,8.0,0,4.0,6,7180,12467000
Mumbai,Andheri,3,1906,4.0,3,2,1.0,2.0,24,Fully-Furnished,Villa,2.7,0.9,7.0,2,2.0,2,4141,31312000
Delhi,Dwarka,4,2068,4.0,8,5,1.0,1.0,30,Semi-Furnished,Apartment,13.5,3.5,1.0,1,9.0,7,5566,20811000
Delhi,Rohini,3,1991,2.0,8,8,1.0,2.0,27,Unfurnished,Apartment,7.4,2.0,2.0,0,3.0,6,4297,18872000
Kolkata,New Town,3,1414,4.0,15,4,1.0,1.0,34,,Apartment,3.9,2.3,5.0,3,8.0,7,3415,7712000
Kolkata,Salt Lake,3,1397,3.0,10,3,1.0,2.0,14,Fully-Furnished,Apartment,5.2,6.0,1.0,1,4.0,6,3780,10177000
Ahmedabad,Prahlad Nagar,5,2491,6.0,7,2,1.0,0.0,21,Fully-Furnished,Apartment,3.5,3.4,10.0,4,6.0,9,13040,18181000
Vijayawada,Moghalrajpuram,4,2327,4.0,10,8,1.0,0.0,13,Semi-Furnished,Apartment,11.3,1.0,1.0,1,6.0,9,9590,12381000
Delhi,Vasant Kunj,2,1183,1.0,4,3,1.0,3.0,26,Semi-Furnished,Apartment,2.1,3.7,4.0,1,3.0,2,6329,11210000
Hyderabad,Madhapur,2,1538,2.0,3,1,0.0,1.0,0,Semi-Furnished,Apartment,8.8,8.4,7.0,3,5.0,7,8232,11571000
Vijayawada,Benz Circle,3,1075,2.0,12,10,2.0,2.0,36,Semi-Furnished,Villa,13.4,0.6,10.0,6,8.0,1,2744,6537000
Delhi,Saket,3,1907,3.0,3,1,1.0,1.0,22,Unfurnished,Apartment,4.6,6.1,10.0,7,1.0,8,3931,17542000
Vijayawada,Patamata,3,2138,3.0,8,1,0.0,1.0,38,Fully-Furnished,Apartment,11.6,3.2,2.0,1,1.0,10,7190,10497000
Vijayawada,Poranki,3,2056,3.0,12,7,2.0,2.0,30,Unfurnished,Apartment,9.9,2.5,4.0,3,10.0,6,10413,10134000
Bengaluru,Koramangala,3,1904,3.0,2,2,2.0,1.0,18,Unfurnished,Apartment,7.2,2.2,4.0,7,2.0,3,5835,16685000
Ahmedabad,Vastrapur,3,2049,3.0,2,1,1.0,2.0,25,Semi-Furnished,Villa,7.2,1.8,4.0,5,4.0,1,10320,14363000
Chennai,Adyar,4,2542,4.0,4,4,2.0,1.0,17,Unfurnished,Apartment,8.4,0.8,10.0,3,9.0,8,10051,20139000
Kolkata,Ballygunge,2,1336,2.0,4,1,1.0,3.0,12,Semi-Furnished,Independent House,3.0,0.8,8.0,3,6.0,3,6454,8039000
Chennai,OMR,2,1636,3.0,2,1,2.0,1.0,22,Semi-Furnished,Apartment,4.4,1.7,3.0,4,2.0,9,8347,13738000
Mumbai,Bandra,3,1841,3.0,10,2,0.0,0.0,12,Semi-Furnished,Apartment,8.2,0.9,5.0,7,4.0,1,6226,29159000
Mumbai,Bandra,3,1672,4.0,5,4,2.0,1.0,14,Semi-Furnished,Villa,6.9,4.6,0.0,6,3.0,3,4047,25214000
Hyderabad,Banjara Hills,4,1899,4.0,4,2,1.0,1.0,1,Unfurnished,Apartment,5.8,3.7,2.0,4,5.0,6,5580,14021000
Ahmedabad,Prahlad Nagar,3,1679,2.0,10,4,3.0,1.0,31,Semi-Furnished,Apartment,6.5,2.5,3.0,6,1.0,2,6811,10646000
Ahmedabad,Chandkheda,3,2256,2.0,12,5,0.0,1.0,8,Unfurnished,Independent House,9.9,7.8,6.0,6,2.0,8,13367,14771000
Pune,Kharadi,2,1391,2.0,6,3,1.0,0.0,27,Semi-Furnished,Independent House,8.5,3.6,5.0,0,5.0,9,8337,10246000
Visakhapatnam,Madhurawada,1,1073,1.0,15,6,0.0,1.0,11,Fully-Furnished,Apartment,13.6,3.3,8.0,1,8.0,2,5926,7144000
Hyderabad,Miyapur,4,1969,4.0,7,4,1.0,,4,Fully-Furnished,Apartment,7.1,1.6,1.0,1,1.0,1,10768,15845000
Hyderabad,Miyapur,4,2025,3.0,8,3,3.0,3.0,40,Unfurnished,Apartment,5.9,3.6,0.0,5,8.0,5,10440,14274000
Chennai,T Nagar,3,2003,2.0,4,4,1.0,1.0,24,Semi-Furnished,Apartment,1.1,5.7,5.0,5,4.0,1,6856,15005000
Vijayawada,Benz Circle,4,2190,4.0,4,2,1.0,1.0,6,Semi-Furnished,Apartment,0.7,1.1,8.0,0,9.0,8,6749,12420000
Chennai,OMR,4,1702,3.0,6,4,2.0,3.0,14,Fully-Furnished,Apartment,4.9,1.0,7.0,4,1.0,5,7246,14344000
Ahmedabad,Vastrapur,3,1781,2.0,5,1,1.0,1.0,26,Semi-Furnished,Apartment,2.6,1.9,8.0,0,2.0,4,3709,12061000
Ahmedabad,Vastrapur,2,1621,2.0,6,4,1.0,0.0,19,Semi-Furnished,Independent House,13.9,2.7,8.0,3,4.0,2,8014,11132000
Kolkata,Rajarhat,1,1046,1.0,15,1,1.0,2.0,17,Unfurnished,Apartment,8.1,1.7,2.0,3,6.0,3,4077,5150000
Ahmedabad,Chandkheda,2,1290,2.0,3,1,1.0,0.0,34,Semi-Furnished,Apartment,3.0,3.0,3.0,5,3.0,9,5772,8717000
Delhi,Mayur Vihar,2,1976,1.0,8,6,1.0,2.0,4,Semi-Furnished,Apartment,4.4,2.8,7.0,0,5.0,3,9503,20450000
Hyderabad,Gachibowli,5,2471,5.0,2,2,1.0,2.0,30,Unfurnished,Apartment,6.9,2.3,4.0,7,9.0,1,8705,17274000
Ahmedabad,Prahlad Nagar,2,1826,3.0,2,1,2.0,1.0,37,Semi-Furnished,Apartment,18.5,6.3,2.0,4,1.0,2,6884,10921000
Hyderabad,Kondapur,3,1422,2.0,4,4,1.0,1.0,12,Unfurnished,Apartment,7.5,6.0,7.0,6,1.0,4,6617,10439000
Kolkata,Salt Lake,2,1063,2.0,4,1,2.0,3.0,35,Semi-Furnished,Independent House,5.0,1.9,1.0,6,7.0,4,3032,6569000
Kolkata,Ballygunge,3,1837,3.0,4,3,2.0,2.0,0,Fully-Furnished,Villa,1.8,1.0,0.0,1,3.0,2,4382,14419000
Mumbai,Thane,3,2069,3.0,12,10,0.0,0.0,22,Unfurnished,Apartment,3.6,1.5,3.0,6,9.0,10,8039,30783000
Vijayawada,Governorpet,2,1066,3.0,15,4,1.0,0.0,1,Semi-Furnished,Apartment,11.2,4.1,7.0,4,1.0,2,4156,5081000
Vijayawada,Patamata,3,2126,3.0,3,3,0.0,2.0,31,Semi-Furnished,Apartment,4.3,1.6,6.0,5,1.0,3,8337,10948000
Delhi,Mayur Vihar,3,1577,2.0,3,1,1.0,1.0,19,Fully-Furnished,Independent House,9.7,5.5,8.0,7,10.0,9,6977,17539000
Vijayawada,Patamata,4,2212,3.0,12,7,1.0,2.0,38,Semi-Furnished,Apartment,5.3,0.4,9.0,6,7.0,5,9874,11752000
Visakhapatnam,MVP Colony,3,1743,2.0,3,1,2.0,2.0,39,Semi-Furnished,Independent House,5.8,2.7,10.0,0,2.0,1,3841,9164000
Vijayawada,Patamata,3,1910,3.0,3,2,1.0,1.0,36,Semi-Furnished,Apartment,6.2,5.5,9.0,2,6.0,8,10280,9323000
Pune,Hadapsar,2,1419,3.0,6,4,0.0,1.0,29,Unfurnished,Independent House,12.2,5.6,6.0,5,3.0,6,5931,10193000
Chennai,OMR,3,1559,4.0,3,2,1.0,1.0,2,Semi-Furnished,Apartment,2.7,3.3,3.0,5,1.0,6,5622,12944000
Visakhapatnam,Madhurawada,3,2206,3.0,8,1,2.0,2.0,33,Semi-Furnished,Apartment,6.5,14.1,0.0,6,8.0,3,7914,10691000
Hyderabad,Madhapur,3,1802,3.0,2,2,2.0,1.0,21,Semi-Furnished,Apartment,7.5,1.2,7.0,6,10.0,2,8024,13408000
Bengaluru,Electronic City,4,2414,3.0,8,4,1.0,2.0,2,Unfurnished,Apartment,5.0,9.4,5.0,5,4.0,2,9502,21727000
Bengaluru,Koramangala,2,1494,2.0,6,6,0.0,2.0,40,Fully-Furnished,Apartment,3.2,1.1,7.0,0,8.0,9,6745,15631000
Pune,Hinjewadi,4,2726,3.0,3,2,2.0,0.0,18,Unfurnished,Independent House,4.2,1.0,6.0,2,8.0,6,5716,21398000
Bengaluru,Koramangala,3,1603,3.0,2,2,1.0,1.0,23,Semi-Furnished,Apartment,3.0,1.4,5.0,3,3.0,4,5762,15575000
Chennai,Porur,4,2408,3.0,15,1,3.0,2.0,15,Unfurnished,Apartment,15.9,1.6,3.0,3,5.0,5,8278,17216000
Visakhapatnam,Seethammadhara,5,2731,6.0,2,2,1.0,0.0,23,Semi-Furnished,Apartment,6.6,1.9,10.0,6,4.0,4,6066,14975000
Delhi,Pitampura,3,1718,4.0,4,3,1.0,2.0,3,Fully-Furnished,Apartment,20.0,0.6,9.0,3,5.0,2,8858,18655000
Pune,Hadapsar,2,1032,2.0,8,6,1.0,3.0,5,Fully-Furnished,Apartment,5.8,0.8,0.0,5,5.0,9,2390,9865000
Hyderabad,Madhapur,4,2002,4.0,10,5,1.0,1.0,39,Unfurnished,Apartment,7.8,0.9,5.0,1,4.0,4,9071,11750000
Delhi,Mayur Vihar,2,1698,2.0,5,3,2.0,3.0,29,Semi-Furnished,Independent House,12.2,1.3,4.0,7,6.0,6,4335,16589000
Vijayawada,Poranki,3,2220,4.0,10,10,1.0,1.0,13,Unfurnished,Independent House,6.1,0.6,6.0,6,5.0,6,7183,9687000
Bengaluru,Yelahanka,3,2024,2.0,2,1,0.0,1.0,9,Unfurnished,Apartment,8.5,6.1,7.0,6,10.0,6,10395,19254000
Chennai,Porur,2,1459,1.0,4,3,2.0,3.0,20,Semi-Furnished,Independent House,2.3,3.5,6.0,4,6.0,10,4636,12378000
Ahmedabad,Prahlad Nagar,4,2171,5.0,7,6,2.0,1.0,15,Semi-Furnished,Independent House,3.2,0.5,1.0,1,10.0,8,12451,17117000
Chennai,Velachery,2,1235,3.0,8,1,2.0,0.0,12,Semi-Furnished,Apartment,2.7,2.1,3.0,4,2.0,7,6354,10845000
Chennai,Adyar,2,1613,2.0,2,1,1.0,2.0,26,Unfurnished,Apartment,1.4,3.1,10.0,3,7.0,4,7546,12314000
Kolkata,New Town,3,1137,4.0,4,1,1.0,0.0,36,Semi-Furnished,Independent House,4.0,3.9,6.0,5,8.0,2,4462,6340000
Mumbai,Andheri,3,1827,3.0,12,3,3.0,1.0,21,Unfurnished,Independent House,3.9,5.0,9.0,6,4.0,4,9326,29359000
Delhi,Pitampura,3,2187,4.0,4,2,1.0,2.0,27,Semi-Furnished,Independent House,2.8,7.7,6.0,0,5.0,7,5691,21366000
Delhi,Dwarka,2,1600,2.0,12,3,2.0,1.0,7,Unfurnished,Apartment,0.5,1.2,1.0,2,6.0,4,5336,14899000
Pune,Viman Nagar,3,1729,4.0,3,2,2.0,1.0,16,Unfurnished,Apartment,1.1,7.4,7.0,6,7.0,10,8924,14567000
Mumbai,Borivali,4,2259,5.0,2,2,1.0,1.0,11,Fully-Furnished,Apartment,2.7,3.7,7.0,4,9.0,5,7320,38756000
Hyderabad,Madhapur,3,1669,2.0,8,8,2.0,0.0,28,Fully-Furnished,Apartment,16.2,5.6,1.0,4,4.0,6,9207,11682000
Kolkata,Behala,1,1185,2.0,10,3,2.0,1.0,9,Semi-Furnished,Independent House,16.8,4.8,4.0,7,5.0,2,3087,6934000
Ahmedabad,Chandkheda,2,1011,2.0,5,4,1.0,2.0,33,Semi-Furnished,Villa,10.0,5.7,6.0,1,3.0,6,4942,5647000
Visakhapatnam,Gajuwaka,2,1410,2.0,15,8,1.0,1.0,36,Fully-Furnished,Apartment,0.6,3.2,10.0,6,8.0,10,4878,8298000
Hyderabad,Gachibowli,2,1703,2.0,12,8,1.0,0.0,21,Semi-Furnished,Apartment,3.1,1.0,7.0,1,1.0,6,5089,13317000
Vijayawada,Poranki,2,1602,1.0,10,7,0.0,2.0,22,Unfurnished,Apartment,14.1,9.2,4.0,1,1.0,8,5651,6667000
Ahmedabad,Prahlad Nagar,3,2102,2.0,4,3,1.0,2.0,17,Semi-Furnished,Independent House,8.4,2.1,5.0,6,1.0,2,11229,14699000
Bengaluru,Koramangala,3,1848,4.0,2,2,1.0,1.0,19,Unfurnished,Independent House,13.4,1.1,8.0,2,6.0,10,4696,15410000
Visakhapatnam,Madhurawada,3,1734,4.0,5,3,2.0,2.0,13,Fully-Furnished,Independent House,5.6,4.8,10.0,4,10.0,8,6270,12720000
Mumbai,Powai,3,1530,3.0,6,2,1.0,1.0,10,Semi-Furnished,Apartment,13.2,1.4,8.0,5,6.0,9,6203,24668000
Hyderabad,Kukatpally,3,1443,4.0,12,12,2.0,1.0,6,Semi-Furnished,Apartment,8.6,3.7,8.0,0,8.0,3,7568,12239000
Pune,Hadapsar,2,1432,2.0,15,1,1.0,1.0,28,Unfurnished,Apartment,9.0,5.2,4.0,1,1.0,9,6947,10412000
Chennai,Porur,4,2031,4.0,6,6,1.0,0.0,21,Unfurnished,Apartment,5.6,5.8,1.0,3,10.0,8,12081,14644000
Delhi,Vasant Kunj,5,2365,5.0,2,2,0.0,2.0,26,Unfurnished,Villa,7.8,7.3,6.0,1,1.0,1,9138,21280000
Vijayawada,Gunadala,3,1737,3.0,8,8,1.0,1.0,21,Semi-Furnished,Apartment,12.2,1.6,4.0,7,9.0,8,9091,10141000
Visakhapatnam,Gajuwaka,3,1246,3.0,4,3,2.0,0.0,5,Fully-Furnished,Independent House,11.7,7.1,4.0,2,1.0,3,2555,7121000
Delhi,Mayur Vihar,5,2838,5.0,7,5,1.0,1.0,7,Semi-Furnished,Independent House,12.6,1.6,4.0,5,6.0,1,13855,28299000
Ahmedabad,Satellite,2,1194,1.0,4,3,1.0,1.0,6,Semi-Furnished,Apartment,3.8,1.4,6.0,1,2.0,4,5915,8434000
Vijayawada,Gunadala,3,1895,3.0,6,6,2.0,2.0,33,Semi-Furnished,Apartment,10.4,1.1,0.0,2,8.0,3,4958,11671000
Mumbai,Powai,2,1187,2.0,5,2,2.0,0.0,18,Semi-Furnished,Apartment,3.9,0.8,2.0,4,3.0,5,3951,19087000
Mumbai,Powai,2,1191,3.0,8,7,1.0,1.0,34,Fully-Furnished,Apartment,2.7,1.4,6.0,5,5.0,5,5068,19679000
Hyderabad,Kukatpally,4,2017,5.0,10,8,0.0,1.0,2,Unfurnished,Apartment,11.1,1.6,0.0,6,5.0,6,7579,14322000
Hyderabad,Gachibowli,3,1735,4.0,2,2,1.0,1.0,23,Fully-Furnished,Apartment,7.8,1.9,0.0,4,4.0,1,3773,13084000
Hyderabad,Kukatpally,2,1422,2.0,3,2,2.0,2.0,4,Semi-Furnished,Apartment,4.5,1.2,7.0,3,5.0,6,5183,11163000
Ahmedabad,Maninagar,3,1885,4.0,12,3,1.0,2.0,10,Fully-Furnished,Independent House,11.6,9.4,2.0,2,5.0,10,10377,13927000
Delhi,Dwarka,3,2069,3.0,12,12,1.0,2.0,38,Unfurnished,Apartment,2.5,1.8,6.0,2,10.0,6,9649,18981000
Visakhapatnam,Seethammadhara,2,1552,3.0,6,2,2.0,1.0,15,Semi-Furnished,Apartment,10.7,4.5,2.0,7,3.0,2,5529,10059000
Chennai,T Nagar,4,1930,3.0,6,2,0.0,1.0,27,Unfurnished,Independent House,10.4,4.8,3.0,1,5.0,10,6796,13988000
Visakhapatnam,Rushikonda,1,862,1.0,7,4,1.0,1.0,21,Semi-Furnished,Independent House,3.9,3.4,8.0,6,10.0,4,3340,5596000
Mumbai,Borivali,3,1851,2.0,3,2,2.0,2.0,34,Semi-Furnished,Independent House,3.3,4.4,5.0,4,10.0,9,10870,28759000
Mumbai,Andheri,3,1728,4.0,15,10,2.0,0.0,26,Unfurnished,Apartment,19.2,0.3,3.0,5,7.0,6,9702,26210000
Delhi,Pitampura,3,1795,2.0,7,6,1.0,1.0,35,Semi-Furnished,Apartment,21.2,7.4,1.0,0,9.0,3,5653,15711000
Delhi,Rohini,2,1460,2.0,8,6,2.0,1.0,34,Semi-Furnished,Apartment,4.6,1.5,6.0,2,9.0,2,4229,14736000
Hyderabad,Kondapur,3,1831,3.0,10,1,1.0,0.0,37,Semi-Furnished,Apartment,10.3,0.7,9.0,1,2.0,5,5870,11307000
Ahmedabad,Maninagar,3,2137,4.0,2,1,2.0,1.0,21,Fully-Furnished,Apartment,7.5,1.7,8.0,6,5.0,9,7105,15711000
Mumbai,Navi Mumbai,3,1365,3.0,15,11,2.0,2.0,24,Fully-Furnished,Independent House,6.5,9.8,2.0,0,10.0,6,5428,22272000
Visakhapatnam,Gajuwaka,5,2742,5.0,15,3,0.0,3.0,19,Semi-Furnished,Apartment,12.6,1.3,0.0,7,3.0,6,6380,16567000
Delhi,Dwarka,3,1772,3.0,7,1,1.0,2.0,10,Unfurnished,Apartment,6.0,4.5,7.0,1,1.0,4,8702,15369000
Vijayawada,Benz Circle,3,2168,4.0,15,11,1.0,2.0,35,Unfurnished,Independent House,5.8,2.1,10.0,0,10.0,8,7497,11440000
Visakhapatnam,Dwaraka Nagar,4,2320,4.0,3,2,2.0,1.0,39,Fully-Furnished,Apartment,9.1,6.0,10.0,2,7.0,5,8053,13312000
Hyderabad,Madhapur,4,2164,5.0,8,5,3.0,1.0,11,Unfurnished,Independent House,7.8,5.8,3.0,6,6.0,3,5946,14096000
Chennai,Anna Nagar,3,1440,2.0,15,5,3.0,1.0,21,Unfurnished,Independent House,19.3,6.2,4.0,7,8.0,9,8083,10016000
Hyderabad,Miyapur,3,1687,2.0,10,9,2.0,2.0,28,Unfurnished,Independent House,6.6,10.0,3.0,1,4.0,6,4917,11396000
Bengaluru,Yelahanka,2,1337,2.0,5,5,1.0,3.0,38,Fully-Furnished,Independent House,8.9,3.1,3.0,6,7.0,10,6611,12382000
Bengaluru,Electronic City,2,1124,2.0,5,2,0.0,1.0,7,Semi-Furnished,Apartment,11.1,1.9,4.0,2,6.0,6,2575,10313000
Kolkata,Dum Dum,4,2075,3.0,2,1,1.0,2.0,28,Semi-Furnished,Apartment,0.8,1.7,0.0,1,10.0,8,5577,13290000
Kolkata,Salt Lake,3,1431,3.0,10,10,3.0,1.0,27,Unfurnished,Villa,16.4,3.7,2.0,4,8.0,9,5289,8382000
Hyderabad,Gachibowli,2,1471,1.0,7,5,2.0,1.0,30,Semi-Furnished,Apartment,3.8,1.6,6.0,3,4.0,5,8323,9705000
Vijayawada,Patamata,2,1621,3.0,12,1,1.0,2.0,11,Semi-Furnished,Apartment,3.0,5.5,1.0,4,7.0,4,5374,7891000
Mumbai,Navi Mumbai,3,1680,3.0,10,8,1.0,2.0,30,Semi-Furnished,Apartment,6.6,4.0,0.0,2,,3,6124,25167000
Delhi,Vasant Kunj,3,1350,3.0,15,3,1.0,1.0,23,Semi-Furnished,Independent House,21.6,3.6,7.0,1,6.0,7,5418,12445000
Vijayawada,Gunadala,2,1398,1.0,3,2,1.0,1.0,15,Fully-Furnished,Villa,2.3,2.0,3.0,0,3.0,5,3375,7248000
Visakhapatnam,Rushikonda,3,1773,3.0,3,3,2.0,1.0,26,Unfurnished,Independent House,7.0,3.8,10.0,0,5.0,10,7598,9904000
Kolkata,Dum Dum,2,1176,1.0,12,7,2.0,2.0,23,Fully-Furnished,Apartment,3.0,7.1,5.0,5,1.0,9,3590,7442000
Ahmedabad,Chandkheda,5,2504,5.0,15,14,1.0,1.0,37,Unfurnished,Apartment,3.3,2.3,7.0,0,8.0,1,12881,14282000
Hyderabad,Gachibowli,2,1479,2.0,5,2,2.0,1.0,24,Semi-Furnished,Apartment,4.2,12.5,5.0,3,6.0,6,7205,10856000
Mumbai,Andheri,3,1746,2.0,10,3,1.0,1.0,12,Semi-Furnished,Apartment,3.7,1.6,8.0,2,10.0,5,3897,27977000
Vijayawada,Moghalrajpuram,4,2098,3.0,15,13,3.0,3.0,21,Semi-Furnished,Independent House,4.2,8.0,2.0,2,7.0,2,12400,11603000
Vijayawada,Gunadala,2,1245,2.0,7,3,2.0,1.0,1,Semi-Furnished,Apartment,9.2,1.3,8.0,4,9.0,10,5008,7791000
Ahmedabad,Satellite,2,1523,2.0,4,2,1.0,1.0,17,Semi-Furnished,Apartment,10.3,3.8,8.0,5,6.0,6,8706,11900000
Visakhapatnam,Dwaraka Nagar,3,1608,2.0,10,8,2.0,2.0,17,Fully-Furnished,Independent House,2.0,3.7,0.0,2,7.0,1,4428,10790000
Mumbai,Bandra,4,2546,4.0,4,3,1.0,2.0,6,Semi-Furnished,Independent House,0.6,5.9,2.0,0,10.0,7,10922,41642000
Visakhapatnam,Dwaraka Nagar,4,2404,4.0,12,4,2.0,1.0,14,Semi-Furnished,Independent House,11.9,4.1,10.0,0,9.0,2,10643,15465000
Chennai,Adyar,2,1571,2.0,5,2,3.0,1.0,8,Unfurnished,Villa,2.2,1.5,8.0,2,6.0,3,6545,12096000
Mumbai,Bandra,3,1802,4.0,12,3,1.0,1.0,10,Unfurnished,Independent House,3.3,1.7,0.0,7,10.0,10,9201,28653000
Pune,Kharadi,1,722,1.0,7,6,3.0,1.0,3,Fully-Furnished,Apartment,20.5,1.3,8.0,6,3.0,9,2756,7626000
Hyderabad,Madhapur,2,1213,2.0,15,11,2.0,3.0,35,Semi-Furnished,Independent House,6.4,5.1,4.0,6,10.0,2,7045,8789000
Hyderabad,Gachibowli,2,1285,2.0,12,6,0.0,2.0,21,Semi-Furnished,Independent House,11.3,1.9,7.0,0,4.0,4,2815,9707000
Delhi,Rohini,3,2020,2.0,10,6,1.0,2.0,37,Unfurnished,Apartment,6.3,6.5,1.0,5,3.0,7,10757,17790000
Ahmedabad,Prahlad Nagar,3,1676,3.0,6,5,2.0,2.0,40,Unfurnished,Apartment,7.2,4.2,9.0,4,3.0,8,3927,11675000
Visakhapatnam,Madhurawada,2,1209,1.0,5,1,1.0,1.0,7,Fully-Furnished,Apartment,3.7,1.8,0.0,6,9.0,3,6537,9071000
Visakhapatnam,Seethammadhara,2,1269,1.0,5,2,1.0,2.0,15,Fully-Furnished,Apartment,14.2,1.7,2.0,1,5.0,3,5342,8156000
Chennai,Adyar,4,2289,5.0,12,2,0.0,2.0,0,Unfurnished,Apartment,5.4,2.5,10.0,0,7.0,6,6010,18329000
Ahmedabad,Maninagar,3,2166,3.0,8,3,2.0,0.0,34,Fully-Furnished,Apartment,2.6,9.2,5.0,0,3.0,2,9041,14236000
Hyderabad,Kukatpally,4,2445,4.0,7,5,0.0,1.0,29,Unfurnished,Independent House,5.1,8.8,9.0,1,9.0,7,7500,16566000
Vijayawada,Gunadala,4,2357,4.0,5,2,2.0,1.0,38,Fully-Furnished,Apartment,8.1,2.0,8.0,5,6.0,3,5560,12437000
Bengaluru,Yelahanka,4,1809,4.0,2,2,2.0,2.0,32,Fully-Furnished,Independent House,6.5,1.6,5.0,5,4.0,9,6287,17894000
Pune,Wakad,4,2302,3.0,2,2,1.0,1.0,38,Unfurnished,Apartment,6.2,6.1,6.0,1,9.0,4,11554,18660000
Bengaluru,Yelahanka,2,1317,2.0,2,1,1.0,0.0,28,Unfurnished,Apartment,7.0,3.9,8.0,1,6.0,2,7057,10569000
Pune,Wakad,4,1999,4.0,8,4,2.0,2.0,4,Semi-Furnished,Independent House,11.6,1.5,0.0,3,7.0,8,7589,17738000
Vijayawada,Moghalrajpuram,2,1527,2.0,3,3,3.0,1.0,16,Unfurnished,Apartment,14.8,2.4,5.0,7,8.0,1,4197,7552000
Pune,Wakad,1,893,1.0,4,2,3.0,1.0,16,Fully-Furnished,Independent House,9.6,0.5,4.0,3,3.0,5,4703,6801000
Vijayawada,Patamata,2,1595,2.0,2,2,2.0,1.0,6,Semi-Furnished,Apartment,4.3,2.2,,5,9.0,8,6493,9050000
Chennai,Adyar,2,1407,2.0,7,7,2.0,1.0,27,Semi-Furnished,Apartment,3.6,4.6,1.0,2,2.0,9,4540,11432000
Pune,Baner,2,1219,1.0,7,4,1.0,2.0,8,Fully-Furnished,Villa,8.1,2.0,4.0,5,8.0,4,2848,11824000
Bengaluru,HSR Layout,3,2234,4.0,15,1,0.0,3.0,29,Semi-Furnished,Independent House,13.4,0.7,1.0,1,5.0,5,6252,19899000
Pune,Kharadi,3,2306,3.0,5,2,2.0,1.0,14,Semi-Furnished,Apartment,9.7,2.5,6.0,2,9.0,10,4742,18646000
Mumbai,Andheri,3,2077,3.0,12,7,1.0,1.0,29,Unfurnished,Apartment,16.4,1.0,2.0,4,6.0,8,7003,31823000
Bengaluru,Koramangala,4,1893,4.0,7,4,2.0,1.0,22,Unfurnished,Independent House,4.5,1.0,10.0,2,6.0,9,3828,17477000
Mumbai,Thane,4,2252,3.0,10,1,1.0,1.0,40,Semi-Furnished,Apartment,12.3,3.5,8.0,4,1.0,7,7745,33987000
Pune,Wakad,3,2046,3.0,15,11,2.0,2.0,12,Unfurnished,Apartment,25.0,9.1,2.0,3,8.0,6,7510,15748000
Kolkata,Salt Lake,3,1696,3.0,8,6,1.0,2.0,21,Semi-Furnished,Apartment,4.2,2.9,1.0,5,1.0,2,4299,8924000
Visakhapatnam,Madhurawada,1,594,1.0,12,6,2.0,2.0,21,Semi-Furnished,Independent House,6.5,2.2,6.0,1,7.0,6,1797,4036000
Pune,Wakad,2,1260,2.0,3,3,2.0,3.0,2,Unfurnished,Independent House,2.4,2.6,4.0,4,4.0,7,4149,11650000
Kolkata,Salt Lake,3,1858,3.0,6,3,1.0,1.0,13,Fully-Furnished,Apartment,2.4,0.6,9.0,7,1.0,5,8567,12113000
Vijayawada,Benz Circle,2,1416,2.0,6,1,2.0,1.0,36,Semi-Furnished,Independent House,1.1,1.3,8.0,5,4.0,9,8226,8041000
Ahmedabad,Maninagar,3,1827,4.0,8,4,0.0,1.0,12,Semi-Furnished,Apartment,5.7,6.6,8.0,3,8.0,9,5725,12675000
Chennai,Porur,2,1412,1.0,6,3,1.0,2.0,23,Fully-Furnished,Apartment,6.0,5.7,6.0,7,10.0,4,3731,12525000
Pune,Wakad,4,2054,5.0,10,5,2.0,1.0,17,Semi-Furnished,Independent House,1.6,11.3,8.0,5,10.0,7,7590,18296000
Hyderabad,Kukatpally,2,751,1.0,7,7,2.0,1.0,29,Fully-Furnished,Apartment,2.4,1.3,8.0,0,7.0,7,1873,5632000
Ahmedabad,Satellite,5,2290,4.0,8,4,2.0,1.0,9,Unfurnished,Apartment,17.8,2.6,0.0,4,5.0,2,12059,14795000
Bengaluru,HSR Layout,4,2362,4.0,6,1,2.0,3.0,17,Semi-Furnished,Independent House,7.4,5.4,10.0,7,5.0,5,13817,23029000
Vijayawada,Gunadala,3,1601,3.0,8,4,2.0,0.0,9,Fully-Furnished,Apartment,5.9,4.1,9.0,7,9.0,2,4541,9496000
Delhi,Saket,3,2189,2.0,7,5,2.0,2.0,22,Fully-Furnished,Apartment,5.3,1.3,10.0,2,4.0,7,4708,23469000
Kolkata,Dum Dum,2,1705,2.0,2,2,1.0,2.0,22,,Apartment,2.2,0.5,1.0,0,4.0,6,4243,9535000
Bengaluru,Electronic City,4,2704,4.0,8,2,1.0,1.0,7,Fully-Furnished,Independent House,6.0,1.1,8.0,3,3.0,6,8852,27063000
Kolkata,Dum Dum,2,1260,2.0,10,3,2.0,3.0,26,Fully-Furnished,Apartment,6.1,0.6,9.0,2,1.0,5,4886,8287000
Pune,Hinjewadi,3,2017,2.0,15,8,3.0,2.0,7,Semi-Furnished,Apartment,5.6,7.9,10.0,2,5.0,10,6874,17469000
Vijayawada,Gunadala,1,1029,2.0,5,4,1.0,2.0,40,Unfurnished,Apartment,8.0,7.9,1.0,7,7.0,8,5503,4097000
Mumbai,Borivali,3,1682,3.0,12,5,0.0,0.0,28,Semi-Furnished,Villa,8.1,2.7,2.0,0,6.0,6,9147,25261000
Kolkata,Salt Lake,1,1374,1.0,3,2,1.0,1.0,37,Fully-Furnished,Apartment,1.4,9.9,8.0,0,4.0,2,4353,6589000
Bengaluru,HSR Layout,2,1509,3.0,6,4,1.0,0.0,4,Semi-Furnished,Apartment,8.3,1.5,3.0,6,10.0,1,4539,15118000
Pune,Viman Nagar,5,2760,4.0,15,2,1.0,1.0,14,Semi-Furnished,Apartment,6.4,1.2,6.0,3,1.0,8,10629,22836000
Mumbai,Thane,2,1603,3.0,15,2,1.0,2.0,3,Fully-Furnished,Independent House,9.7,7.6,6.0,5,5.0,1,7126,26897000
Kolkata,New Town,4,2086,4.0,5,3,0.0,1.0,17,Fully-Furnished,Apartment,9.2,1.1,10.0,0,7.0,9,8271,14249000
Pune,Hadapsar,4,1921,4.0,2,1,3.0,1.0,1,Semi-Furnished,Apartment,8.2,5.1,5.0,4,4.0,10,9673,16293000
Bengaluru,Electronic City,2,1055,2.0,3,3,1.0,0.0,10,Fully-Furnished,Apartment,5.3,3.0,1.0,3,7.0,10,2570,10605000
Hyderabad,Kondapur,3,1499,3.0,8,1,2.0,2.0,20,Fully-Furnished,Apartment,8.0,1.2,1.0,3,6.0,2,3487,10941000
Pune,Wakad,3,1575,3.0,4,1,0.0,0.0,20,Semi-Furnished,Villa,2.0,0.7,5.0,1,10.0,9,7466,14440000
Mumbai,Bandra,4,2105,4.0,6,5,0.0,2.0,28,Fully-Furnished,Apartment,5.6,0.5,7.0,6,6.0,6,12302,34276000
Delhi,Vasant Kunj,4,2100,5.0,12,2,0.0,2.0,12,Semi-Furnished,Apartment,5.9,7.1,6.0,6,3.0,4,8772,20608000
Kolkata,Rajarhat,4,2079,3.0,5,4,2.0,3.0,39,Fully-Furnished,Independent House,4.0,4.1,9.0,4,4.0,2,8230,12041000
Pune,Hinjewadi,4,2448,5.0,10,4,2.0,2.0,33,Fully-Furnished,Apartment,13.4,1.7,5.0,1,6.0,2,14396,20125000
Bengaluru,Whitefield,3,1971,3.0,15,2,2.0,2.0,17,Semi-Furnished,Independent House,12.8,0.2,5.0,5,2.0,4,5982,18063000
Chennai,Anna Nagar,4,2544,4.0,5,4,2.0,3.0,23,Semi-Furnished,Apartment,4.9,1.2,3.0,4,2.0,8,12418,19400000
Ahmedabad,Vastrapur,5,2692,5.0,15,5,3.0,1.0,11,Fully-Furnished,Apartment,8.9,2.3,7.0,0,2.0,4,8684,19547000
Hyderabad,Madhapur,4,2167,4.0,12,12,1.0,1.0,16,Fully-Furnished,Apartment,14.9,2.3,3.0,7,1.0,4,7058,18448000
Mumbai,Powai,4,2394,5.0,5,4,1.0,3.0,22,Semi-Furnished,Apartment,2.3,2.5,10.0,6,1.0,8,9163,38906000
Delhi,Rohini,4,2481,5.0,3,3,2.0,3.0,10,Semi-Furnished,Independent House,15.3,3.4,10.0,1,4.0,6,14265,25970000
Mumbai,Bandra,1,741,2.0,15,11,1.0,2.0,10,Semi-Furnished,Apartment,3.8,1.9,0.0,5,7.0,8,1532,12516000
Hyderabad,Miyapur,5,2599,5.0,3,2,1.0,1.0,40,Semi-Furnished,Apartment,1.5,0.9,6.0,5,1.0,9,8456,19051000
Bengaluru,Whitefield,2,1206,1.0,15,14,1.0,2.0,0,Fully-Furnished,Apartment,2.3,3.1,10.0,6,10.0,4,3726,13703000
Chennai,OMR,3,1624,3.0,7,2,0.0,1.0,39,Semi-Furnished,Independent House,4.8,1.5,7.0,6,3.0,9,9300,12205000
Kolkata,Ballygunge,2,1178,3.0,10,5,1.0,1.0,9,Semi-Furnished,Apartment,10.2,4.2,8.0,4,9.0,10,2746,8815000
Hyderabad,Gachibowli,3,1703,4.0,6,5,1.0,2.0,15,Unfurnished,Apartment,1.0,2.0,6.0,6,7.0,4,5621,11605000
Mumbai,Bandra,2,1493,2.0,4,1,1.0,1.0,37,Fully-Furnished,Apartment,2.2,6.5,4.0,6,8.0,3,5702,23572000
Hyderabad,Kondapur,3,1561,3.0,12,2,2.0,2.0,14,Semi-Furnished,Apartment,3.5,5.5,2.0,3,6.0,7,5990,12100000
Delhi,Saket,4,2372,4.0,15,6,3.0,2.0,27,Semi-Furnished,Independent House,11.0,2.8,8.0,3,7.0,7,7723,23151000
Hyderabad,Madhapur,3,1398,3.0,6,5,2.0,1.0,12,Fully-Furnished,Independent House,11.7,1.4,6.0,6,2.0,6,8196,12788000
Delhi,Pitampura,1,1476,1.0,8,8,2.0,1.0,1,Semi-Furnished,Apartment,19.6,0.4,10.0,1,1.0,6,4713,14858000
Visakhapatnam,Gajuwaka,1,1279,2.0,3,1,0.0,2.0,31,Unfurnished,Independent House,2.9,2.7,10.0,7,1.0,3,3285,5103000
Bengaluru,Indiranagar,2,1457,1.0,12,8,1.0,1.0,25,Semi-Furnished,Apartment,5.3,4.3,0.0,3,9.0,8,7788,14136000
Visakhapatnam,Dwaraka Nagar,2,1254,,2,2,1.0,2.0,8,Semi-Furnished,Apartment,7.1,15.0,8.0,7,6.0,10,4874,7221000
Vijayawada,Moghalrajpuram,2,1376,3.0,10,7,2.0,3.0,6,Unfurnished,Apartment,5.0,4.3,10.0,3,9.0,6,6218,8679000
Chennai,Adyar,2,1565,3.0,12,2,1.0,1.0,26,Semi-Furnished,Apartment,5.1,3.5,3.0,2,6.0,4,6399,11899000
Chennai,Velachery,3,1767,3.0,4,3,1.0,2.0,29,Semi-Furnished,Apartment,4.8,2.1,6.0,5,3.0,2,9966,12671000
Mumbai,Borivali,3,1774,3.0,7,5,1.0,2.0,20,Semi-Furnished,Independent House,3.3,5.1,8.0,7,8.0,9,8145,28894000
Bengaluru,Electronic City,2,1281,1.0,2,2,1.0,2.0,11,Fully-Furnished,Apartment,3.9,5.7,6.0,1,10.0,9,3104,12503000
Chennai,OMR,2,1290,2.0,3,1,3.0,2.0,37,Semi-Furnished,Apartment,7.9,4.9,5.0,2,1.0,7,3076,8374000
Vijayawada,Governorpet,3,1701,3.0,15,13,1.0,1.0,30,Semi-Furnished,Apartment,7.6,2.6,7.0,7,5.0,10,7651,8256000
Mumbai,Powai,3,1688,3.0,10,2,2.0,3.0,6,Fully-Furnished,Apartment,2.8,2.0,5.0,0,5.0,5,7807,28690000
Bengaluru,Indiranagar,3,2140,3.0,4,4,1.0,0.0,7,Semi-Furnished,Apartment,4.9,6.7,5.0,2,7.0,7,12080,21514000
Hyderabad,Gachibowli,2,1718,2.0,3,3,2.0,1.0,22,Fully-Furnished,Apartment,1.4,1.0,10.0,1,6.0,5,7016,13718000
Hyderabad,Madhapur,2,1400,2.0,4,2,2.0,1.0,40,Semi-Furnished,Independent House,4.7,0.7,2.0,6,2.0,10,4539,9229000
Hyderabad,Gachibowli,2,1368,2.0,10,9,1.0,2.0,20,Semi-Furnished,Villa,4.7,0.4,2.0,2,7.0,7,3290,9765000
Pune,Kharadi,3,1728,4.0,7,5,3.0,1.0,23,Semi-Furnished,Apartment,4.7,1.1,5.0,2,3.0,6,9581,14749000
Mumbai,Borivali,3,1589,3.0,8,2,1.0,1.0,11,Fully-Furnished,Independent House,3.8,10.3,8.0,6,3.0,4,7754,26563000
Mumbai,Navi Mumbai,4,2232,3.0,4,2,3.0,1.0,33,Fully-Furnished,Independent House,7.9,2.5,2.0,0,5.0,2,6774,34716000
Mumbai,Bandra,4,2434,4.0,6,1,2.0,2.0,0,Unfurnished,Independent House,1.4,3.5,5.0,5,4.0,1,12283,38553000
Mumbai,Navi Mumbai,2,1152,1.0,6,5,1.0,1.0,5,Unfurnished,Independent House,11.9,7.4,3.0,1,6.0,2,2861,18103000
Hyderabad,Banjara Hills,4,2492,4.0,4,4,3.0,2.0,40,Semi-Furnished,Apartment,4.3,0.4,10.0,5,8.0,1,9443,18054000
Delhi,Mayur Vihar,5,2775,5.0,2,2,1.0,0.0,36,Fully-Furnished,Apartment,6.1,2.8,0.0,6,1.0,10,14236,27777000
Hyderabad,Banjara Hills,2,1242,2.0,3,1,3.0,1.0,4,Unfurnished,Apartment,12.4,0.4,10.0,5,8.0,3,5000,10128000
Delhi,Rohini,5,2229,5.0,5,4,3.0,2.0,18,Fully-Furnished,Villa,7.1,5.5,1.0,1,9.0,6,10793,23566000
Kolkata,Ballygunge,3,1711,3.0,2,1,0.0,2.0,19,Fully-Furnished,Independent House,2.0,3.5,1.0,0,5.0,5,7445,10799000
Visakhapatnam,MVP Colony,3,2014,4.0,10,5,0.0,0.0,7,Fully-Furnished,Apartment,5.5,2.3,7.0,1,2.0,6,6464,13201000
Hyderabad,Miyapur,1,1054,2.0,10,10,2.0,2.0,27,Semi-Furnished,Apartment,5.4,5.5,7.0,7,5.0,5,2186,8138000
Ahmedabad,Bodakdev,4,2621,4.0,7,1,0.0,1.0,27,Semi-Furnished,Villa,3.8,3.1,10.0,6,10.0,2,15602,17233000
Bengaluru,Koramangala,2,1208,1.0,6,6,1.0,3.0,25,Semi-Furnished,Apartment,4.5,6.6,8.0,6,1.0,8,2613,10887000
Ahmedabad,Vastrapur,3,1550,2.0,2,2,2.0,1.0,4,Fully-Furnished,Apartment,2.1,1.4,8.0,5,2.0,1,4625,11892000
Bengaluru,Electronic City,3,1723,4.0,5,4,2.0,3.0,29,Semi-Furnished,Independent House,11.3,3.6,2.0,4,8.0,1,4065,15811000
Bengaluru,Whitefield,3,1599,3.0,6,2,2.0,2.0,30,Semi-Furnished,Apartment,10.3,1.6,3.0,4,9.0,3,4562,14219000
Delhi,Rohini,3,1620,3.0,8,6,0.0,2.0,7,Unfurnished,Apartment,6.0,1.0,3.0,6,7.0,2,7986,16072000
Hyderabad,Kukatpally,3,1522,2.0,5,3,1.0,3.0,25,Fully-Furnished,Apartment,8.6,0.3,1.0,5,3.0,4,7637,11282000
Mumbai,Navi Mumbai,2,1701,2.0,7,7,2.0,1.0,38,Semi-Furnished,Independent House,3.9,0.6,2.0,2,7.0,8,5852,26454000
Hyderabad,Banjara Hills,2,1289,2.0,4,4,2.0,1.0,0,Unfurnished,Villa,11.4,7.0,3.0,6,9.0,1,6550,10387000
Chennai,T Nagar,1,866,1.0,10,3,2.0,3.0,17,Unfurnished,Apartment,4.4,0.7,10.0,6,1.0,3,3914,6337000
Mumbai,Thane,3,1788,4.0,5,1,1.0,3.0,28,Unfurnished,Apartment,4.5,6.0,3.0,1,2.0,3,8184,26427000
Delhi,Mayur Vihar,2,1155,2.0,5,4,0.0,1.0,5,Semi-Furnished,Villa,5.7,2.9,2.0,0,6.0,9,6408,12880000
Hyderabad,Madhapur,2,1482,1.0,12,9,1.0,1.0,36,Semi-Furnished,Apartment,1.1,1.6,1.0,4,2.0,1,3256,9019000
Ahmedabad,Maninagar,3,1798,3.0,6,3,3.0,2.0,13,Fully-Furnished,Apartment,7.0,2.6,8.0,3,5.0,5,7396,13177000
Delhi,Dwarka,3,2046,4.0,15,8,2.0,2.0,18,Fully-Furnished,Apartment,2.4,3.3,10.0,7,9.0,3,10652,21242000
Kolkata,New Town,3,1920,4.0,2,2,2.0,3.0,36,Fully-Furnished,Apartment,12.8,4.8,5.0,7,1.0,10,4371,12634000
Ahmedabad,Prahlad Nagar,4,2395,3.0,6,2,2.0,1.0,13,Fully-Furnished,Apartment,8.8,4.8,1.0,3,10.0,10,11956,18024000
Ahmedabad,Satellite,3,1574,3.0,10,9,1.0,1.0,18,Fully-Furnished,Apartment,4.7,3.1,2.0,1,4.0,6,8743,11960000
Pune,Baner,2,1656,2.0,4,4,2.0,2.0,22,Semi-Furnished,Apartment,1.9,7.6,3.0,6,2.0,9,6004,14578000
Mumbai,Borivali,3,1817,2.0,6,6,1.0,1.0,7,Unfurnished,Apartment,7.0,0.4,8.0,7,10.0,2,4571,28913000
Delhi,Saket,2,1686,1.0,5,2,0.0,2.0,8,Unfurnished,Apartment,10.2,1.1,5.0,5,1.0,4,9413,16074000
Kolkata,Rajarhat,4,1753,4.0,8,3,2.0,1.0,8,Unfurnished,Apartment,8.8,0.4,7.0,2,3.0,9,7297,11045000
Bengaluru,HSR Layout,3,2070,3.0,2,1,2.0,2.0,27,Unfurnished,Independent House,3.8,5.5,9.0,7,5.0,5,11169,17764000
Ahmedabad,Bodakdev,4,2243,5.0,10,5,2.0,1.0,13,Semi-Furnished,Apartment,5.4,6.7,4.0,6,5.0,9,9411,15964000
Bengaluru,Indiranagar,3,1807,3.0,7,7,1.0,1.0,25,Unfurnished,Independent House,9.2,5.4,10.0,7,7.0,3,5015,15003000
Kolkata,Behala,2,1292,2.0,4,4,1.0,1.0,34,Unfurnished,Apartment,2.7,3.8,9.0,3,6.0,7,6018,7760000
Visakhapatnam,Gajuwaka,4,2552,3.0,15,8,1.0,3.0,29,Semi-Furnished,Apartment,1.1,2.4,1.0,7,9.0,9,8636,15660000
Kolkata,Rajarhat,1,859,2.0,10,3,2.0,2.0,13,Semi-Furnished,Independent House,3.4,6.5,7.0,0,7.0,1,3540,5288000
Delhi,Saket,1,906,1.0,2,2,1.0,1.0,5,Fully-Furnished,Apartment,1.7,1.6,3.0,5,4.0,2,3818,9956000
Mumbai,Borivali,2,1329,1.0,5,5,1.0,1.0,12,Unfurnished,Independent House,7.1,3.7,3.0,2,3.0,5,7825,20163000
Chennai,Porur,4,2427,4.0,8,7,3.0,1.0,1,Semi-Furnished,Independent House,9.3,0.2,5.0,7,2.0,6,12928,19277000
Visakhapatnam,Dwaraka Nagar,2,1309,1.0,12,4,2.0,3.0,28,Unfurnished,Apartment,4.9,3.4,7.0,7,2.0,7,6203,6369000
Pune,Baner,2,990,3.0,6,3,2.0,0.0,2,Unfurnished,Apartment,8.8,1.4,8.0,6,4.0,5,2869,6596000
Vijayawada,Governorpet,3,2013,3.0,15,7,2.0,3.0,3,Semi-Furnished,Independent House,2.9,0.4,8.0,3,10.0,9,11248,12514000
Chennai,Anna Nagar,2,1567,2.0,12,5,1.0,1.0,16,Semi-Furnished,Apartment,13.1,2.4,2.0,4,8.0,2,5590,12739000
Hyderabad,Gachibowli,1,784,2.0,6,6,2.0,1.0,3,Unfurnished,Apartment,7.1,0.6,7.0,3,4.0,2,4191,5779000
Delhi,Rohini,4,2590,5.0,7,6,1.0,2.0,21,Fully-Furnished,Apartment,3.5,7.9,5.0,6,6.0,3,14761,27016000
Chennai,T Nagar,2,1400,2.0,12,8,1.0,2.0,21,Fully-Furnished,Apartment,2.4,3.9,9.0,2,4.0,2,6567,11753000
Delhi,Mayur Vihar,2,1652,,7,7,2.0,2.0,5,Semi-Furnished,Apartment,21.0,3.6,0.0,2,6.0,5,8911,15816000
Mumbai,Andheri,3,1658,3.0,12,12,1.0,2.0,19,Semi-Furnished,Apartment,5.1,4.5,10.0,2,5.0,10,7413,26027000
Ahmedabad,Bodakdev,3,1682,2.0,6,4,1.0,2.0,8,Semi-Furnished,Apartment,5.5,5.9,3.0,1,10.0,7,8122,12717000
Delhi,Dwarka,2,1352,2.0,15,5,2.0,3.0,1,Unfurnished,Apartment,5.8,3.0,2.0,4,6.0,1,4667,13794000
Chennai,T Nagar,4,2068,4.0,10,4,2.0,1.0,40,Fully-Furnished,Apartment,2.4,2.0,5.0,3,1.0,8,8175,16596000
Mumbai,Thane,3,1993,4.0,15,5,1.0,2.0,24,Semi-Furnished,Apartment,12.3,3.3,4.0,3,9.0,2,11797,31586000
Hyderabad,Banjara Hills,3,1956,2.0,4,2,2.0,1.0,20,Unfurnished,Apartment,8.4,2.3,6.0,1,1.0,9,8054,13296000
Delhi,Saket,3,2148,2.0,5,5,2.0,1.0,6,Fully-Furnished,Apartment,17.2,5.1,5.0,0,1.0,2,7759,21989000
Vijayawada,Moghalrajpuram,2,1455,2.0,8,2,0.0,1.0,36,Fully-Furnished,Independent House,5.6,0.6,1.0,2,3.0,4,6067,6621000
Pune,Hadapsar,3,1945,3.0,4,2,2.0,0.0,25,Semi-Furnished,Apartment,2.9,5.1,6.0,2,7.0,7,6475,14748000
Visakhapatnam,Rushikonda,3,1908,3.0,2,2,1.0,1.0,29,Fully-Furnished,Apartment,7.8,1.3,7.0,6,10.0,4,5806,12496000
Pune,Kharadi,3,1792,3.0,2,2,2.0,1.0,18,Fully-Furnished,Independent House,5.9,4.9,2.0,0,5.0,8,8742,14748000
Ahmedabad,Bodakdev,1,989,1.0,2,1,3.0,1.0,28,Semi-Furnished,Apartment,8.8,5.2,9.0,7,9.0,9,4409,7084000
Chennai,T Nagar,3,1489,4.0,3,1,2.0,1.0,5,Semi-Furnished,Independent House,7.4,0.4,0.0,2,4.0,9,7218,12392000
Chennai,Adyar,3,1967,4.0,4,4,0.0,2.0,18,Fully-Furnished,Independent House,10.6,1.8,2.0,1,4.0,7,6431,18864000
Mumbai,Andheri,2,1530,2.0,2,1,1.0,2.0,38,Semi-Furnished,Apartment,6.4,8.9,2.0,5,6.0,10,8104,22421000
Mumbai,Powai,1,1382,1.0,4,4,3.0,2.0,14,Semi-Furnished,Independent House,2.4,0.6,10.0,3,1.0,9,6419,21634000
Pune,Baner,2,1416,2.0,10,6,1.0,2.0,33,Semi-Furnished,Apartment,7.1,2.8,10.0,4,3.0,5,4876,12007000
Hyderabad,Miyapur,3,1881,3.0,7,3,1.0,1.0,31,Unfurnished,Independent House,3.1,3.4,10.0,1,3.0,5,10646,12891000
Delhi,Rohini,3,1736,4.0,7,2,1.0,2.0,33,Semi-Furnished,Apartment,3.7,1.3,2.0,4,10.0,5,6474,16597000
Visakhapatnam,Dwaraka Nagar,3,1818,3.0,7,4,1.0,1.0,5,Semi-Furnished,Independent House,3.1,2.4,0.0,1,4.0,8,4220,11638000
Chennai,Porur,4,2389,4.0,10,4,1.0,2.0,34,Fully-Furnished,Apartment,11.2,3.8,8.0,6,10.0,6,4949,18868000
Hyderabad,Madhapur,1,825,1.0,12,1,1.0,2.0,3,Semi-Furnished,Apartment,6.1,9.2,9.0,1,9.0,3,4919,7401000
Kolkata,Dum Dum,1,1187,1.0,10,6,1.0,1.0,35,Unfurnished,Independent House,5.6,0.2,2.0,2,9.0,10,6851,6567000
Chennai,Adyar,3,1794,2.0,7,3,1.0,1.0,3,Fully-Furnished,Apartment,7.7,2.1,5.0,5,4.0,8,4615,14926000
Kolkata,Ballygunge,2,1543,3.0,7,3,3.0,3.0,8,Fully-Furnished,Independent House,6.4,3.1,10.0,5,5.0,4,7960,12189000
Chennai,Porur,5,2829,6.0,3,3,1.0,3.0,7,Unfurnished,Apartment,5.9,0.5,9.0,4,4.0,3,15410,22206000
Mumbai,Bandra,4,2203,3.0,6,5,1.0,1.0,31,Unfurnished,Apartment,7.3,2.6,2.0,4,9.0,7,8521,33030000
Bengaluru,Indiranagar,4,1932,4.0,10,7,2.0,3.0,20,Unfurnished,Apartment,3.2,1.5,3.0,1,2.0,10,7503,16887000
Mumbai,Andheri,4,2357,5.0,8,6,2.0,0.0,32,Semi-Furnished,Apartment,4.2,2.2,0.0,6,6.0,10,13975,36926000
Hyderabad,Banjara Hills,3,2219,4.0,6,4,1.0,1.0,2,Fully-Furnished,Villa,3.8,1.4,5.0,0,2.0,9,10298,18522000
Kolkata,Dum Dum,3,2132,2.0,2,1,1.0,2.0,31,Fully-Furnished,Apartment,7.1,7.8,3.0,4,9.0,1,6879,14253000
Vijayawada,Gunadala,3,2024,3.0,5,5,2.0,1.0,5,Semi-Furnished,Apartment,6.5,8.9,10.0,2,7.0,6,7312,11222000
Chennai,T Nagar,1,1119,1.0,3,2,2.0,1.0,4,Fully-Furnished,Apartment,5.1,8.0,4.0,0,1.0,6,5126,8845000
Ahmedabad,Chandkheda,4,2240,3.0,2,2,1.0,1.0,20,Semi-Furnished,Independent House,3.3,4.0,2.0,4,6.0,7,11247,15570000
Vijayawada,Patamata,1,1143,1.0,4,2,1.0,1.0,13,Semi-Furnished,Apartment,9.7,1.4,8.0,2,2.0,5,6358,5727000
Bengaluru,Electronic City,2,1470,3.0,2,1,2.0,1.0,31,Semi-Furnished,Apartment,15.0,8.0,0.0,0,6.0,2,8358,11998000
Chennai,T Nagar,3,2140,3.0,10,6,1.0,2.0,17,Fully-Furnished,Independent House,4.0,3.1,5.0,0,2.0,4,6664,17603000
Hyderabad,Kukatpally,3,1854,3.0,4,1,1.0,1.0,39,Semi-Furnished,Independent House,7.7,1.7,2.0,7,4.0,3,8985,11929000
Ahmedabad,Satellite,5,2584,5.0,6,6,1.0,2.0,3,Unfurnished,Apartment,14.8,2.0,0.0,6,9.0,10,14367,17235000
Delhi,Pitampura,2,1220,3.0,15,14,1.0,2.0,28,Unfurnished,Apartment,6.1,1.4,0.0,5,4.0,5,5527,10156000
Kolkata,Dum Dum,1,988,2.0,12,10,1.0,2.0,28,Unfurnished,Apartment,10.3,5.1,1.0,0,3.0,4,4403,4971000
Visakhapatnam,MVP Colony,2,1376,2.0,10,7,1.0,2.0,39,Semi-Furnished,Apartment,6.5,4.6,1.0,6,6.0,8,5433,6977000
Chennai,Velachery,4,2523,4.0,8,1,0.0,1.0,14,Semi-Furnished,Apartment,13.0,3.3,3.0,6,9.0,4,11650,20263000
Bengaluru,Koramangala,2,1749,3.0,6,4,2.0,1.0,19,Semi-Furnished,Independent House,2.6,8.7,6.0,3,4.0,2,4592,16497000
Ahmedabad,Bodakdev,2,1300,1.0,12,10,2.0,2.0,17,Semi-Furnished,Independent House,11.6,2.9,9.0,2,1.0,3,6110,8183000
Kolkata,Behala,3,1887,3.0,4,2,2.0,3.0,1,Semi-Furnished,Apartment,5.6,0.7,7.0,7,5.0,2,9840,14192000
Vijayawada,Gunadala,2,1382,2.0,2,2,2.0,1.0,24,Semi-Furnished,Apartment,8.1,1.7,9.0,5,9.0,7,6723,8589000
Hyderabad,Gachibowli,3,1604,3.0,2,2,3.0,1.0,4,Semi-Furnished,Independent House,7.4,1.5,0.0,4,4.0,1,5413,12299000
Bengaluru,Indiranagar,2,1363,2.0,10,8,1.0,0.0,4,Fully-Furnished,Independent House,11.0,0.4,9.0,6,5.0,1,6488,14147000
Ahmedabad,Chandkheda,2,1713,2.0,5,4,3.0,1.0,39,Unfurnished,Apartment,7.0,14.4,4.0,3,10.0,9,8697,11438000
Delhi,Saket,1,1496,1.0,4,3,2.0,2.0,32,Fully-Furnished,Apartment,23.6,5.3,10.0,3,10.0,10,5707,15339000
Mumbai,Borivali,2,1329,2.0,10,4,2.0,1.0,28,Semi-Furnished,Apartment,6.7,10.2,9.0,6,1.0,8,7918,19468000
Visakhapatnam,Gajuwaka,3,1671,3.0,3,1,2.0,2.0,29,Semi-Furnished,Apartment,6.7,2.0,8.0,5,7.0,2,8196,10687000
Chennai,OMR,2,1136,2.0,3,1,1.0,2.0,0,Unfurnished,Independent House,13.8,0.8,1.0,1,8.0,4,4591,8225000
Pune,Baner,3,1771,4.0,5,1,1.0,2.0,26,Unfurnished,Independent House,13.3,0.8,0.0,6,1.0,10,4166,13461000
Hyderabad,Madhapur,2,1034,1.0,7,6,3.0,2.0,4,Fully-Furnished,Independent House,1.2,0.8,7.0,6,3.0,5,3774,8727000
Pune,Kharadi,2,1703,3.0,6,1,2.0,1.0,26,Semi-Furnished,Apartment,10.8,6.1,9.0,4,10.0,9,5286,15032000
Hyderabad,Kondapur,3,1909,3.0,15,10,2.0,1.0,22,Semi-Furnished,Apartment,5.0,9.8,5.0,6,9.0,5,6166,14374000
Kolkata,Dum Dum,3,1865,3.0,3,3,2.0,1.0,2,Semi-Furnished,Apartment,14.3,6.5,1.0,1,4.0,10,7178,13172000
Bengaluru,Indiranagar,3,1660,2.0,12,10,3.0,1.0,40,Unfurnished,Apartment,7.4,2.1,10.0,7,9.0,10,8958,16035000
Kolkata,Ballygunge,4,2072,4.0,6,6,2.0,3.0,5,Semi-Furnished,Apartment,2.7,3.9,9.0,7,10.0,2,9025,15926000
Chennai,Anna Nagar,2,1646,3.0,10,3,1.0,1.0,17,Unfurnished,Independent House,1.6,3.7,9.0,1,8.0,3,8970,13318000
Mumbai,Powai,3,1953,2.0,6,1,1.0,0.0,22,Fully-Furnished,Apartment,3.2,1.3,6.0,3,10.0,8,8981,32101000
Kolkata,Rajarhat,3,2053,3.0,2,1,1.0,3.0,6,Fully-Furnished,Independent House,10.4,2.2,6.0,2,9.0,5,11363,14339000
Ahmedabad,Satellite,3,2090,4.0,5,3,1.0,1.0,16,Semi-Furnished,Apartment,3.8,6.0,7.0,5,3.0,9,12333,14085000
Ahmedabad,Vastrapur,1,1081,1.0,7,4,1.0,2.0,18,Semi-Furnished,Apartment,8.6,3.6,1.0,2,2.0,3,3261,7252000
Hyderabad,Kukatpally,3,1501,3.0,12,7,2.0,1.0,0,Fully-Furnished,Apartment,7.0,2.9,5.0,2,7.0,10,4891,13258000
Chennai,Velachery,2,1290,2.0,5,1,2.0,0.0,33,Unfurnished,Apartment,15.7,6.0,1.0,7,9.0,4,3490,8279000
Hyderabad,Miyapur,4,2117,3.0,5,4,2.0,2.0,17,Fully-Furnished,Apartment,4.9,3.7,10.0,5,8.0,7,7838,17671000
Kolkata,New Town,2,1420,3.0,3,1,0.0,2.0,34,Semi-Furnished,Apartment,3.5,3.4,2.0,0,10.0,8,8092,9370000
Visakhapatnam,Gajuwaka,2,1614,2.0,8,8,2.0,1.0,36,Unfurnished,Apartment,5.0,4.7,4.0,7,9.0,1,7211,7947000
Visakhapatnam,Madhurawada,3,1933,4.0,5,5,2.0,2.0,5,Fully-Furnished,Apartment,1.8,2.2,6.0,0,8.0,10,5203,14284000
Delhi,Dwarka,2,1563,2.0,5,2,2.0,2.0,18,Fully-Furnished,Apartment,1.1,1.2,5.0,7,7.0,4,7361,16713000
Vijayawada,Poranki,2,1056,3.0,6,3,0.0,2.0,10,Semi-Furnished,Apartment,12.8,5.0,3.0,6,1.0,9,4571,4726000
Bengaluru,Yelahanka,3,1720,3.0,8,6,1.0,2.0,14,Unfurnished,Apartment,19.5,5.1,10.0,7,3.0,1,5898,16150000
Hyderabad,Miyapur,1,476,1.0,6,1,0.0,3.0,21,Semi-Furnished,Independent House,7.6,4.1,3.0,3,7.0,1,1723,3746000
Kolkata,Ballygunge,3,2134,3.0,6,5,1.0,1.0,9,Unfurnished,Apartment,2.9,0.9,9.0,5,7.0,3,11553,12149000
Pune,Viman Nagar,3,1660,3.0,8,1,3.0,1.0,8,Semi-Furnished,Apartment,10.5,4.2,3.0,3,3.0,1,5645,14245000
Vijayawada,Governorpet,3,1840,4.0,7,5,3.0,2.0,34,Unfurnished,Apartment,8.4,1.1,0.0,1,1.0,1,7010,8110000
Chennai,Porur,2,1313,2.0,7,7,1.0,0.0,19,Semi-Furnished,Independent House,5.2,4.8,4.0,2,4.0,2,3935,9375000
Chennai,OMR,2,1243,3.0,15,9,0.0,1.0,20,Fully-Furnished,Independent House,5.3,1.9,3.0,7,10.0,4,2883,11797000
Delhi,Rohini,2,1645,1.0,5,3,3.0,0.0,35,Unfurnished,Apartment,12.3,1.0,7.0,4,4.0,10,8961,15145000
Pune,Baner,4,2158,5.0,8,2,1.0,3.0,36,Semi-Furnished,Apartment,1.9,1.9,3.0,3,10.0,4,7503,18056000
Vijayawada,Patamata,3,1677,3.0,4,2,3.0,2.0,18,Unfurnished,Apartment,8.3,7.2,3.0,4,3.0,6,6364,7560000
Pune,Hadapsar,2,1061,1.0,12,5,1.0,1.0,9,Fully-Furnished,Apartment,8.2,1.4,9.0,2,5.0,7,3708,9564000
Bengaluru,Koramangala,4,2172,5.0,5,4,2.0,1.0,36,Unfurnished,Apartment,2.9,8.4,6.0,1,3.0,4,5686,19337000
Vijayawada,Patamata,2,1168,1.0,7,4,2.0,2.0,2,Semi-Furnished,Apartment,4.6,7.0,6.0,1,7.0,9,4317,7351000
Kolkata,Ballygunge,4,2039,3.0,7,2,1.0,2.0,33,Semi-Furnished,Independent House,3.3,0.2,7.0,0,8.0,4,7511,11488000
Hyderabad,Kukatpally,3,1459,4.0,8,3,2.0,3.0,32,Semi-Furnished,Apartment,10.6,9.9,3.0,0,8.0,2,8713,10746000
Ahmedabad,Vastrapur,2,1586,3.0,10,7,2.0,2.0,3,Semi-Furnished,Independent House,2.7,6.9,2.0,5,8.0,2,8211,11658000
Pune,Kharadi,3,1661,4.0,5,3,0.0,3.0,30,Unfurnished,Apartment,9.8,0.7,3.0,7,1.0,6,6761,11715000
Hyderabad,Kondapur,1,868,2.0,10,2,1.0,1.0,33,Semi-Furnished,Apartment,7.7,2.9,1.0,0,3.0,4,5151,6294000
Mumbai,Borivali,5,2724,5.0,2,1,2.0,2.0,33,Semi-Furnished,Apartment,13.6,5.8,3.0,6,7.0,8,6761,42018000
Kolkata,Salt Lake,4,2254,4.0,2,2,2.0,1.0,2,Fully-Furnished,Independent House,5.8,3.4,8.0,7,1.0,4,6569,17077000
Chennai,Adyar,2,1346,2.0,6,1,2.0,0.0,35,Unfurnished,Villa,6.4,0.7,3.0,0,8.0,9,7273,9957000
Ahmedabad,Satellite,2,1068,1.0,5,1,1.0,2.0,17,Fully-Furnished,Apartment,5.4,1.8,9.0,4,8.0,1,5203,7137000
Ahmedabad,Maninagar,3,2157,3.0,12,4,2.0,1.0,36,Semi-Furnished,Apartment,5.4,5.2,4.0,5,6.0,10,11987,13756000
Ahmedabad,Satellite,2,1154,2.0,10,6,2.0,2.0,29,Fully-Furnished,Apartment,22.3,4.2,5.0,5,6.0,2,5632,5672000
Ahmedabad,Bodakdev,1,652,1.0,8,8,1.0,0.0,40,Unfurnished,Apartment,4.4,0.4,9.0,5,9.0,4,1523,3868000
Bengaluru,Yelahanka,2,1263,2.0,4,2,3.0,1.0,14,Semi-Furnished,Villa,5.1,4.2,8.0,7,2.0,4,4954,11271000
Hyderabad,Kondapur,2,1232,2.0,10,3,1.0,3.0,27,Semi-Furnished,Apartment,2.2,3.4,5.0,4,5.0,5,2484,8678000
Chennai,Velachery,3,1957,3.0,7,3,1.0,1.0,19,Semi-Furnished,Apartment,7.6,0.8,7.0,6,10.0,1,8531,15109000
Chennai,Adyar,2,1080,2.0,4,2,0.0,1.0,22,Semi-Furnished,Apartment,1.2,8.1,4.0,6,8.0,6,5140,9208000
Chennai,Velachery,3,1875,3.0,6,4,2.0,2.0,15,Semi-Furnished,Apartment,4.0,3.9,10.0,3,3.0,2,5351,14534000
Chennai,Adyar,3,1938,2.0,5,2,1.0,1.0,37,Semi-Furnished,Apartment,6.0,2.6,1.0,1,5.0,10,11237,13981000
Bengaluru,Indiranagar,4,2450,4.0,3,3,1.0,1.0,24,Fully-Furnished,Independent House,20.1,2.3,3.0,3,2.0,1,14180,23422000
Pune,Viman Nagar,3,1623,3.0,10,7,1.0,2.0,36,Semi-Furnished,Apartment,3.0,2.6,2.0,4,5.0,4,8876,12137000
Vijayawada,Moghalrajpuram,5,2678,5.0,6,2,0.0,3.0,2,Semi-Furnished,Independent House,4.0,0.3,7.0,1,2.0,7,7710,15115000
Kolkata,Ballygunge,3,2020,3.0,12,8,1.0,1.0,0,Unfurnished,Independent House,9.9,0.7,2.0,0,10.0,6,10521,12594000
Ahmedabad,Bodakdev,3,1562,4.0,5,2,2.0,2.0,1,Semi-Furnished,Independent House,2.4,1.4,4.0,5,9.0,5,7732,13738000
Bengaluru,Electronic City,2,1360,2.0,2,2,1.0,2.0,38,Fully-Furnished,Apartment,6.9,1.8,9.0,3,5.0,6,5460,12960000
Hyderabad,Madhapur,3,2029,3.0,10,6,1.0,2.0,26,Semi-Furnished,Apartment,7.5,2.6,8.0,5,6.0,10,8361,14605000
Delhi,Rohini,3,1765,3.0,5,1,2.0,1.0,16,Semi-Furnished,Independent House,10.6,1.3,10.0,6,4.0,9,7650,18924000
Visakhapatnam,Rushikonda,2,1278,2.0,4,3,1.0,2.0,4,Unfurnished,Apartment,2.6,3.3,0.0,1,2.0,3,5028,7885000
Ahmedabad,Chandkheda,1,841,1.0,15,11,1.0,1.0,8,Unfurnished,Independent House,5.0,2.9,1.0,0,2.0,8,2870,5370000
Bengaluru,Koramangala,3,1671,3.0,6,1,2.0,2.0,1,Semi-Furnished,Independent House,1.4,3.8,0.0,7,9.0,2,5570,17902000
Chennai,OMR,2,1824,2.0,15,7,1.0,1.0,21,Fully-Furnished,Apartment,8.7,11.4,8.0,6,3.0,10,6105,13951000
Mumbai,Navi Mumbai,3,1552,2.0,4,4,1.0,1.0,17,Unfurnished,Apartment,8.9,2.2,1.0,7,8.0,5,3306,23208000
Mumbai,Borivali,2,1364,3.0,3,1,1.0,0.0,27,Unfurnished,Apartment,1.9,8.0,10.0,1,5.0,4,4525,20619000
Kolkata,Salt Lake,3,1674,2.0,7,4,2.0,1.0,20,Semi-Furnished,Apartment,13.0,2.7,4.0,1,7.0,4,8037,11493000
Mumbai,Borivali,2,1275,1.0,2,1,1.0,3.0,39,Semi-Furnished,Apartment,2.0,2.1,5.0,1,5.0,4,2836,19448000
Kolkata,Salt Lake,3,1761,2.0,2,1,2.0,2.0,30,Unfurnished,Independent House,7.0,1.9,10.0,2,9.0,6,3749,10983000
Chennai,Velachery,5,2345,5.0,15,15,0.0,1.0,34,Semi-Furnished,Apartment,6.1,6.3,2.0,2,5.0,3,7026,17761000
Delhi,Mayur Vihar,2,1675,3.0,7,7,1.0,0.0,38,Fully-Furnished,Independent House,13.6,1.4,7.0,7,7.0,4,9840,16475000
Kolkata,New Town,3,1547,2.0,12,4,1.0,1.0,4,Unfurnished,Apartment,1.2,1.5,0.0,6,3.0,1,6379,9718000
Ahmedabad,Bodakdev,2,1468,2.0,3,1,3.0,1.0,9,Unfurnished,Apartment,8.8,2.7,2.0,0,9.0,10,8222,9431000
Ahmedabad,Satellite,3,1599,4.0,7,2,2.0,1.0,11,Unfurnished,Independent House,8.0,3.4,4.0,3,4.0,8,7430,11907000
Mumbai,Borivali,4,2040,3.0,10,8,1.0,3.0,25,Fully-Furnished,Independent House,8.8,0.5,8.0,2,7.0,1,6787,34262000
Chennai,T Nagar,2,1678,1.0,8,1,1.0,1.0,2,Semi-Furnished,Apartment,5.1,1.7,0.0,0,9.0,5,3447,13560000
Pune,Hadapsar,2,1286,3.0,10,10,2.0,1.0,12,Semi-Furnished,Apartment,8.2,3.7,5.0,4,1.0,8,4302,10667000
Mumbai,Navi Mumbai,2,1109,2.0,4,1,2.0,3.0,1,Fully-Furnished,Apartment,3.2,6.4,7.0,7,4.0,3,6113,19175000
Visakhapatnam,Rushikonda,3,1923,4.0,15,3,1.0,3.0,38,Semi-Furnished,Independent House,14.5,3.3,8.0,6,8.0,1,5708,10285000
Hyderabad,Banjara Hills,5,2342,4.0,2,1,2.0,1.0,25,Unfurnished,Apartment,6.8,2.6,3.0,1,6.0,7,5929,15455000
Pune,Hinjewadi,2,1232,1.0,5,2,0.0,1.0,31,Fully-Furnished,Apartment,7.9,7.5,2.0,3,2.0,7,6749,8770000
Mumbai,Thane,3,1922,4.0,8,4,0.0,1.0,7,Semi-Furnished,Apartment,5.6,9.8,9.0,1,10.0,3,5824,30935000
Pune,Wakad,3,1463,4.0,15,9,1.0,1.0,14,Semi-Furnished,Apartment,4.8,1.8,3.0,4,6.0,2,5723,11415000
Mumbai,Borivali,2,1363,1.0,12,2,1.0,3.0,7,Unfurnished,Apartment,1.6,3.1,10.0,5,6.0,5,7623,21427000
Kolkata,New Town,3,1640,3.0,8,4,1.0,2.0,39,Unfurnished,Apartment,6.3,0.6,0.0,0,3.0,1,5834,7819000
Chennai,Adyar,2,1341,1.0,12,9,0.0,3.0,24,Fully-Furnished,Apartment,10.6,1.8,4.0,5,1.0,7,6627,10510000
Visakhapatnam,Seethammadhara,3,1651,3.0,8,4,2.0,1.0,38,Semi-Furnished,Villa,4.6,2.3,1.0,2,4.0,9,8042,7365000
Visakhapatnam,Madhurawada,3,1802,3.0,5,5,1.0,1.0,15,Unfurnished,Apartment,5.3,8.7,10.0,0,4.0,9,9066,10142000
Hyderabad,Gachibowli,4,2209,3.0,12,9,1.0,1.0,16,Unfurnished,Apartment,13.9,2.9,4.0,6,9.0,10,10180,15080000
Hyderabad,Banjara Hills,1,744,1.0,10,6,3.0,1.0,30,Fully-Furnished,Independent House,19.9,6.4,3.0,4,9.0,7,1588,5743000
Vijayawada,Gunadala,3,1865,4.0,3,3,0.0,1.0,31,Semi-Furnished,Independent House,3.9,3.6,3.0,7,7.0,10,7682,11097000
Delhi,Vasant Kunj,3,1833,2.0,8,4,2.0,1.0,14,Semi-Furnished,Apartment,2.7,7.5,9.0,3,1.0,9,9576,18673000
Vijayawada,Gunadala,4,2283,4.0,8,3,0.0,1.0,14,Semi-Furnished,Apartment,3.0,1.9,0.0,0,2.0,7,6145,13648000
Mumbai,Andheri,4,2439,5.0,6,5,1.0,0.0,2,Unfurnished,Apartment,7.9,5.4,8.0,7,10.0,10,14068,38398000
Pune,Hinjewadi,3,2176,3.0,2,1,1.0,1.0,9,Unfurnished,Apartment,3.3,9.5,4.0,0,6.0,1,11325,15623000
Delhi,Vasant Kunj,4,2096,4.0,15,5,0.0,2.0,8,,Apartment,13.6,1.0,0.0,5,5.0,5,8486,21345000
Kolkata,Ballygunge,2,1412,2.0,6,6,2.0,3.0,15,Semi-Furnished,Apartment,3.0,7.2,8.0,5,3.0,9,7567,8570000
Bengaluru,Whitefield,3,1340,3.0,6,6,2.0,1.0,6,Semi-Furnished,Apartment,8.0,2.6,0.0,0,6.0,10,5978,13442000
Delhi,Rohini,3,1838,3.0,12,1,2.0,2.0,27,Unfurnished,Independent House,1.7,3.1,7.0,6,2.0,4,10671,17808000
Mumbai,Andheri,3,1743,2.0,4,2,2.0,1.0,37,Fully-Furnished,Apartment,6.0,5.0,10.0,4,3.0,10,4464,29391000
Hyderabad,Madhapur,3,1214,3.0,6,3,1.0,1.0,31,Semi-Furnished,Apartment,5.3,3.7,5.0,2,10.0,4,3667,8779000
Vijayawada,Poranki,3,1530,3.0,15,3,3.0,2.0,4,Fully-Furnished,Apartment,6.7,4.8,6.0,6,7.0,8,4173,10947000
Kolkata,Behala,3,1620,3.0,6,3,2.0,2.0,11,Semi-Furnished,Apartment,4.0,1.8,4.0,5,9.0,10,6400,11659000
Kolkata,New Town,4,2416,4.0,2,2,1.0,1.0,17,Semi-Furnished,Apartment,5.3,3.0,1.0,2,5.0,9,7820,15989000
Vijayawada,Moghalrajpuram,5,2845,6.0,4,2,2.0,2.0,25,Semi-Furnished,Apartment,12.0,3.1,7.0,7,3.0,4,13031,15292000
Mumbai,Navi Mumbai,2,1123,3.0,6,6,2.0,0.0,2,Semi-Furnished,Independent House,5.6,2.5,5.0,3,5.0,2,4207,18185000
Mumbai,Andheri,4,2349,4.0,2,2,2.0,1.0,31,Semi-Furnished,Apartment,7.0,0.5,8.0,2,10.0,9,5009,37342000
Ahmedabad,Vastrapur,4,2390,4.0,15,12,2.0,2.0,12,Semi-Furnished,Independent House,10.3,2.6,5.0,7,5.0,1,6206,17596000
Delhi,Saket,2,1612,2.0,7,1,3.0,2.0,40,Semi-Furnished,Apartment,9.7,1.6,7.0,5,1.0,5,7777,14507000
Visakhapatnam,Dwaraka Nagar,2,1141,2.0,7,5,1.0,2.0,2,Unfurnished,Apartment,7.1,2.5,7.0,2,1.0,7,4088,7156000
Vijayawada,Benz Circle,4,2748,5.0,8,5,2.0,1.0,20,Fully-Furnished,Apartment,6.2,0.9,3.0,2,8.0,5,12042,16067000
Visakhapatnam,Madhurawada,2,1259,3.0,8,1,1.0,1.0,7,Semi-Furnished,Apartment,4.8,5.6,10.0,3,2.0,3,4034,8000000
Pune,Viman Nagar,5,2443,4.0,7,2,1.0,0.0,9,Fully-Furnished,Independent House,11.7,6.3,1.0,1,2.0,8,10109,21277000
Mumbai,Borivali,2,1629,1.0,7,7,2.0,0.0,20,Semi-Furnished,Apartment,10.3,0.2,5.0,0,5.0,3,4567,25875000
Vijayawada,Governorpet,3,1829,3.0,15,1,3.0,2.0,24,Fully-Furnished,Apartment,9.9,4.6,0.0,0,6.0,10,5162,11176000
Pune,Wakad,1,577,2.0,8,1,2.0,1.0,25,Fully-Furnished,Villa,10.9,5.1,9.0,5,9.0,4,1549,4579000
Mumbai,Bandra,2,1216,1.0,5,5,2.0,1.0,23,Semi-Furnished,Apartment,17.1,3.1,2.0,7,5.0,1,5910,17285000
Kolkata,New Town,3,2097,3.0,4,2,2.0,2.0,22,Unfurnished,Independent House,3.2,4.1,3.0,4,8.0,8,12236,11395000
Chennai,T Nagar,4,2327,3.0,6,4,2.0,1.0,26,Unfurnished,Independent House,11.4,3.2,8.0,3,10.0,6,9765,16333000
Visakhapatnam,MVP Colony,3,1948,2.0,15,13,2.0,2.0,23,Semi-Furnished,Independent House,3.0,3.8,8.0,0,5.0,10,5313,11996000
Kolkata,Salt Lake,4,2078,4.0,7,6,1.0,2.0,12,Semi-Furnished,Independent House,7.2,1.8,5.0,4,1.0,10,5636,13790000
Vijayawada,Benz Circle,3,1804,2.0,5,3,1.0,3.0,29,Fully-Furnished,Apartment,18.3,2.9,5.0,3,6.0,1,6860,10292000
Bengaluru,HSR Layout,2,1503,2.0,6,6,3.0,0.0,22,Semi-Furnished,Apartment,3.8,1.0,4.0,0,1.0,1,7702,14919000
Pune,Baner,4,2226,4.0,5,3,1.0,2.0,34,Semi-Furnished,Apartment,11.5,3.4,6.0,5,9.0,3,11440,18419000
Chennai,OMR,2,1185,2.0,15,10,1.0,2.0,34,Semi-Furnished,Apartment,10.9,4.4,1.0,1,6.0,2,2408,9479000
Vijayawada,Gunadala,2,1507,3.0,4,3,2.0,0.0,37,Unfurnished,Apartment,6.8,2.8,7.0,7,8.0,6,5324,5957000
Delhi,Mayur Vihar,1,992,2.0,3,3,2.0,2.0,33,Fully-Furnished,Apartment,5.9,6.5,0.0,3,8.0,4,5618,9986000
Vijayawada,Moghalrajpuram,3,1963,2.0,7,6,1.0,1.0,26,Unfurnished,Independent House,18.7,4.0,3.0,5,9.0,4,9478,10127000
Visakhapatnam,Madhurawada,3,2146,3.0,8,7,1.0,1.0,0,Fully-Furnished,Apartment,8.6,4.0,1.0,5,3.0,8,7362,14500000
Delhi,Dwarka,2,1196,3.0,5,4,1.0,2.0,34,Fully-Furnished,Apartment,4.9,2.9,8.0,3,3.0,7,3782,12321000
Kolkata,Behala,2,992,3.0,15,10,1.0,2.0,31,Unfurnished,Villa,12.6,0.6,0.0,3,2.0,1,4113,5274000
Mumbai,Andheri,3,1861,2.0,15,4,1.0,2.0,1,Unfurnished,Apartment,7.1,3.8,6.0,1,1.0,5,3734,29795000
Kolkata,Rajarhat,3,1846,3.0,2,2,1.0,1.0,18,Semi-Furnished,Apartment,9.7,0.9,8.0,2,3.0,4,8790,12322000
Bengaluru,Yelahanka,2,1424,3.0,4,1,1.0,1.0,20,Fully-Furnished,Apartment,5.3,15.0,8.0,3,6.0,2,4795,13249000
Delhi,Mayur Vihar,2,1160,2.0,12,6,0.0,2.0,11,Unfurnished,Independent House,5.9,10.8,4.0,0,5.0,8,5758,11475000
Mumbai,Bandra,2,1420,2.0,15,11,1.0,2.0,15,Fully-Furnished,Villa,3.4,8.5,10.0,0,8.0,7,4834,23672000
Delhi,Rohini,3,2153,2.0,2,2,1.0,2.0,2,Unfurnished,Apartment,2.6,2.4,4.0,0,3.0,10,5876,21890000
Delhi,Saket,3,1408,3.0,8,5,3.0,1.0,17,Fully-Furnished,Apartment,3.0,5.6,10.0,0,7.0,4,4496,14785000
Delhi,Saket,3,1863,2.0,4,3,1.0,1.0,15,Unfurnished,Independent House,3.1,2.4,9.0,7,6.0,4,6989,18335000
Chennai,Porur,3,1877,3.0,8,1,2.0,1.0,6,Semi-Furnished,Independent House,8.4,3.9,6.0,6,4.0,6,5150,15553000
Chennai,Velachery,2,1459,2.0,6,6,2.0,,21,Semi-Furnished,Apartment,4.7,4.9,4.0,2,1.0,5,6572,10026000
Bengaluru,Yelahanka,5,2647,4.0,6,3,3.0,1.0,30,Fully-Furnished,Independent House,9.9,0.6,0.0,2,3.0,9,6854,25604000
Vijayawada,Gunadala,3,1914,2.0,2,2,0.0,3.0,19,Unfurnished,Independent House,4.4,4.0,2.0,3,3.0,7,10013,9740000
Mumbai,Navi Mumbai,3,1898,2.0,10,2,2.0,2.0,31,Fully-Furnished,Apartment,8.0,2.7,3.0,5,1.0,8,5024,31163000
Bengaluru,Whitefield,2,832,2.0,2,2,1.0,1.0,37,Unfurnished,Independent House,0.5,1.2,3.0,1,2.0,1,3905,6165000
Bengaluru,Koramangala,3,1832,3.0,5,4,2.0,2.0,33,Fully-Furnished,Independent House,5.2,7.4,6.0,4,3.0,1,5468,17928000
Bengaluru,HSR Layout,2,1349,1.0,4,4,1.0,1.0,23,Unfurnished,Apartment,2.6,1.2,2.0,0,2.0,1,4982,10466000
Hyderabad,Kukatpally,3,1396,4.0,4,1,1.0,2.0,12,Semi-Furnished,Villa,10.5,2.7,1.0,4,9.0,8,7649,10827000
Mumbai,Andheri,2,1079,2.0,2,1,2.0,1.0,20,Semi-Furnished,Apartment,9.5,4.4,0.0,2,4.0,7,3151,16882000
Chennai,Adyar,2,1939,3.0,8,8,1.0,1.0,16,Unfurnished,Apartment,7.9,1.3,1.0,4,1.0,3,7314,12963000
Vijayawada,Moghalrajpuram,2,1402,2.0,5,3,1.0,1.0,23,Semi-Furnished,Villa,8.1,1.4,5.0,5,4.0,5,6763,6816000
Ahmedabad,Prahlad Nagar,3,1834,3.0,2,1,3.0,1.0,24,Unfurnished,Villa,2.9,3.0,1.0,1,2.0,5,10241,10382000
Ahmedabad,Satellite,2,1210,3.0,2,2,1.0,2.0,5,Fully-Furnished,Apartment,8.9,1.0,3.0,2,5.0,1,6676,8794000
Delhi,Rohini,4,2202,5.0,5,2,2.0,1.0,28,Fully-Furnished,Villa,4.1,1.5,4.0,1,9.0,6,6397,22828000
Visakhapatnam,Seethammadhara,3,1383,3.0,3,3,1.0,2.0,33,Unfurnished,Independent House,6.5,2.3,6.0,1,6.0,9,5805,6875000
Bengaluru,Indiranagar,3,1956,3.0,15,3,2.0,1.0,9,Semi-Furnished,Apartment,4.8,1.2,7.0,6,3.0,7,9773,20893000
Ahmedabad,Maninagar,3,1659,4.0,4,3,2.0,1.0,23,Semi-Furnished,Apartment,3.3,0.6,0.0,2,10.0,8,4547,12733000
Mumbai,Navi Mumbai,4,2187,4.0,6,2,1.0,2.0,19,Semi-Furnished,Villa,12.6,0.5,1.0,4,5.0,2,6179,36279000
Bengaluru,Whitefield,1,1119,2.0,8,6,2.0,2.0,2,Semi-Furnished,Independent House,10.2,2.4,1.0,5,7.0,9,5375,12186000
Delhi,Dwarka,1,1088,1.0,7,6,2.0,1.0,6,Semi-Furnished,Apartment,6.1,6.9,4.0,4,10.0,8,4384,11955000
Vijayawada,Benz Circle,2,1226,2.0,7,6,1.0,2.0,14,Fully-Furnished,Villa,7.5,0.9,1.0,6,7.0,3,2793,6805000
Bengaluru,Electronic City,4,1905,4.0,4,2,1.0,1.0,22,Semi-Furnished,Villa,7.8,0.3,1.0,0,8.0,9,7564,17051000
Pune,Baner,3,2218,4.0,10,7,1.0,2.0,36,Unfurnished,Apartment,4.8,5.6,10.0,2,4.0,8,7499,16353000
Mumbai,Powai,2,1068,1.0,6,3,1.0,1.0,22,,Independent House,7.0,1.4,9.0,6,1.0,7,5259,16763000
Pune,Kharadi,2,1564,1.0,15,11,1.0,1.0,9,Unfurnished,Apartment,7.1,1.2,8.0,4,8.0,8,3357,12628000
Mumbai,Thane,2,1656,3.0,15,5,1.0,3.0,39,Semi-Furnished,Apartment,10.1,5.1,9.0,7,8.0,3,6951,25481000
Hyderabad,Gachibowli,3,1649,3.0,10,10,2.0,0.0,20,Unfurnished,Apartment,5.0,0.5,5.0,2,6.0,8,5950,10504000
Vijayawada,Patamata,4,2568,3.0,12,2,1.0,1.0,24,Unfurnished,Apartment,10.8,5.3,7.0,5,9.0,2,12939,12089000
Visakhapatnam,Madhurawada,3,1934,3.0,5,5,2.0,3.0,6,Fully-Furnished,Apartment,0.8,5.2,4.0,7,1.0,3,9922,12082000
Kolkata,Ballygunge,3,1656,3.0,5,2,3.0,1.0,12,Semi-Furnished,Apartment,5.4,3.1,5.0,3,4.0,6,6429,10879000
Kolkata,Rajarhat,4,2237,3.0,5,3,1.0,2.0,32,Semi-Furnished,Apartment,7.5,0.3,6.0,7,4.0,9,10909,13604000
Bengaluru,Whitefield,2,1421,2.0,3,2,1.0,2.0,19,Unfurnished,Apartment,2.8,6.5,2.0,7,1.0,2,6558,12983000
Kolkata,Rajarhat,4,2119,4.0,5,4,1.0,2.0,31,Semi-Furnished,Apartment,4.1,5.2,3.0,2,3.0,8,10694,13735000
Delhi,Dwarka,4,2101,4.0,8,1,1.0,0.0,15,Fully-Furnished,Independent House,8.0,1.6,4.0,1,6.0,10,6620,22914000
Chennai,Adyar,3,1655,3.0,4,3,2.0,0.0,22,Fully-Furnished,Apartment,7.5,2.9,5.0,3,5.0,10,8618,14167000
Hyderabad,Gachibowli,1,657,1.0,6,4,0.0,1.0,39,Semi-Furnished,Apartment,0.9,1.4,5.0,3,8.0,6,2683,4770000
Chennai,Anna Nagar,1,808,2.0,12,7,1.0,0.0,1,Semi-Furnished,Apartment,1.9,2.4,5.0,2,3.0,8,4010,6099000
Pune,Hinjewadi,3,1825,3.0,4,4,1.0,1.0,26,Semi-Furnished,Apartment,10.8,6.0,6.0,3,7.0,9,8007,15669000
Hyderabad,Kukatpally,4,2503,4.0,12,5,1.0,1.0,2,Semi-Furnished,Apartment,1.5,2.3,1.0,7,5.0,10,10962,18903000
Mumbai,Powai,4,2309,5.0,15,14,0.0,2.0,0,Fully-Furnished,Independent House,4.4,0.8,2.0,6,3.0,10,7520,39400000
Hyderabad,Gachibowli,2,1099,2.0,5,3,1.0,0.0,15,Fully-Furnished,Apartment,13.9,7.1,9.0,4,7.0,10,5554,9943000
Ahmedabad,Vastrapur,4,2405,4.0,6,4,1.0,2.0,25,Semi-Furnished,Apartment,3.0,2.0,8.0,1,7.0,10,10967,16896000
Chennai,T Nagar,4,2356,4.0,15,11,1.0,1.0,8,Unfurnished,Apartment,8.3,2.6,8.0,0,10.0,1,7751,17850000
Mumbai,Powai,3,1520,3.0,6,2,1.0,3.0,34,Semi-Furnished,Apartment,3.7,2.4,0.0,6,4.0,8,8935,24831000
Pune,Viman Nagar,4,2284,4.0,10,8,1.0,0.0,33,Fully-Furnished,Independent House,12.7,2.7,9.0,0,8.0,1,6711,19078000
Mumbai,Bandra,1,990,1.0,10,3,1.0,2.0,8,Fully-Furnished,Independent House,6.0,1.8,7.0,5,2.0,4,1989,16486000
Mumbai,Thane,4,2154,3.0,10,1,1.0,2.0,36,Unfurnished,Apartment,5.0,4.5,2.0,4,4.0,10,12895,32649000
Chennai,Adyar,5,2524,4.0,5,2,1.0,2.0,6,Unfurnished,Apartment,1.7,5.1,10.0,7,10.0,10,14957,19199000
Pune,Baner,4,2483,5.0,4,3,1.0,2.0,39,Semi-Furnished,Apartment,5.4,4.8,3.0,5,7.0,1,11012,20216000
Delhi,Rohini,3,2341,3.0,6,2,0.0,1.0,18,Unfurnished,Apartment,9.8,6.2,7.0,6,8.0,2,9638,22248000
Chennai,Anna Nagar,2,1418,1.0,7,2,1.0,1.0,24,Unfurnished,Apartment,0.8,6.9,4.0,2,9.0,6,8422,8950000
Hyderabad,Kondapur,3,2041,4.0,10,7,1.0,1.0,20,Fully-Furnished,Independent House,3.3,1.8,2.0,3,10.0,4,8300,16467000
Vijayawada,Poranki,3,1835,2.0,6,6,1.0,2.0,0,Fully-Furnished,Apartment,9.3,0.8,8.0,3,10.0,6,7986,12764000
Vijayawada,Poranki,3,2038,3.0,10,7,3.0,3.0,39,Semi-Furnished,Apartment,9.6,15.0,1.0,3,9.0,5,8771,10079000
Ahmedabad,Satellite,2,1673,2.0,2,1,1.0,1.0,0,Fully-Furnished,Villa,8.4,0.8,10.0,2,3.0,5,6472,13477000
Ahmedabad,Bodakdev,3,1862,4.0,15,10,2.0,2.0,18,Fully-Furnished,Apartment,9.0,2.0,3.0,7,9.0,8,7453,15207000
Pune,Viman Nagar,3,1783,2.0,6,1,1.0,3.0,39,Unfurnished,Independent House,15.7,2.8,0.0,7,2.0,1,7808,12105000
Kolkata,Salt Lake,5,3056,6.0,3,2,1.0,2.0,10,Unfurnished,Apartment,9.4,0.9,10.0,2,8.0,3,16222,17235000
Chennai,Porur,2,1094,2.0,6,2,1.0,1.0,24,Fully-Furnished,Independent House,2.9,1.5,8.0,6,7.0,4,3313,9448000
Pune,Wakad,3,2023,3.0,2,2,1.0,1.0,27,Semi-Furnished,Independent House,8.4,3.1,4.0,1,8.0,7,7723,17507000
Pune,Viman Nagar,4,2209,5.0,12,2,3.0,0.0,10,Unfurnished,Apartment,16.0,3.6,2.0,6,9.0,3,9931,17772000
Hyderabad,Gachibowli,4,1927,3.0,10,10,1.0,1.0,31,Fully-Furnished,Apartment,2.1,2.8,6.0,4,7.0,5,5286,15256000
Mumbai,Andheri,3,1977,3.0,6,6,1.0,1.0,16,Semi-Furnished,Independent House,0.7,11.3,6.0,6,3.0,1,8330,30944000
Vijayawada,Governorpet,3,2010,4.0,8,1,2.0,1.0,21,Semi-Furnished,Villa,1.9,1.3,4.0,0,5.0,7,10818,10356000
Visakhapatnam,Rushikonda,3,1546,2.0,8,3,0.0,3.0,34,Semi-Furnished,Apartment,6.6,1.3,7.0,0,8.0,7,7608,8773000
Delhi,Vasant Kunj,3,1622,2.0,8,5,1.0,1.0,15,Unfurnished,Apartment,5.3,2.1,8.0,1,7.0,8,5304,16239000
Mumbai,Thane,3,2008,3.0,10,4,1.0,1.0,22,Fully-Furnished,Independent House,4.0,2.8,0.0,2,8.0,9,11252,32418000
Kolkata,New Town,3,1561,4.0,2,1,3.0,2.0,1,Semi-Furnished,Apartment,2.0,4.2,0.0,6,3.0,6,5986,11988000
Visakhapatnam,Madhurawada,4,2182,4.0,12,12,2.0,1.0,37,Semi-Furnished,Apartment,6.7,8.3,4.0,2,9.0,1,7295,11869000
Pune,Kharadi,2,1665,1.0,6,4,1.0,1.0,7,Fully-Furnished,Apartment,4.6,5.9,8.0,1,1.0,7,3880,13917000
Mumbai,Navi Mumbai,2,1036,2.0,12,9,3.0,2.0,1,Fully-Furnished,Apartment,10.8,2.9,10.0,0,2.0,8,3042,18202000
Chennai,Anna Nagar,4,2184,3.0,4,4,1.0,3.0,19,Fully-Furnished,Apartment,5.8,1.4,3.0,6,6.0,2,8793,16976000
Bengaluru,Yelahanka,3,1805,4.0,3,2,2.0,1.0,28,Fully-Furnished,Independent House,10.5,4.1,0.0,1,3.0,3,6836,17345000
Visakhapatnam,Seethammadhara,4,1791,5.0,7,1,2.0,1.0,21,Semi-Furnished,Apartment,11.0,1.8,8.0,4,10.0,8,5257,10722000
Ahmedabad,Bodakdev,2,1172,3.0,8,4,2.0,0.0,14,Unfurnished,Apartment,9.0,2.2,3.0,5,10.0,2,3809,8288000
Bengaluru,HSR Layout,3,1927,4.0,7,1,1.0,0.0,25,Unfurnished,Independent House,2.0,2.2,3.0,4,6.0,7,9653,17247000
Pune,Hinjewadi,2,1316,2.0,2,2,2.0,1.0,24,Semi-Furnished,Apartment,3.9,5.3,1.0,2,8.0,2,6434,11456000
Bengaluru,HSR Layout,4,2024,4.0,10,4,3.0,1.0,39,Semi-Furnished,Independent House,11.7,7.5,1.0,1,9.0,1,9536,16673000
Chennai,Anna Nagar,3,1706,3.0,2,1,1.0,1.0,1,Fully-Furnished,Apartment,5.1,1.6,5.0,1,2.0,9,10233,14742000
Vijayawada,Benz Circle,3,1637,2.0,2,1,2.0,2.0,27,Fully-Furnished,Apartment,10.7,3.6,2.0,4,10.0,10,5900,9077000
Chennai,OMR,3,1935,3.0,8,7,0.0,1.0,31,Semi-Furnished,Apartment,2.4,2.9,6.0,5,9.0,1,5672,15125000
Visakhapatnam,Seethammadhara,3,1835,3.0,4,1,0.0,1.0,37,Fully-Furnished,Apartment,9.8,5.7,7.0,2,1.0,3,9924,9769000
Kolkata,Ballygunge,3,1643,3.0,4,4,2.0,2.0,20,Semi-Furnished,Apartment,3.7,5.2,3.0,6,2.0,2,7717,10328000
Chennai,Porur,3,1410,3.0,8,3,2.0,0.0,20,Fully-Furnished,Apartment,3.3,4.2,9.0,7,8.0,8,3828,14255000
Delhi,Rohini,3,1982,3.0,15,1,2.0,1.0,40,Semi-Furnished,Apartment,6.8,4.3,0.0,4,4.0,10,8191,17870000
Mumbai,Powai,3,2044,3.0,8,4,2.0,2.0,20,Semi-Furnished,Apartment,8.1,4.7,3.0,3,2.0,5,10832,32582000
Chennai,T Nagar,3,1972,4.0,3,3,0.0,0.0,18,Fully-Furnished,Apartment,3.0,4.0,2.0,3,10.0,3,11063,16653000
Hyderabad,Kondapur,1,992,1.0,15,12,0.0,2.0,27,Semi-Furnished,Apartment,6.4,3.7,8.0,3,8.0,4,4597,7349000
Delhi,Vasant Kunj,3,1499,3.0,6,4,0.0,1.0,10,Semi-Furnished,Apartment,3.3,3.3,8.0,5,1.0,4,6956,15007000
Bengaluru,Koramangala,1,599,1.0,4,2,3.0,1.0,9,Unfurnished,Independent House,5.2,2.0,8.0,6,5.0,10,2939,6328000
Visakhapatnam,Seethammadhara,1,1087,2.0,5,4,2.0,2.0,25,Semi-Furnished,Independent House,7.1,4.0,4.0,5,6.0,10,2466,4538000
Delhi,Mayur Vihar,2,1551,2.0,2,2,1.0,1.0,29,Fully-Furnished,Villa,7.6,8.4,1.0,6,7.0,9,3953,15621000
Kolkata,Behala,3,1531,4.0,10,10,1.0,1.0,30,Unfurnished,Villa,8.7,1.6,0.0,3,1.0,7,3871,8689000
Bengaluru,Indiranagar,3,2182,3.0,2,2,2.0,1.0,18,Fully-Furnished,Independent House,8.6,2.6,8.0,3,8.0,10,5902,22572000
Hyderabad,Gachibowli,2,1393,2.0,3,2,0.0,0.0,8,Unfurnished,Apartment,3.3,1.5,9.0,0,8.0,7,3158,10665000
Kolkata,Rajarhat,4,2243,5.0,10,1,2.0,1.0,8,Fully-Furnished,Independent House,1.3,3.0,4.0,4,7.0,1,8982,16296000
Delhi,Rohini,4,2179,3.0,12,11,1.0,3.0,15,Semi-Furnished,Independent House,7.1,2.9,3.0,5,4.0,8,5312,21797000
Hyderabad,Gachibowli,1,704,1.0,6,4,1.0,1.0,33,Semi-Furnished,Apartment,15.4,5.5,2.0,4,5.0,7,2062,5411000
Delhi,Rohini,4,2068,4.0,8,4,2.0,0.0,4,Semi-Furnished,Villa,2.9,11.7,3.0,2,7.0,3,7467,22478000
Vijayawada,Poranki,3,1970,3.0,2,2,1.0,0.0,23,Unfurnished,Independent House,6.3,2.8,10.0,4,8.0,4,4523,10201000
Mumbai,Andheri,3,1753,3.0,5,1,2.0,3.0,28,Fully-Furnished,Apartment,7.4,6.8,3.0,6,4.0,10,5007,28488000
Vijayawada,Governorpet,3,1436,2.0,10,8,3.0,0.0,27,Semi-Furnished,Apartment,1.3,7.0,6.0,2,1.0,7,7595,8871000
Bengaluru,Whitefield,3,1755,2.0,3,1,2.0,1.0,31,Fully-Furnished,Apartment,10.7,2.1,6.0,2,8.0,5,6865,17091000
Kolkata,Rajarhat,3,2415,3.0,15,9,2.0,1.0,10,Unfurnished,Apartment,10.6,3.3,0.0,5,9.0,2,9148,15689000
Vijayawada,Governorpet,3,1905,4.0,3,1,2.0,2.0,9,Fully-Furnished,Apartment,5.1,2.2,4.0,1,10.0,5,10425,13821000
Vijayawada,Governorpet,2,1282,2.0,12,6,3.0,1.0,24,Semi-Furnished,Independent House,7.7,6.5,1.0,5,4.0,4,6184,6709000
Ahmedabad,Vastrapur,2,1190,2.0,6,1,2.0,3.0,28,Semi-Furnished,Independent House,2.4,1.3,3.0,4,6.0,3,2835,6867000
Visakhapatnam,Gajuwaka,2,1295,3.0,15,9,1.0,1.0,0,Semi-Furnished,Apartment,4.5,1.1,2.0,0,4.0,8,6159,8588000
Pune,Baner,1,717,1.0,15,8,1.0,1.0,33,Semi-Furnished,Villa,15.8,1.7,4.0,5,5.0,7,2467,5605000
Chennai,Velachery,3,1785,3.0,15,5,1.0,2.0,15,Unfurnished,Apartment,4.2,3.8,1.0,3,4.0,3,5320,12733000
Pune,Viman Nagar,3,2119,4.0,10,8,1.0,2.0,7,Semi-Furnished,Apartment,6.0,4.4,6.0,3,8.0,6,9938,18324000
Pune,Kharadi,2,1004,2.0,8,4,2.0,1.0,40,Unfurnished,Independent House,12.1,1.3,7.0,1,4.0,8,5673,7376000
Bengaluru,Whitefield,3,2091,4.0,15,9,1.0,3.0,14,Semi-Furnished,Apartment,12.1,1.2,7.0,4,8.0,9,6898,19886000
Kolkata,Salt Lake,4,2559,4.0,12,3,1.0,2.0,6,Fully-Furnished,Apartment,4.0,4.4,1.0,5,8.0,7,9318,18219000
Vijayawada,Governorpet,4,2356,4.0,4,4,1.0,0.0,26,Fully-Furnished,Apartment,14.7,2.5,10.0,0,7.0,3,12405,12121000
Visakhapatnam,Madhurawada,2,1235,3.0,5,5,0.0,1.0,12,Semi-Furnished,Apartment,2.4,3.4,10.0,2,8.0,4,3639,8902000
Kolkata,Behala,2,1531,2.0,3,2,1.0,1.0,30,Fully-Furnished,Independent House,4.3,1.1,1.0,1,4.0,5,3595,9422000
Visakhapatnam,Gajuwaka,2,1291,2.0,3,3,1.0,2.0,16,Semi-Furnished,Apartment,25.0,3.0,0.0,0,10.0,7,2914,6576000
Chennai,Porur,2,1393,2.0,8,8,2.0,0.0,7,Unfurnished,Apartment,14.8,2.8,0.0,0,1.0,10,4891,9926000
Kolkata,Dum Dum,2,1603,2.0,7,2,0.0,2.0,32,Semi-Furnished,Apartment,13.2,1.2,6.0,2,7.0,5,5808,9243000
Mumbai,Andheri,1,1304,1.0,8,4,1.0,1.0,12,Semi-Furnished,Apartment,3.6,2.8,7.0,1,4.0,7,4115,20372000
Mumbai,Powai,4,2124,4.0,5,1,2.0,2.0,25,Semi-Furnished,Apartment,4.4,2.6,9.0,1,1.0,1,12039,33366000
Pune,Kharadi,4,2129,3.0,12,1,2.0,3.0,13,Semi-Furnished,Apartment,2.3,2.7,10.0,3,8.0,10,7118,18805000
Kolkata,Behala,2,1391,1.0,15,3,2.0,2.0,38,Semi-Furnished,Apartment,14.1,2.5,0.0,0,2.0,9,8010,7680000
Kolkata,Dum Dum,3,2217,3.0,10,6,2.0,0.0,23,Semi-Furnished,Apartment,5.6,6.2,1.0,3,1.0,7,12016,14193000
Kolkata,New Town,3,1554,3.0,15,15,1.0,1.0,19,Unfurnished,Independent House,1.5,2.2,2.0,5,3.0,6,4639,11236000
Chennai,Adyar,2,1324,1.0,12,12,2.0,1.0,34,Semi-Furnished,Independent House,2.6,3.7,8.0,4,9.0,7,6999,12168000
Kolkata,Salt Lake,4,2203,3.0,8,6,2.0,1.0,36,Unfurnished,Apartment,2.5,4.4,6.0,7,4.0,1,13151,11869000
Chennai,Velachery,4,2771,3.0,3,1,2.0,1.0,26,Unfurnished,Independent House,13.9,3.3,7.0,6,7.0,7,5583,20433000
Hyderabad,Miyapur,4,2326,3.0,8,7,3.0,1.0,17,Unfurnished,Independent House,9.0,5.2,0.0,6,3.0,2,9931,14749000
Mumbai,Powai,2,1689,2.0,12,1,1.0,2.0,21,Unfurnished,Apartment,10.2,4.1,1.0,6,10.0,10,8020,24832000
Ahmedabad,Bodakdev,3,2090,3.0,6,2,3.0,2.0,36,Unfurnished,Independent House,2.8,3.7,5.0,2,6.0,1,11201,11613000
Bengaluru,Indiranagar,2,1400,2.0,3,1,1.0,2.0,9,Semi-Furnished,Apartment,2.7,3.5,9.0,5,8.0,7,8291,13956000
Kolkata,Behala,2,1226,2.0,10,8,2.0,2.0,34,Fully-Furnished,Apartment,7.6,1.3,10.0,1,10.0,4,3646,6976000
Vijayawada,Moghalrajpuram,4,2377,5.0,6,1,3.0,2.0,38,Fully-Furnished,Villa,7.4,3.1,2.0,4,5.0,5,9296,13250000
Hyderabad,Madhapur,2,1656,2.0,8,5,1.0,1.0,21,Semi-Furnished,Villa,12.6,2.8,6.0,3,2.0,8,8434,11753000
Vijayawada,Patamata,2,1462,2.0,4,4,2.0,3.0,13,Fully-Furnished,Villa,6.9,2.8,8.0,7,7.0,4,7597,9208000
Ahmedabad,Prahlad Nagar,2,1036,2.0,5,5,3.0,1.0,22,Unfurnished,Apartment,5.0,1.0,8.0,3,6.0,2,2280,6650000
Visakhapatnam,MVP Colony,3,1960,3.0,3,1,2.0,2.0,14,Unfurnished,Apartment,6.8,0.9,1.0,1,6.0,5,10438,10643000
Bengaluru,Electronic City,4,2077,4.0,6,4,1.0,1.0,16,Fully-Furnished,Apartment,3.9,9.0,6.0,0,9.0,10,6308,19998000
Bengaluru,Indiranagar,2,1239,2.0,10,1,1.0,2.0,8,Unfurnished,Apartment,3.6,8.7,1.0,7,9.0,10,2549,11950000
Mumbai,Andheri,3,1891,3.0,4,2,2.0,1.0,0,Semi-Furnished,Villa,3.4,4.3,5.0,3,9.0,5,9242,30510000
Chennai,OMR,3,2305,4.0,15,9,2.0,1.0,3,Semi-Furnished,Apartment,3.9,10.6,9.0,0,7.0,7,5715,18399000
Visakhapatnam,Gajuwaka,1,1322,1.0,15,6,2.0,0.0,26,Semi-Furnished,Apartment,7.8,1.4,3.0,6,8.0,2,4962,7617000
Kolkata,Behala,3,1752,3.0,10,4,2.0,2.0,4,Semi-Furnished,Villa,10.5,3.6,4.0,6,10.0,10,8058,12075000
Ahmedabad,Prahlad Nagar,5,2754,5.0,12,1,2.0,2.0,7,Semi-Furnished,Apartment,5.1,3.9,8.0,3,1.0,8,16314,20133000
Chennai,Porur,2,1630,1.0,5,1,1.0,1.0,27,Unfurnished,Apartment,3.5,1.3,1.0,0,5.0,4,5090,10914000
Delhi,Dwarka,1,800,2.0,3,2,3.0,1.0,20,Semi-Furnished,Apartment,3.6,4.2,6.0,1,9.0,1,3727,7914000
Pune,Hinjewadi,2,1265,3.0,12,3,1.0,0.0,4,Semi-Furnished,Independent House,25.0,2.8,5.0,0,3.0,9,4890,11107000
Visakhapatnam,Madhurawada,1,1051,1.0,6,4,1.0,2.0,12,Semi-Furnished,Apartment,1.3,2.5,9.0,7,4.0,6,2511,8084000
Vijayawada,Gunadala,4,2276,5.0,5,4,2.0,2.0,39,Unfurnished,Apartment,9.6,3.5,1.0,4,8.0,9,11255,11315000
Delhi,Rohini,1,957,1.0,3,2,3.0,1.0,36,Unfurnished,Apartment,10.6,2.4,5.0,3,3.0,10,4873,7991000
Bengaluru,Whitefield,3,2017,3.0,15,12,1.0,2.0,35,Semi-Furnished,Independent House,3.9,7.9,1.0,4,3.0,9,4176,18690000
Hyderabad,Kondapur,5,2864,5.0,2,2,1.0,1.0,38,Semi-Furnished,Apartment,19.5,1.8,0.0,3,6.0,1,8372,19506000
Hyderabad,Miyapur,1,818,1.0,6,1,1.0,1.0,38,Semi-Furnished,Villa,13.6,1.4,1.0,7,5.0,8,4750,4768000
Vijayawada,Patamata,2,1284,3.0,4,4,1.0,0.0,32,Unfurnished,Apartment,4.9,5.7,4.0,7,4.0,7,5718,6416000
Mumbai,Andheri,2,1315,1.0,4,3,1.0,0.0,12,Fully-Furnished,Apartment,3.1,5.0,4.0,3,6.0,5,7415,22152000
Visakhapatnam,Gajuwaka,2,1074,1.0,8,4,3.0,0.0,15,Fully-Furnished,Apartment,13.4,3.3,3.0,3,10.0,9,3181,7200000
Bengaluru,Indiranagar,4,2580,4.0,3,2,2.0,2.0,16,Unfurnished,Villa,5.7,5.7,10.0,3,6.0,10,13780,23560000
Ahmedabad,Bodakdev,2,1223,1.0,8,4,1.0,2.0,19,Fully-Furnished,Apartment,18.2,0.2,8.0,0,7.0,1,5475,9242000
Hyderabad,Kondapur,5,2888,5.0,12,5,2.0,2.0,33,Semi-Furnished,Apartment,7.5,1.1,2.0,7,5.0,4,15990,20227000
Visakhapatnam,Madhurawada,4,2324,5.0,2,1,1.0,1.0,33,Fully-Furnished,Independent House,4.7,1.5,1.0,5,9.0,6,8484,14098000
Chennai,T Nagar,2,1203,2.0,12,12,1.0,1.0,4,Fully-Furnished,Apartment,20.8,4.7,8.0,0,5.0,4,2763,10775000
Ahmedabad,Vastrapur,2,1132,3.0,3,1,1.0,2.0,5,Semi-Furnished,Villa,4.5,3.6,6.0,4,8.0,9,6765,9611000
Visakhapatnam,Seethammadhara,3,2009,4.0,2,2,1.0,2.0,32,Semi-Furnished,Apartment,2.1,4.6,8.0,3,9.0,8,11548,12475000
Vijayawada,Patamata,1,874,1.0,2,2,1.0,1.0,5,Fully-Furnished,Apartment,2.6,1.4,8.0,2,7.0,3,3651,7089000
Delhi,Saket,4,2331,4.0,15,3,2.0,1.0,40,Unfurnished,Independent House,6.7,3.6,7.0,7,6.0,3,8886,19886000
Chennai,Anna Nagar,2,1627,2.0,5,5,1.0,1.0,39,Semi-Furnished,Independent House,3.3,2.2,5.0,3,7.0,9,4252,12715000
Mumbai,Borivali,2,1530,2.0,8,7,3.0,2.0,1,Semi-Furnished,Apartment,4.0,8.5,9.0,0,1.0,10,7178,23892000
Bengaluru,Whitefield,3,1966,2.0,6,6,2.0,1.0,21,Unfurnished,Apartment,15.4,0.3,1.0,5,10.0,3,5246,16574000
Hyderabad,Kukatpally,2,1424,3.0,2,2,2.0,1.0,22,Unfurnished,Independent House,4.0,0.6,8.0,6,4.0,7,7048,10643000
Kolkata,Salt Lake,4,2963,4.0,10,2,0.0,2.0,33,Semi-Furnished,Villa,2.1,1.6,10.0,6,2.0,1,13532,17550000
Bengaluru,Yelahanka,4,2620,4.0,15,14,1.0,2.0,12,Semi-Furnished,Independent House,11.1,4.5,7.0,0,3.0,3,14043,25038000
Vijayawada,Governorpet,2,1093,3.0,7,7,2.0,1.0,39,Fully-Furnished,Apartment,6.5,4.7,4.0,4,7.0,2,3707,6968000
Vijayawada,Benz Circle,4,2136,3.0,3,2,0.0,3.0,27,Unfurnished,Apartment,10.2,9.8,7.0,7,5.0,4,11351,12255000
Visakhapatnam,MVP Colony,3,2114,2.0,6,2,1.0,3.0,4,Semi-Furnished,Apartment,6.7,1.4,4.0,3,7.0,3,7152,13251000
Vijayawada,Patamata,2,1481,2.0,8,7,0.0,1.0,37,Semi-Furnished,Independent House,7.8,3.5,3.0,4,2.0,2,7646,7333000
Bengaluru,HSR Layout,3,2296,2.0,7,6,1.0,1.0,2,Unfurnished,Apartment,1.5,0.7,6.0,6,8.0,6,11838,20613000
Hyderabad,Kukatpally,4,2166,4.0,3,1,1.0,1.0,4,Fully-Furnished,Villa,1.9,4.0,0.0,0,1.0,1,8268,16035000
Vijayawada,Gunadala,4,2032,5.0,4,1,1.0,3.0,17,Semi-Furnished,Apartment,5.6,5.3,0.0,7,5.0,9,8702,11638000
Delhi,Pitampura,1,1209,1.0,10,10,1.0,1.0,25,Semi-Furnished,Apartment,8.3,4.8,10.0,7,4.0,2,6603,10277000
Vijayawada,Benz Circle,2,1478,3.0,12,8,2.0,1.0,17,Semi-Furnished,Villa,3.2,14.5,8.0,2,9.0,5,4113,8895000
Kolkata,Dum Dum,3,1784,3.0,5,1,2.0,2.0,10,Fully-Furnished,Apartment,11.9,9.3,2.0,5,4.0,2,4401,12318000
Kolkata,Dum Dum,1,598,2.0,15,9,2.0,1.0,40,Semi-Furnished,Independent House,25.0,4.0,2.0,4,2.0,2,1649,1800000
Kolkata,Salt Lake,3,1653,2.0,15,9,1.0,1.0,22,Unfurnished,Apartment,1.8,1.1,5.0,1,6.0,7,9744,10616000
Ahmedabad,Prahlad Nagar,2,1039,2.0,3,2,1.0,2.0,10,Unfurnished,Independent House,12.7,1.7,1.0,5,3.0,6,5172,6916000
Pune,Viman Nagar,2,1870,3.0,7,7,1.0,2.0,16,Semi-Furnished,Apartment,5.3,,7.0,7,10.0,3,6271,17075000
Bengaluru,Yelahanka,3,1779,2.0,7,1,3.0,2.0,37,Semi-Furnished,Independent House,4.8,8.2,8.0,7,8.0,7,9720,15035000
Kolkata,New Town,4,2524,4.0,5,1,2.0,2.0,35,Semi-Furnished,Independent House,3.4,6.4,10.0,6,6.0,3,12152,16360000
Kolkata,Rajarhat,4,1777,4.0,5,5,1.0,2.0,27,Fully-Furnished,Apartment,1.8,10.5,8.0,7,5.0,2,7576,12521000
Delhi,Rohini,2,1343,1.0,5,1,2.0,1.0,16,Semi-Furnished,Apartment,1.2,1.7,6.0,3,8.0,4,7484,12771000
Chennai,Adyar,5,2708,6.0,2,2,1.0,2.0,17,Unfurnished,Independent House,2.0,2.0,2.0,4,7.0,6,13431,19869000
Hyderabad,Banjara Hills,3,1821,2.0,4,2,2.0,1.0,28,Unfurnished,Apartment,5.0,1.4,1.0,2,6.0,10,8918,12151000
Ahmedabad,Satellite,3,1723,2.0,12,9,1.0,1.0,2,Semi-Furnished,Apartment,0.5,3.4,1.0,4,10.0,7,6363,13591000
Chennai,Porur,2,1182,2.0,6,5,2.0,1.0,39,Semi-Furnished,Apartment,13.0,11.0,3.0,0,10.0,7,3111,8707000
Hyderabad,Miyapur,4,2236,5.0,6,2,2.0,2.0,20,Semi-Furnished,Apartment,5.1,10.4,2.0,0,3.0,7,5235,15591000
Vijayawada,Patamata,4,2283,4.0,7,3,2.0,2.0,29,Unfurnished,Apartment,7.4,2.4,10.0,7,9.0,7,6421,9482000
Hyderabad,Banjara Hills,3,1663,2.0,15,2,3.0,3.0,17,Fully-Furnished,Independent House,10.6,2.5,1.0,4,2.0,1,7346,12850000
Visakhapatnam,Madhurawada,3,1541,3.0,8,5,1.0,1.0,6,Fully-Furnished,Apartment,9.4,1.7,9.0,4,6.0,3,7946,11866000
Chennai,Anna Nagar,3,1881,4.0,5,4,1.0,1.0,16,Semi-Furnished,Apartment,17.8,4.5,7.0,3,2.0,8,3784,14417000
Chennai,Porur,2,1424,2.0,10,9,1.0,3.0,16,Semi-Furnished,Apartment,10.7,2.8,0.0,7,7.0,10,8370,10949000
Ahmedabad,Satellite,2,1387,1.0,2,2,1.0,1.0,22,Semi-Furnished,Independent House,2.1,1.0,1.0,6,1.0,6,5326,9541000
Vijayawada,Benz Circle,2,1597,2.0,4,1,3.0,2.0,18,Unfurnished,Apartment,9.5,0.7,10.0,5,1.0,6,8414,7228000
Mumbai,Thane,2,1498,1.0,7,3,1.0,3.0,31,Unfurnished,Independent House,4.0,0.7,6.0,7,8.0,9,8604,22735000
Vijayawada,Benz Circle,3,1915,3.0,2,2,2.0,2.0,5,Unfurnished,Apartment,11.0,4.2,2.0,4,8.0,6,9648,8440000
Hyderabad,Kukatpally,4,2325,4.0,15,7,1.0,2.0,16,Fully-Furnished,Apartment,6.9,0.7,7.0,0,9.0,5,7374,20085000
Delhi,Dwarka,2,1411,2.0,7,3,0.0,1.0,32,Semi-Furnished,Independent House,0.9,2.7,8.0,0,3.0,8,6512,14558000
Visakhapatnam,MVP Colony,1,807,1.0,2,1,1.0,0.0,39,Semi-Furnished,Villa,1.9,2.0,0.0,5,5.0,5,2881,4100000
Vijayawada,Moghalrajpuram,3,1521,2.0,2,2,2.0,1.0,11,Unfurnished,Apartment,4.6,2.3,6.0,1,4.0,4,3116,7919000
Mumbai,Borivali,3,1551,2.0,5,3,2.0,2.0,32,Fully-Furnished,Apartment,2.3,5.0,8.0,1,3.0,10,5451,25264000
Pune,Hadapsar,2,1149,2.0,8,5,0.0,2.0,22,Unfurnished,Villa,2.8,3.3,8.0,3,6.0,6,2325,8894000
Hyderabad,Gachibowli,3,1811,3.0,15,15,2.0,2.0,1,Fully-Furnished,Apartment,3.7,0.9,9.0,5,3.0,7,6404,16688000
Mumbai,Thane,4,1874,3.0,12,3,3.0,2.0,37,Unfurnished,Apartment,9.5,0.2,3.0,7,1.0,5,7603,28672000
Visakhapatnam,MVP Colony,2,1409,2.0,6,1,1.0,1.0,13,Semi-Furnished,Apartment,2.4,2.7,6.0,1,7.0,8,5996,7753000
Mumbai,Borivali,5,2720,4.0,4,2,3.0,1.0,38,Fully-Furnished,Apartment,6.2,8.6,10.0,0,4.0,7,8185,43497000
Bengaluru,HSR Layout,5,2715,4.0,6,6,2.0,1.0,35,Unfurnished,Apartment,13.3,1.6,9.0,2,8.0,5,9126,22985000
Hyderabad,Madhapur,5,2334,5.0,6,6,1.0,0.0,39,Fully-Furnished,Apartment,5.6,0.7,9.0,0,3.0,5,6555,16929000
Ahmedabad,Prahlad Nagar,3,1530,2.0,6,6,2.0,3.0,32,Semi-Furnished,Independent House,7.4,1.6,7.0,7,5.0,5,3701,10999000
Chennai,Porur,3,1832,3.0,12,6,3.0,1.0,27,Fully-Furnished,Apartment,5.3,4.8,10.0,1,5.0,8,10718,15481000
Mumbai,Powai,2,1570,3.0,5,1,3.0,3.0,6,Unfurnished,Apartment,4.7,2.3,5.0,2,3.0,8,5368,25017000
Ahmedabad,Bodakdev,3,1926,2.0,6,2,1.0,2.0,6,Semi-Furnished,Apartment,2.5,4.6,4.0,3,9.0,10,9516,13238000
Delhi,Rohini,3,2087,3.0,5,5,1.0,2.0,32,Fully-Furnished,Villa,1.3,4.3,9.0,1,1.0,8,9870,21546000
Mumbai,Borivali,3,1533,3.0,7,1,0.0,1.0,1,Semi-Furnished,Apartment,6.0,1.8,7.0,2,6.0,10,6281,25764000
Ahmedabad,Prahlad Nagar,4,1716,4.0,3,2,1.0,1.0,4,Unfurnished,Apartment,6.5,1.9,10.0,3,1.0,6,10219,11960000
Kolkata,New Town,3,1670,4.0,12,2,0.0,2.0,22,Semi-Furnished,Apartment,2.1,3.6,10.0,7,4.0,9,9911,10319000
Pune,Viman Nagar,2,1101,1.0,8,3,1.0,2.0,31,Fully-Furnished,Villa,6.6,9.6,10.0,0,5.0,8,2701,8220000
Vijayawada,Governorpet,3,2159,3.0,12,4,2.0,1.0,4,Unfurnished,Apartment,10.6,3.5,4.0,3,7.0,10,6941,11003000
Pune,Viman Nagar,4,1751,3.0,15,5,2.0,1.0,34,Semi-Furnished,Apartment,3.3,3.7,4.0,0,8.0,8,4321,14211000
Pune,Wakad,2,952,3.0,3,1,2.0,1.0,34,Fully-Furnished,Apartment,5.8,1.7,2.0,4,10.0,5,2948,6169000
Ahmedabad,Chandkheda,1,832,1.0,3,3,1.0,2.0,37,Fully-Furnished,Apartment,8.9,0.3,7.0,4,2.0,7,2398,5311000
Ahmedabad,Vastrapur,3,1599,2.0,2,1,1.0,1.0,6,Fully-Furnished,Apartment,19.2,2.1,7.0,3,1.0,8,3833,12245000
Hyderabad,Gachibowli,3,1806,2.0,5,1,2.0,1.0,32,Semi-Furnished,Apartment,6.7,1.4,0.0,1,7.0,5,5659,13287000
Mumbai,Thane,3,1923,3.0,4,1,1.0,1.0,20,Unfurnished,Apartment,3.1,3.2,2.0,5,6.0,1,5794,28397000
Chennai,T Nagar,2,990,2.0,8,8,1.0,2.0,24,Fully-Furnished,Apartment,4.5,3.6,4.0,4,1.0,3,4546,7437000
Mumbai,Bandra,4,2374,4.0,5,1,3.0,0.0,10,Fully-Furnished,Independent House,5.2,6.4,0.0,6,8.0,8,5343,41149000
Hyderabad,Gachibowli,1,779,1.0,6,4,2.0,1.0,27,Semi-Furnished,Apartment,3.1,6.0,6.0,3,6.0,9,2056,5481000
Bengaluru,Yelahanka,4,2346,5.0,2,1,3.0,2.0,21,Semi-Furnished,Apartment,6.2,8.3,9.0,7,8.0,6,7043,21717000
Kolkata,Ballygunge,2,1170,1.0,5,3,1.0,2.0,6,Unfurnished,Apartment,7.5,2.7,7.0,3,8.0,5,2730,7602000
Hyderabad,Kukatpally,1,616,1.0,4,3,2.0,1.0,9,Fully-Furnished,Apartment,3.5,3.7,10.0,0,3.0,4,1769,5980000
Pune,Wakad,4,2400,3.0,8,2,3.0,3.0,6,Fully-Furnished,Independent House,2.0,1.6,3.0,3,10.0,10,11472,21624000
Pune,Kharadi,3,1136,3.0,5,5,1.0,2.0,38,Semi-Furnished,Independent House,2.0,3.2,7.0,1,7.0,3,3677,9307000
Vijayawada,Gunadala,3,2162,3.0,12,8,1.0,2.0,31,Unfurnished,Apartment,8.7,5.4,7.0,7,10.0,6,6488,10012000
Ahmedabad,Maninagar,4,2065,4.0,6,1,1.0,2.0,37,Unfurnished,Apartment,6.8,4.7,8.0,2,7.0,10,9438,13229000
Mumbai,Bandra,4,2547,5.0,4,2,0.0,1.0,14,Fully-Furnished,Apartment,7.2,4.6,9.0,3,8.0,5,10745,42116000
Bengaluru,Yelahanka,2,1638,2.0,6,4,0.0,1.0,7,Semi-Furnished,Apartment,1.0,0.6,2.0,2,5.0,5,6348,15119000
Delhi,Mayur Vihar,3,1860,4.0,12,1,1.0,3.0,12,Semi-Furnished,Apartment,8.8,3.5,4.0,2,10.0,4,11000,17816000
Chennai,OMR,3,1781,3.0,5,4,1.0,2.0,11,Semi-Furnished,Independent House,0.9,1.5,3.0,5,4.0,7,5645,14495000
Kolkata,Ballygunge,3,1697,3.0,5,5,1.0,1.0,0,Semi-Furnished,Villa,18.7,2.1,0.0,0,5.0,6,8564,11662000
Hyderabad,Kondapur,4,2050,5.0,2,1,3.0,2.0,27,Fully-Furnished,Apartment,6.3,3.2,2.0,2,1.0,8,10100,15590000
Bengaluru,HSR Layout,4,2232,5.0,10,2,2.0,2.0,12,Semi-Furnished,Apartment,3.7,3.8,9.0,1,1.0,6,11039,20868000
Visakhapatnam,Madhurawada,3,1755,4.0,7,3,0.0,0.0,8,Fully-Furnished,Apartment,11.2,3.3,4.0,5,8.0,3,7589,10949000
Ahmedabad,Vastrapur,2,1284,3.0,2,2,2.0,1.0,37,Unfurnished,Apartment,1.8,5.6,7.0,3,6.0,2,3408,8163000
Hyderabad,Kukatpally,1,1318,1.0,5,5,2.0,1.0,34,Semi-Furnished,Independent House,6.9,5.9,2.0,5,8.0,3,3867,8311000
Visakhapatnam,Seethammadhara,2,1366,1.0,12,5,1.0,1.0,27,Fully-Furnished,Apartment,1.0,2.5,3.0,4,4.0,6,5821,7633000
Visakhapatnam,MVP Colony,4,2129,5.0,15,11,0.0,1.0,4,Semi-Furnished,Apartment,5.4,5.1,0.0,4,2.0,4,12735,14008000
Vijayawada,Gunadala,2,1546,3.0,2,2,1.0,1.0,32,Unfurnished,Apartment,1.9,5.6,5.0,3,6.0,6,9167,8891000
Chennai,T Nagar,4,2241,4.0,5,3,1.0,1.0,20,Semi-Furnished,Villa,7.8,1.3,10.0,0,6.0,8,12944,17928000
Kolkata,Ballygunge,3,1845,3.0,6,4,2.0,1.0,36,Semi-Furnished,Villa,3.5,1.9,6.0,7,8.0,4,8312,11345000
Pune,Hinjewadi,2,1321,3.0,4,1,2.0,1.0,32,Fully-Furnished,Apartment,1.7,1.3,0.0,3,5.0,3,6438,11521000
Mumbai,Borivali,2,1553,2.0,2,2,1.0,1.0,26,Unfurnished,Independent House,2.1,2.3,0.0,2,2.0,2,8093,24226000
Bengaluru,Yelahanka,4,2238,4.0,2,2,0.0,2.0,34,Semi-Furnished,Apartment,10.3,1.7,7.0,0,6.0,8,12542,21808000
Bengaluru,HSR Layout,4,2580,5.0,6,5,2.0,1.0,33,Semi-Furnished,Villa,1.5,4.2,9.0,6,8.0,7,5193,23755000
Ahmedabad,Maninagar,3,1822,2.0,12,7,3.0,0.0,39,Semi-Furnished,Apartment,1.0,5.9,9.0,5,8.0,4,9614,11228000
Delhi,Saket,2,1646,2.0,8,1,1.0,1.0,35,Fully-Furnished,Apartment,3.4,4.1,0.0,6,10.0,2,3385,17305000
Hyderabad,Kondapur,2,1372,3.0,15,1,0.0,2.0,23,Unfurnished,Apartment,9.0,1.8,4.0,6,7.0,6,6855,8861000
Chennai,Anna Nagar,2,1227,2.0,2,2,1.0,1.0,0,Semi-Furnished,Apartment,7.7,1.2,1.0,1,9.0,3,3353,10165000
Vijayawada,Benz Circle,4,2525,3.0,3,2,1.0,2.0,6,Fully-Furnished,Apartment,4.4,6.0,3.0,4,1.0,7,9434,15443000
Visakhapatnam,Dwaraka Nagar,3,1750,3.0,5,2,2.0,1.0,34,Semi-Furnished,Independent House,15.6,0.2,2.0,7,6.0,3,5857,7596000
Hyderabad,Kondapur,4,2257,4.0,4,4,0.0,1.0,17,Unfurnished,Apartment,6.2,0.8,9.0,0,3.0,4,10959,15242000
Chennai,Adyar,3,1990,4.0,6,2,2.0,0.0,12,Fully-Furnished,Apartment,3.0,5.3,9.0,5,3.0,5,7541,16685000
Mumbai,Borivali,4,2318,4.0,7,1,0.0,1.0,12,Semi-Furnished,Apartment,6.1,0.6,10.0,3,4.0,8,5295,37762000
Ahmedabad,Prahlad Nagar,3,1808,4.0,6,3,2.0,1.0,22,Semi-Furnished,Apartment,12.5,3.6,5.0,6,10.0,8,9531,11966000
Vijayawada,Governorpet,3,1757,2.0,15,13,2.0,2.0,17,Fully-Furnished,Apartment,12.8,11.3,4.0,5,4.0,5,5159,10011000
Ahmedabad,Vastrapur,3,1283,3.0,5,4,1.0,0.0,33,Semi-Furnished,Apartment,3.0,8.3,5.0,5,9.0,9,6307,10343000
Mumbai,Thane,4,2642,5.0,8,6,2.0,2.0,38,Semi-Furnished,Villa,3.9,4.5,4.0,2,6.0,8,9199,40635000
Mumbai,Powai,1,1079,2.0,15,14,1.0,3.0,31,Semi-Furnished,Apartment,4.8,7.0,8.0,0,4.0,3,3683,16345000
Visakhapatnam,Rushikonda,2,1301,2.0,12,9,1.0,2.0,19,Unfurnished,Independent House,2.9,1.0,8.0,1,8.0,5,5146,7044000
Vijayawada,Governorpet,4,1969,4.0,3,2,2.0,1.0,30,Semi-Furnished,Apartment,4.3,5.8,8.0,4,1.0,4,9800,10228000
Delhi,Saket,3,2194,3.0,4,2,2.0,1.0,19,Semi-Furnished,Independent House,10.1,3.8,2.0,4,8.0,1,13138,21669000
Bengaluru,HSR Layout,1,1206,1.0,4,3,1.0,1.0,14,Semi-Furnished,Apartment,5.0,2.9,6.0,6,6.0,8,2412,11379000
Kolkata,Ballygunge,3,1866,3.0,6,3,2.0,3.0,2,Unfurnished,Independent House,4.4,4.7,7.0,7,2.0,1,4279,10683000
Hyderabad,Kondapur,1,1467,1.0,15,3,2.0,2.0,23,Semi-Furnished,Apartment,1.4,2.9,5.0,2,1.0,8,5677,10172000
Ahmedabad,Vastrapur,2,1190,2.0,8,1,2.0,2.0,17,Semi-Furnished,Independent House,5.1,6.9,0.0,1,9.0,7,5324,7774000
Mumbai,Navi Mumbai,2,1236,2.0,2,2,1.0,2.0,9,Semi-Furnished,Villa,1.8,6.4,6.0,1,3.0,1,5415,19941000
Vijayawada,Benz Circle,3,1435,3.0,15,8,1.0,1.0,31,Fully-Furnished,Independent House,11.0,0.9,7.0,6,8.0,2,4827,9778000
Kolkata,Rajarhat,3,1433,3.0,4,3,1.0,0.0,27,Semi-Furnished,Apartment,2.9,3.5,4.0,1,7.0,10,3317,10035000
Vijayawada,Poranki,4,2058,4.0,10,2,2.0,3.0,13,Unfurnished,Apartment,7.8,2.4,1.0,2,10.0,9,4648,10789000
Ahmedabad,Chandkheda,2,1289,3.0,12,2,1.0,3.0,2,Semi-Furnished,Apartment,1.5,3.0,10.0,1,4.0,1,6155,10318000
Kolkata,Dum Dum,3,1625,3.0,10,1,2.0,1.0,7,Fully-Furnished,Villa,10.3,0.9,4.0,2,8.0,7,8233,12871000
Mumbai,Powai,3,1560,3.0,7,4,2.0,1.0,1,Unfurnished,Apartment,5.3,5.5,6.0,3,3.0,4,7492,23920000
Mumbai,Andheri,4,2486,5.0,10,7,1.0,2.0,30,Semi-Furnished,Apartment,5.8,4.4,6.0,4,1.0,9,7039,38625000
Kolkata,Ballygunge,3,2208,4.0,10,10,2.0,2.0,3,Unfurnished,Villa,8.9,1.2,4.0,4,8.0,10,11765,14188000
Kolkata,Ballygunge,3,1831,2.0,8,6,1.0,1.0,21,Semi-Furnished,Independent House,25.0,0.7,1.0,0,3.0,7,10329,9085000
Pune,Wakad,3,1984,2.0,10,2,1.0,0.0,22,Semi-Furnished,Apartment,12.6,5.5,9.0,4,8.0,5,4973,17120000
Vijayawada,Moghalrajpuram,3,1874,4.0,12,5,1.0,1.0,1,Semi-Furnished,Villa,6.3,12.1,0.0,5,9.0,6,9429,9841000
Hyderabad,Miyapur,3,1501,3.0,8,7,2.0,2.0,21,Semi-Furnished,Independent House,6.2,0.8,2.0,5,4.0,10,3550,11060000
Ahmedabad,Chandkheda,2,1455,2.0,5,5,0.0,1.0,13,Semi-Furnished,Apartment,5.8,8.0,3.0,4,7.0,1,7066,9423000
Bengaluru,Indiranagar,3,1596,2.0,10,10,3.0,1.0,32,Semi-Furnished,Independent House,10.3,1.5,8.0,4,2.0,6,4283,14381000
Kolkata,Behala,4,2557,4.0,6,4,2.0,1.0,24,Semi-Furnished,Apartment,2.0,4.4,1.0,1,3.0,5,15281,15622000
Bengaluru,HSR Layout,4,2114,4.0,2,1,1.0,0.0,37,Semi-Furnished,Independent House,3.7,3.6,8.0,3,10.0,7,11518,19162000
Vijayawada,Patamata,2,1497,3.0,8,5,0.0,2.0,19,Fully-Furnished,Independent House,11.3,1.7,1.0,5,2.0,9,8175,7967000
Bengaluru,Whitefield,4,2177,4.0,6,1,0.0,2.0,36,Unfurnished,Villa,12.4,14.7,5.0,6,1.0,3,9008,18209000
Mumbai,Andheri,3,1844,3.0,8,5,1.0,2.0,40,Unfurnished,Apartment,5.8,5.2,0.0,3,9.0,10,4176,28319000
Bengaluru,HSR Layout,3,1577,3.0,15,6,2.0,3.0,2,Unfurnished,Villa,7.3,2.0,5.0,7,2.0,1,7373,14771000
Pune,Hinjewadi,3,1795,2.0,10,7,2.0,1.0,25,Fully-Furnished,Apartment,3.1,2.4,1.0,4,5.0,7,4407,15434000
Pune,Kharadi,2,1584,2.0,5,5,2.0,1.0,38,Unfurnished,Apartment,8.3,7.2,7.0,7,4.0,8,5202,11555000
Vijayawada,Patamata,2,1465,2.0,3,1,2.0,0.0,21,Semi-Furnished,Apartment,9.0,10.2,8.0,7,5.0,6,3271,7793000
Mumbai,Thane,5,2831,4.0,12,3,1.0,1.0,30,Semi-Furnished,Independent House,14.5,7.0,8.0,7,1.0,1,11819,43016000
Chennai,Adyar,4,2298,4.0,10,6,2.0,2.0,22,Fully-Furnished,Apartment,1.7,1.4,5.0,0,5.0,6,10871,19589000
Mumbai,Borivali,4,2006,5.0,2,1,1.0,3.0,2,Fully-Furnished,Apartment,2.1,4.6,0.0,4,3.0,7,8102,34259000
Mumbai,Bandra,4,2441,4.0,10,1,1.0,1.0,8,Semi-Furnished,Independent House,8.4,3.3,1.0,4,7.0,2,10976,39352000
Bengaluru,Indiranagar,2,1375,1.0,15,8,1.0,2.0,33,Unfurnished,Apartment,4.0,6.7,6.0,5,2.0,1,5729,11268000
Mumbai,Bandra,2,1399,1.0,6,6,1.0,3.0,1,Semi-Furnished,Independent House,9.0,0.2,6.0,1,5.0,4,3579,23124000
Mumbai,Navi Mumbai,2,1752,2.0,6,1,1.0,3.0,27,Semi-Furnished,Independent House,15.0,0.9,10.0,4,5.0,5,8938,26104000
Bengaluru,Electronic City,2,1360,3.0,6,6,1.0,2.0,18,Unfurnished,Independent House,9.6,1.9,0.0,6,10.0,10,3044,12937000
Chennai,T Nagar,2,1104,2.0,3,2,1.0,1.0,13,Unfurnished,Apartment,8.2,1.1,5.0,7,2.0,4,2237,7373000
Visakhapatnam,Rushikonda,5,2818,6.0,10,4,1.0,1.0,34,Semi-Furnished,Apartment,5.2,1.8,4.0,6,9.0,8,6609,16760000
Visakhapatnam,Madhurawada,4,2248,3.0,6,1,2.0,1.0,35,Semi-Furnished,Independent House,1.9,5.6,6.0,5,10.0,1,6574,12911000
Kolkata,Dum Dum,2,1050,1.0,4,3,1.0,1.0,38,Unfurnished,Apartment,22.2,2.4,5.0,2,2.0,8,3492,4164000
Kolkata,Dum Dum,2,1694,2.0,8,1,2.0,0.0,14,Unfurnished,Independent House,2.8,5.7,6.0,7,2.0,6,4420,9348000
Pune,Hadapsar,4,2141,5.0,15,11,2.0,0.0,35,Unfurnished,Apartment,1.7,1.9,7.0,1,7.0,2,10894,17056000
Visakhapatnam,Dwaraka Nagar,3,2016,4.0,8,8,1.0,2.0,19,Unfurnished,Apartment,5.3,5.0,4.0,7,5.0,7,7953,11655000
Pune,Hinjewadi,3,1187,3.0,10,8,2.0,1.0,20,Unfurnished,Apartment,2.4,5.7,8.0,3,10.0,7,4486,11279000
Vijayawada,Patamata,2,1424,3.0,12,10,1.0,0.0,34,Fully-Furnished,Apartment,9.6,2.7,0.0,5,6.0,5,3892,6998000
Ahmedabad,Satellite,2,1231,1.0,4,3,1.0,2.0,19,Semi-Furnished,Apartment,5.2,1.8,10.0,6,9.0,2,4901,9473000
Hyderabad,Kondapur,2,1335,2.0,3,2,3.0,1.0,27,Fully-Furnished,Apartment,17.6,5.8,4.0,5,9.0,3,6677,10060000
Pune,Hinjewadi,2,1359,2.0,4,4,3.0,2.0,34,Semi-Furnished,Apartment,6.2,1.4,10.0,0,5.0,4,8090,11200000
Kolkata,Salt Lake,4,2248,5.0,10,2,2.0,3.0,37,Semi-Furnished,Apartment,16.3,2.1,1.0,5,8.0,2,12507,13327000
Ahmedabad,Vastrapur,4,2380,3.0,5,3,1.0,1.0,37,Unfurnished,Villa,8.7,2.6,8.0,6,1.0,1,9122,13256000
Pune,Hinjewadi,3,1469,2.0,10,1,2.0,2.0,40,Semi-Furnished,Apartment,5.4,3.1,9.0,1,3.0,9,7871,11772000
Bengaluru,Yelahanka,2,1363,1.0,3,1,1.0,1.0,39,Fully-Furnished,Apartment,16.1,0.7,9.0,2,6.0,8,7959,13287000
Ahmedabad,Vastrapur,2,1532,2.0,5,5,,3.0,20,Unfurnished,Independent House,12.1,4.5,10.0,7,7.0,4,6530,9080000
Mumbai,Bandra,3,1753,2.0,7,4,1.0,1.0,33,Semi-Furnished,Apartment,10.7,0.7,3.0,0,6.0,10,8427,27298000
Kolkata,Rajarhat,2,1529,1.0,7,5,1.0,3.0,1,Semi-Furnished,Apartment,2.7,3.1,2.0,1,2.0,6,5727,9834000
Hyderabad,Miyapur,4,2164,5.0,2,1,3.0,1.0,18,Unfurnished,Apartment,12.0,1.0,10.0,4,4.0,10,12192,14598000
Hyderabad,Kukatpally,4,2270,3.0,2,2,3.0,1.0,34,Unfurnished,Apartment,6.4,4.1,0.0,7,8.0,5,8274,14810000
Chennai,Velachery,2,1291,2.0,3,2,3.0,1.0,6,Semi-Furnished,Apartment,2.6,4.0,9.0,1,5.0,8,3912,11806000
Kolkata,Behala,5,2284,4.0,5,2,0.0,2.0,39,Fully-Furnished,Apartment,3.4,1.2,10.0,5,7.0,8,4973,16128000
Visakhapatnam,Dwaraka Nagar,1,1010,2.0,8,2,1.0,1.0,11,Unfurnished,Villa,12.2,0.5,6.0,6,1.0,3,2349,4557000
Delhi,Dwarka,4,2170,4.0,15,15,1.0,1.0,0,Fully-Furnished,Independent House,9.2,2.9,9.0,0,10.0,4,9935,23701000
Chennai,Adyar,3,1974,3.0,6,2,1.0,0.0,12,Semi-Furnished,Apartment,7.5,2.0,1.0,7,9.0,7,5140,16365000
Ahmedabad,Vastrapur,5,2427,4.0,8,3,2.0,1.0,8,Semi-Furnished,Villa,3.0,3.5,0.0,5,6.0,10,12455,18274000
Vijayawada,Benz Circle,2,707,2.0,6,4,1.0,2.0,35,Fully-Furnished,Independent House,3.4,1.8,9.0,1,3.0,1,4030,4327000
Ahmedabad,Bodakdev,2,1123,2.0,12,10,1.0,2.0,30,Unfurnished,Apartment,5.4,2.0,5.0,2,10.0,4,5411,8844000
Bengaluru,HSR Layout,4,2612,4.0,7,3,0.0,1.0,18,Fully-Furnished,Independent House,13.5,1.9,6.0,3,7.0,2,13770,25023000
Pune,Wakad,4,1816,5.0,10,4,2.0,3.0,0,Semi-Furnished,Apartment,3.1,2.1,7.0,1,8.0,4,5456,15920000
Visakhapatnam,Dwaraka Nagar,3,1903,2.0,7,6,2.0,2.0,11,Semi-Furnished,Apartment,3.5,5.8,2.0,6,8.0,7,9866,12736000
Ahmedabad,Bodakdev,3,1852,4.0,5,5,1.0,2.0,14,Unfurnished,Apartment,2.3,5.3,10.0,0,8.0,2,7835,11893000
Bengaluru,Koramangala,4,2251,4.0,4,1,2.0,3.0,12,Fully-Furnished,Independent House,1.8,0.9,6.0,5,6.0,6,8858,21884000
Mumbai,Bandra,4,2338,3.0,4,3,3.0,2.0,2,Semi-Furnished,Apartment,7.3,8.2,5.0,3,9.0,4,11945,38264000
Bengaluru,Yelahanka,2,1568,1.0,6,6,2.0,1.0,37,Semi-Furnished,Apartment,7.6,2.9,9.0,1,4.0,7,7080,13339000
Chennai,T Nagar,3,2087,4.0,7,3,1.0,1.0,37,Unfurnished,Apartment,7.3,3.0,3.0,4,6.0,7,10404,13788000
Visakhapatnam,MVP Colony,3,1823,4.0,6,3,2.0,0.0,4,Fully-Furnished,Independent House,9.8,2.4,7.0,6,9.0,2,5854,13056000
Mumbai,Bandra,4,2302,3.0,15,11,0.0,1.0,32,Semi-Furnished,Apartment,4.6,1.2,4.0,0,10.0,2,7047,36291000
Vijayawada,Patamata,3,1811,2.0,10,8,1.0,2.0,33,,Apartment,5.1,4.5,5.0,7,2.0,8,3919,8519000
Kolkata,Dum Dum,2,1367,3.0,10,3,2.0,1.0,16,Fully-Furnished,Apartment,6.1,8.7,8.0,6,7.0,4,7785,9847000
Delhi,Rohini,3,2035,4.0,15,8,2.0,2.0,3,Unfurnished,Villa,1.1,5.1,0.0,5,9.0,10,8356,21698000
Visakhapatnam,Dwaraka Nagar,2,1619,2.0,2,2,2.0,3.0,27,Fully-Furnished,Apartment,6.1,0.4,8.0,6,10.0,9,8430,10859000
Mumbai,Powai,3,1800,4.0,5,5,0.0,2.0,1,Semi-Furnished,Apartment,3.2,1.5,2.0,2,9.0,6,10701,29768000
Pune,Hadapsar,3,1733,4.0,3,3,1.0,1.0,10,Semi-Furnished,Independent House,9.4,3.9,6.0,7,9.0,10,8921,15811000
Delhi,Vasant Kunj,4,2065,4.0,8,3,1.0,0.0,39,Unfurnished,Independent House,1.1,4.2,8.0,2,8.0,9,10965,18954000
Ahmedabad,Bodakdev,3,2116,4.0,15,2,1.0,1.0,18,Unfurnished,Apartment,10.7,3.2,9.0,3,3.0,5,7888,13619000
Chennai,Velachery,1,891,1.0,3,1,1.0,1.0,2,Unfurnished,Villa,12.7,3.4,4.0,2,4.0,3,3419,7108000
Hyderabad,Miyapur,4,2287,3.0,10,2,2.0,1.0,2,Unfurnished,Independent House,8.3,4.6,5.0,3,4.0,10,10574,17313000
Ahmedabad,Satellite,2,1492,2.0,6,2,2.0,0.0,7,Unfurnished,Independent House,2.7,2.7,6.0,5,7.0,8,6486,10207000
Kolkata,Dum Dum,3,1988,2.0,15,3,3.0,0.0,5,Semi-Furnished,Independent House,6.8,0.9,2.0,6,4.0,1,9620,12175000
Chennai,OMR,2,629,3.0,12,10,1.0,2.0,16,Fully-Furnished,Apartment,8.0,2.5,4.0,3,7.0,4,2071,4639000
Mumbai,Powai,3,1632,4.0,2,1,2.0,3.0,22,Semi-Furnished,Apartment,7.6,8.9,4.0,1,6.0,1,4228,27006000
Hyderabad,Kukatpally,3,1658,4.0,8,6,1.0,2.0,20,Unfurnished,Apartment,4.8,1.4,3.0,7,5.0,2,9672,11890000
Hyderabad,Banjara Hills,3,2142,2.0,10,3,1.0,1.0,12,Semi-Furnished,Apartment,3.7,9.0,6.0,3,3.0,8,8699,15279000
Ahmedabad,Prahlad Nagar,2,877,1.0,3,3,2.0,1.0,15,Semi-Furnished,Apartment,3.0,2.2,8.0,7,6.0,9,2981,7404000
Hyderabad,Miyapur,2,1384,3.0,8,8,1.0,1.0,16,Semi-Furnished,Apartment,4.8,4.3,0.0,1,6.0,2,3205,10330000
Delhi,Rohini,3,1797,2.0,10,3,1.0,1.0,32,Unfurnished,Apartment,5.9,3.0,9.0,1,3.0,3,10379,15941000
Kolkata,Salt Lake,4,2135,4.0,4,4,1.0,1.0,20,Semi-Furnished,Apartment,8.5,5.7,0.0,6,4.0,3,6482,13608000
Mumbai,Thane,4,2315,5.0,2,1,1.0,2.0,2,Unfurnished,Apartment,1.0,2.0,4.0,3,2.0,6,9411,36604000
Hyderabad,Miyapur,3,1841,3.0,6,5,3.0,2.0,32,Fully-Furnished,Apartment,5.8,1.0,0.0,4,2.0,5,7264,14040000
Chennai,T Nagar,3,1645,2.0,6,4,1.0,2.0,2,Semi-Furnished,Apartment,19.6,4.4,2.0,4,5.0,3,3808,12307000
Bengaluru,Indiranagar,4,2608,4.0,7,5,0.0,2.0,29,Fully-Furnished,Apartment,6.8,10.2,6.0,2,6.0,6,11472,25224000
Visakhapatnam,Madhurawada,3,1720,3.0,5,4,2.0,1.0,35,Semi-Furnished,Apartment,0.9,2.9,2.0,3,1.0,3,4169,8260000
Kolkata,New Town,2,1233,2.0,2,2,0.0,2.0,25,Unfurnished,Independent House,5.0,2.5,7.0,0,5.0,2,4096,6938000
Ahmedabad,Maninagar,4,2210,4.0,3,2,0.0,1.0,13,Unfurnished,Apartment,2.1,4.9,7.0,2,1.0,8,12851,11776000
Hyderabad,Madhapur,3,1678,2.0,4,4,2.0,0.0,11,Semi-Furnished,Apartment,7.3,0.9,0.0,7,1.0,7,8339,12826000
Mumbai,Bandra,4,2302,4.0,6,1,1.0,2.0,0,Semi-Furnished,Apartment,4.9,8.4,4.0,4,8.0,5,9998,38165000
Chennai,Adyar,4,2159,4.0,8,3,2.0,2.0,1,Semi-Furnished,Apartment,15.6,5.1,0.0,3,7.0,10,6906,18390000
Pune,Baner,3,1992,4.0,3,1,2.0,1.0,30,Semi-Furnished,Villa,4.9,2.6,2.0,2,7.0,5,6410,17021000
Visakhapatnam,Seethammadhara,4,2032,5.0,10,6,2.0,1.0,29,Semi-Furnished,Villa,4.8,4.3,6.0,2,2.0,3,12023,11667000
Chennai,OMR,3,1666,3.0,6,5,2.0,2.0,14,Fully-Furnished,Independent House,1.1,6.0,4.0,3,8.0,2,4644,14811000
Ahmedabad,Chandkheda,3,1901,2.0,12,7,1.0,1.0,2,Unfurnished,Apartment,4.5,12.7,0.0,1,7.0,5,11314,12728000
Pune,Hadapsar,3,1657,3.0,8,1,2.0,2.0,32,Unfurnished,Apartment,10.0,0.9,7.0,0,1.0,9,3825,11673000
Mumbai,Thane,3,2059,3.0,5,4,3.0,1.0,21,Fully-Furnished,Apartment,4.6,6.1,1.0,3,10.0,1,6035,33633000
Hyderabad,Gachibowli,5,2462,5.0,8,6,2.0,0.0,39,Fully-Furnished,Apartment,9.9,5.9,10.0,4,5.0,3,5130,18433000
Bengaluru,Indiranagar,2,1709,3.0,12,3,2.0,1.0,38,Unfurnished,Apartment,1.6,9.3,6.0,7,9.0,1,4198,14586000
Pune,Kharadi,3,1559,3.0,5,3,1.0,1.0,29,Fully-Furnished,Villa,4.9,8.0,6.0,0,8.0,10,7425,13099000
Vijayawada,Patamata,4,2225,3.0,2,2,0.0,0.0,14,Unfurnished,Apartment,4.6,8.6,10.0,4,5.0,10,12159,11936000
Bengaluru,Koramangala,4,2545,3.0,2,1,2.0,2.0,38,Semi-Furnished,Apartment,3.9,2.9,4.0,2,1.0,1,10705,22523000
Mumbai,Bandra,2,1490,3.0,6,1,1.0,1.0,3,Fully-Furnished,Apartment,11.7,1.3,6.0,1,5.0,5,5525,25725000
Delhi,Rohini,3,1917,2.0,2,1,1.0,1.0,24,Semi-Furnished,Independent House,7.9,5.2,5.0,3,9.0,3,4955,17945000
Hyderabad,Miyapur,4,2369,5.0,2,1,1.0,1.0,28,Semi-Furnished,Apartment,1.9,1.0,9.0,5,9.0,8,7554,17500000
Kolkata,Salt Lake,3,2131,3.0,3,2,1.0,3.0,25,Unfurnished,Apartment,2.5,0.8,9.0,3,6.0,9,5684,12901000
Pune,Wakad,3,2130,2.0,15,14,3.0,1.0,16,Semi-Furnished,Apartment,2.5,1.0,6.0,4,10.0,1,12346,18703000
Pune,Viman Nagar,2,1258,2.0,2,2,2.0,1.0,26,Semi-Furnished,Independent House,6.1,3.6,5.0,5,3.0,7,7023,10632000
Hyderabad,Kukatpally,3,2044,4.0,12,1,2.0,1.0,2,Semi-Furnished,Apartment,8.0,6.1,4.0,6,7.0,4,4782,16403000
Vijayawada,Benz Circle,3,1945,4.0,3,3,0.0,1.0,0,Unfurnished,Independent House,5.0,4.7,10.0,4,3.0,5,4502,11146000
Kolkata,New Town,4,2213,4.0,7,4,1.0,2.0,15,Fully-Furnished,Independent House,10.8,2.7,7.0,1,2.0,3,7612,14855000
Visakhapatnam,Dwaraka Nagar,2,1300,2.0,2,2,1.0,2.0,3,Unfurnished,Apartment,11.0,6.5,1.0,1,3.0,1,6500,7074000
Mumbai,Thane,2,1174,2.0,12,1,0.0,2.0,28,Fully-Furnished,Apartment,12.3,5.3,9.0,7,1.0,9,5877,18769000
Bengaluru,Indiranagar,3,1811,3.0,12,4,2.0,0.0,38,Unfurnished,Apartment,15.9,3.7,8.0,1,9.0,5,10277,14849000
Visakhapatnam,Seethammadhara,4,2025,4.0,3,3,1.0,0.0,6,Semi-Furnished,Apartment,11.2,2.0,1.0,3,5.0,2,11236,12413000
Chennai,Porur,3,1275,3.0,10,3,2.0,2.0,16,Fully-Furnished,Independent House,1.3,5.2,5.0,5,1.0,1,6512,10548000
Ahmedabad,Chandkheda,3,1832,3.0,6,4,1.0,1.0,36,Semi-Furnished,Villa,9.5,1.2,9.0,6,10.0,4,6900,11224000
Hyderabad,Banjara Hills,2,1247,2.0,8,6,1.0,2.0,14,Unfurnished,Villa,3.0,7.2,4.0,2,3.0,3,2512,7852000
Visakhapatnam,Dwaraka Nagar,3,2023,4.0,2,2,2.0,2.0,30,Semi-Furnished,Independent House,12.9,5.8,2.0,0,2.0,4,5142,11813000
Ahmedabad,Maninagar,2,1348,2.0,3,3,0.0,0.0,38,Fully-Furnished,Apartment,2.1,6.5,8.0,3,8.0,5,4144,9461000
Mumbai,Borivali,2,1221,1.0,15,5,1.0,2.0,34,Semi-Furnished,Apartment,3.0,1.5,9.0,5,10.0,9,4005,19293000
Chennai,Porur,4,2290,4.0,7,3,2.0,2.0,8,Unfurnished,Apartment,3.3,8.3,5.0,3,7.0,9,10755,17157000
Kolkata,Salt Lake,3,1997,2.0,10,9,1.0,1.0,40,Fully-Furnished,Independent House,2.0,4.2,3.0,3,7.0,1,7763,12580000
Visakhapatnam,Gajuwaka,1,583,1.0,8,4,1.0,2.0,28,Fully-Furnished,Apartment,1.5,2.2,7.0,0,6.0,8,2556,4728000
Chennai,OMR,4,1917,4.0,7,3,1.0,1.0,33,Fully-Furnished,Apartment,4.7,1.0,1.0,7,2.0,8,9695,15595000
Hyderabad,Banjara Hills,3,1861,3.0,10,2,2.0,2.0,13,Unfurnished,Apartment,6.6,1.0,7.0,6,8.0,8,7479,12939000
Pune,Baner,2,944,1.0,5,4,1.0,2.0,28,Fully-Furnished,Apartment,10.6,4.8,6.0,7,9.0,9,3943,7177000
Ahmedabad,Prahlad Nagar,3,2173,2.0,4,1,1.0,2.0,39,Semi-Furnished,Apartment,4.8,0.9,3.0,5,8.0,4,5663,14094000
Chennai,Porur,2,1243,2.0,12,11,1.0,1.0,16,Semi-Furnished,Villa,9.4,2.5,9.0,4,4.0,4,4005,9523000
Chennai,Porur,4,2107,4.0,2,2,1.0,1.0,9,Semi-Furnished,Apartment,6.4,3.7,0.0,6,4.0,2,6112,15443000
Mumbai,Powai,3,1436,2.0,8,1,3.0,1.0,16,Fully-Furnished,Apartment,8.4,5.6,7.0,7,3.0,6,6069,22891000
Bengaluru,Whitefield,3,1661,3.0,7,3,2.0,2.0,31,Unfurnished,Apartment,6.2,6.2,3.0,6,7.0,9,3758,12865000
Bengaluru,Whitefield,2,1507,3.0,8,7,0.0,1.0,20,Semi-Furnished,Apartment,4.0,6.2,9.0,4,9.0,10,8824,14317000
Chennai,Porur,3,1840,3.0,12,4,2.0,1.0,34,Semi-Furnished,Apartment,2.1,3.2,10.0,5,5.0,5,3885,14033000
Delhi,Mayur Vihar,1,731,1.0,5,5,1.0,1.0,21,Fully-Furnished,Apartment,3.9,1.8,6.0,5,10.0,2,2735,7763000
Bengaluru,Whitefield,2,1501,2.0,10,10,3.0,1.0,13,Fully-Furnished,Apartment,2.7,5.9,5.0,0,9.0,5,3471,13920000
Pune,Hadapsar,4,2558,4.0,15,13,1.0,2.0,20,Semi-Furnished,Apartment,3.1,3.8,9.0,3,8.0,9,7998,22621000
Kolkata,New Town,1,852,1.0,5,2,1.0,2.0,27,Semi-Furnished,Independent House,2.7,3.7,8.0,5,9.0,6,2521,5155000
Delhi,Rohini,3,1847,2.0,2,2,2.0,2.0,37,Unfurnished,Apartment,1.5,10.8,4.0,1,7.0,5,10189,16298000
Hyderabad,Kukatpally,3,1751,3.0,10,9,3.0,3.0,29,Semi-Furnished,Independent House,6.8,5.6,2.0,1,2.0,4,7368,12404000
Delhi,Mayur Vihar,3,1738,4.0,12,11,2.0,2.0,17,Semi-Furnished,Villa,5.4,6.9,9.0,3,2.0,10,4647,18057000
Kolkata,Dum Dum,2,1346,1.0,4,1,2.0,1.0,24,Unfurnished,Apartment,9.6,1.2,0.0,1,8.0,2,4050,6786000
Visakhapatnam,Madhurawada,3,2345,4.0,6,1,2.0,1.0,18,Unfurnished,Apartment,6.9,3.1,5.0,2,7.0,10,13862,11898000
Bengaluru,Indiranagar,3,1660,3.0,5,2,1.0,1.0,36,Semi-Furnished,Villa,4.9,1.7,2.0,2,1.0,7,7872,14722000
Ahmedabad,Prahlad Nagar,1,1093,1.0,8,4,2.0,1.0,17,Semi-Furnished,Independent House,3.3,2.6,2.0,3,3.0,9,2246,7791000
Hyderabad,Miyapur,5,2492,4.0,12,2,3.0,2.0,25,Unfurnished,Villa,3.2,6.0,4.0,0,7.0,4,13608,16038000
Ahmedabad,Bodakdev,4,2126,4.0,3,1,1.0,1.0,17,Unfurnished,Independent House,3.9,10.3,8.0,1,10.0,7,6291,13684000
Bengaluru,Koramangala,2,815,3.0,5,2,2.0,1.0,15,Fully-Furnished,Independent House,13.3,2.2,9.0,6,8.0,4,4147,8378000
Ahmedabad,Prahlad Nagar,2,1501,3.0,4,1,2.0,1.0,5,Fully-Furnished,Apartment,3.1,1.5,6.0,6,2.0,1,8760,12312000
Visakhapatnam,Rushikonda,5,2652,6.0,4,3,1.0,2.0,2,Unfurnished,Apartment,1.0,3.0,4.0,3,1.0,9,7887,14743000
Pune,Viman Nagar,3,1453,2.0,10,2,1.0,1.0,16,Unfurnished,Independent House,2.8,2.6,5.0,0,4.0,5,5887,12368000
Visakhapatnam,MVP Colony,5,2856,,5,5,0.0,1.0,2,Unfurnished,Apartment,6.0,5.6,9.0,1,9.0,5,6381,15955000
Visakhapatnam,Rushikonda,3,1924,3.0,7,7,1.0,1.0,8,Unfurnished,Independent House,3.0,0.2,7.0,3,4.0,6,8263,11320000
Visakhapatnam,Seethammadhara,3,1962,3.0,6,3,1.0,2.0,6,Unfurnished,Apartment,2.3,2.7,3.0,3,6.0,5,9077,11419000
Delhi,Saket,1,977,1.0,3,2,2.0,1.0,18,Semi-Furnished,Villa,4.8,2.1,2.0,7,3.0,5,2024,9693000
Chennai,Adyar,3,1971,3.0,7,4,2.0,2.0,17,Fully-Furnished,Apartment,5.1,0.9,8.0,6,8.0,5,10440,17659000
Chennai,Porur,4,2623,3.0,15,15,2.0,1.0,3,Semi-Furnished,Apartment,8.0,5.3,10.0,2,7.0,4,9314,21167000
Mumbai,Powai,5,2476,5.0,6,6,2.0,2.0,6,Fully-Furnished,Apartment,4.1,0.5,7.0,3,5.0,8,13215,40863000
Kolkata,Behala,3,1741,4.0,15,8,3.0,1.0,32,Semi-Furnished,Apartment,14.2,0.2,4.0,7,10.0,2,7075,10021000
Mumbai,Navi Mumbai,3,1956,4.0,6,2,2.0,2.0,22,Unfurnished,Apartment,5.0,0.3,3.0,4,10.0,7,8725,29689000
Chennai,Anna Nagar,4,2089,5.0,10,9,0.0,3.0,9,Semi-Furnished,Independent House,8.5,3.4,5.0,0,10.0,3,10600,17168000
Mumbai,Powai,3,2034,3.0,8,7,1.0,1.0,18,Semi-Furnished,Apartment,5.2,1.5,1.0,0,4.0,4,4584,32938000
Hyderabad,Kondapur,3,1702,3.0,6,3,2.0,2.0,37,Semi-Furnished,Apartment,1.6,4.5,7.0,1,7.0,6,7826,11990000
Vijayawada,Moghalrajpuram,3,1601,2.0,3,1,1.0,1.0,9,Unfurnished,Apartment,4.1,2.7,9.0,2,1.0,6,7603,7583000
Kolkata,New Town,2,1378,3.0,12,2,1.0,1.0,9,Unfurnished,Apartment,2.7,4.1,1.0,2,1.0,8,5050,7744000
Chennai,Velachery,2,1787,3.0,4,3,2.0,1.0,5,Semi-Furnished,Apartment,7.2,1.3,0.0,3,2.0,4,4398,14114000
Chennai,Anna Nagar,5,2427,5.0,4,4,1.0,2.0,14,Semi-Furnished,Apartment,1.2,2.7,8.0,4,9.0,9,14062,20002000
Delhi,Vasant Kunj,4,2188,3.0,10,9,2.0,1.0,0,Semi-Furnished,Apartment,5.5,2.5,1.0,0,10.0,10,10997,23336000
Visakhapatnam,Gajuwaka,3,1454,4.0,5,5,1.0,1.0,23,Unfurnished,Apartment,6.3,0.2,1.0,1,6.0,8,6884,6424000
Hyderabad,Madhapur,3,1682,4.0,4,2,2.0,2.0,23,Semi-Furnished,Villa,1.2,2.7,2.0,1,1.0,1,7006,12605000
Delhi,Pitampura,2,1387,2.0,5,3,0.0,1.0,9,Fully-Furnished,Apartment,9.0,1.6,10.0,3,7.0,9,4387,14005000
Visakhapatnam,Dwaraka Nagar,2,1231,3.0,2,2,2.0,1.0,9,Semi-Furnished,Independent House,1.1,2.8,3.0,2,1.0,7,5120,8326000
Visakhapatnam,Madhurawada,2,1293,2.0,15,12,0.0,2.0,7,Semi-Furnished,Apartment,5.5,3.7,4.0,7,6.0,5,2873,7443000
Visakhapatnam,Seethammadhara,2,1218,2.0,15,2,2.0,2.0,6,Semi-Furnished,Apartment,2.4,2.9,8.0,2,3.0,4,3536,7377000
Delhi,Vasant Kunj,2,1222,1.0,15,2,1.0,2.0,5,Semi-Furnished,Apartment,1.2,7.7,5.0,3,1.0,3,3237,12971000
Hyderabad,Kondapur,3,1708,3.0,6,1,1.0,1.0,21,Fully-Furnished,Apartment,2.9,2.8,5.0,6,4.0,2,6326,12242000
Vijayawada,Patamata,3,1684,4.0,5,1,2.0,1.0,34,Unfurnished,Apartment,4.1,3.6,10.0,6,5.0,1,9525,8167000
Kolkata,New Town,3,1807,3.0,4,1,1.0,2.0,31,Unfurnished,Villa,11.4,3.6,7.0,3,8.0,4,7452,9063000
Pune,Wakad,5,2635,5.0,8,3,2.0,1.0,2,Fully-Furnished,Apartment,4.1,0.9,2.0,1,1.0,3,10576,23172000
Delhi,Saket,5,2917,6.0,12,3,1.0,2.0,29,Unfurnished,Apartment,8.3,4.0,8.0,2,6.0,6,9273,26598000
Hyderabad,Kukatpally,5,2711,4.0,10,7,2.0,1.0,12,Unfurnished,Apartment,11.5,1.0,10.0,0,4.0,3,15238,18988000
Visakhapatnam,Dwaraka Nagar,2,1194,1.0,8,4,2.0,2.0,1,Fully-Furnished,Apartment,4.8,1.3,0.0,3,6.0,6,3679,6909000
Hyderabad,Kukatpally,3,1454,2.0,7,6,1.0,2.0,14,Unfurnished,Apartment,1.8,1.5,3.0,0,7.0,1,5908,8795000
Pune,Viman Nagar,3,1412,3.0,2,1,0.0,0.0,34,Unfurnished,Apartment,5.4,3.8,9.0,6,5.0,8,6974,9956000
Vijayawada,Governorpet,3,1619,3.0,7,7,0.0,1.0,9,Unfurnished,Apartment,23.0,3.7,6.0,4,10.0,4,9351,9337000
Delhi,Pitampura,3,2075,2.0,3,2,2.0,2.0,15,Semi-Furnished,Apartment,20.9,9.5,8.0,0,5.0,10,6383,21083000
Bengaluru,HSR Layout,5,2732,6.0,5,4,2.0,1.0,19,Semi-Furnished,Apartment,3.5,8.3,1.0,1,8.0,9,10776,26522000
Ahmedabad,Satellite,4,2570,5.0,3,2,2.0,2.0,22,Fully-Furnished,Apartment,9.8,2.0,2.0,5,6.0,8,6763,18403000
Pune,Viman Nagar,3,1510,3.0,15,11,0.0,2.0,34,Fully-Furnished,Independent House,6.3,4.6,6.0,2,8.0,10,6930,12166000
Chennai,Adyar,1,1267,1.0,7,4,1.0,1.0,40,Semi-Furnished,Apartment,2.5,4.0,9.0,2,7.0,2,5974,8912000
Vijayawada,Gunadala,3,1991,3.0,7,6,1.0,1.0,38,Semi-Furnished,Independent House,3.7,1.7,8.0,2,10.0,8,4059,11770000
Chennai,OMR,4,2519,5.0,8,5,1.0,1.0,26,Unfurnished,Apartment,5.7,3.5,2.0,6,10.0,2,8562,17910000
Visakhapatnam,Madhurawada,3,1925,4.0,12,5,0.0,1.0,31,Semi-Furnished,Independent House,7.7,5.4,3.0,2,8.0,8,10461,9891000
Ahmedabad,Bodakdev,3,1535,2.0,8,5,3.0,2.0,32,Fully-Furnished,Apartment,9.7,0.7,5.0,7,10.0,9,8136,12095000
Pune,Hinjewadi,1,1092,2.0,2,1,1.0,1.0,8,Semi-Furnished,Apartment,9.4,2.8,4.0,4,4.0,3,5273,9256000
Delhi,Dwarka,1,838,2.0,5,2,0.0,2.0,4,Unfurnished,Apartment,5.4,7.9,7.0,4,1.0,1,3214,8333000
Pune,Hinjewadi,2,1308,2.0,10,5,0.0,0.0,0,Semi-Furnished,Apartment,1.9,10.5,7.0,2,2.0,6,4544,11470000
Delhi,Pitampura,2,1121,3.0,8,6,1.0,1.0,35,Fully-Furnished,Independent House,6.2,10.9,6.0,3,3.0,2,3970,10787000
Bengaluru,HSR Layout,3,2005,2.0,2,2,1.0,1.0,20,Unfurnished,Apartment,4.6,6.5,8.0,7,8.0,4,10746,17381000
Bengaluru,Koramangala,3,1708,3.0,8,8,2.0,1.0,35,Unfurnished,Villa,7.1,3.0,1.0,2,2.0,8,9643,14544000
Delhi,Mayur Vihar,4,2600,4.0,15,7,1.0,1.0,29,Semi-Furnished,Villa,7.7,1.5,9.0,1,1.0,9,9623,25047000
Vijayawada,Patamata,3,1698,3.0,10,8,1.0,2.0,26,Semi-Furnished,Independent House,7.8,4.4,5.0,0,5.0,8,9069,10012000
Hyderabad,Madhapur,3,2122,2.0,15,10,2.0,2.0,25,Fully-Furnished,Apartment,5.0,3.3,4.0,1,1.0,2,9570,15480000
Delhi,Mayur Vihar,3,1959,3.0,2,2,1.0,1.0,9,Semi-Furnished,Villa,1.8,5.5,7.0,1,9.0,1,8791,21322000
Vijayawada,Moghalrajpuram,2,1829,1.0,8,2,2.0,3.0,28,Semi-Furnished,Apartment,3.3,2.1,2.0,5,2.0,1,4165,9743000
Chennai,Anna Nagar,3,1716,3.0,2,1,0.0,1.0,7,Fully-Furnished,Apartment,4.1,0.8,9.0,7,6.0,8,5537,14281000
Hyderabad,Gachibowli,3,2167,3.0,8,7,1.0,0.0,11,Fully-Furnished,Apartment,9.8,2.3,9.0,4,10.0,8,7922,17270000
Mumbai,Thane,4,2199,3.0,12,12,1.0,0.0,34,,Apartment,5.1,0.3,2.0,7,1.0,1,10589,34575000
Mumbai,Andheri,4,2092,4.0,7,6,2.0,1.0,35,Semi-Furnished,Independent House,2.3,7.1,2.0,6,9.0,5,10507,32040000
Visakhapatnam,MVP Colony,2,1537,2.0,6,3,2.0,0.0,3,Fully-Furnished,Apartment,8.0,0.8,2.0,0,7.0,9,7828,11396000
Bengaluru,Yelahanka,3,1641,3.0,6,3,2.0,1.0,35,Unfurnished,Apartment,2.9,2.2,7.0,1,4.0,9,4700,15135000
Pune,Hinjewadi,4,2518,3.0,12,3,3.0,2.0,18,Semi-Furnished,Independent House,5.2,5.0,9.0,0,5.0,9,10368,20357000
Kolkata,Salt Lake,4,1829,3.0,7,3,0.0,3.0,34,Semi-Furnished,Apartment,7.0,3.4,10.0,6,3.0,6,3902,10773000
Mumbai,Bandra,3,1835,2.0,10,9,2.0,0.0,5,Fully-Furnished,Apartment,10.0,4.1,6.0,5,7.0,2,7448,32232000
Vijayawada,Gunadala,2,1309,2.0,2,1,2.0,2.0,25,Semi-Furnished,Independent House,10.5,4.7,4.0,1,8.0,4,7757,6976000
Hyderabad,Gachibowli,2,1473,1.0,7,2,1.0,2.0,22,Fully-Furnished,Apartment,5.8,1.0,3.0,4,1.0,2,3152,11419000
Visakhapatnam,Gajuwaka,2,1343,2.0,12,6,2.0,2.0,30,Unfurnished,Independent House,0.7,1.4,9.0,4,4.0,5,7834,7568000
Delhi,Saket,2,1706,2.0,10,9,1.0,0.0,18,Semi-Furnished,Independent House,3.3,1.6,1.0,6,10.0,2,3626,18250000
Vijayawada,Benz Circle,3,2171,3.0,6,2,1.0,1.0,2,Semi-Furnished,Apartment,5.3,13.7,7.0,4,1.0,2,4682,12291000
Pune,Wakad,3,1831,4.0,12,7,1.0,1.0,13,Fully-Furnished,Independent House,7.0,0.6,0.0,5,3.0,2,9497,16642000
Chennai,T Nagar,3,1767,4.0,15,6,2.0,2.0,20,Semi-Furnished,Apartment,16.9,2.9,2.0,1,6.0,4,9790,12733000
Bengaluru,HSR Layout,3,2035,4.0,2,2,2.0,2.0,7,Fully-Furnished,Apartment,12.6,9.3,10.0,7,2.0,6,11636,20939000
Chennai,OMR,3,1465,3.0,7,7,1.0,1.0,36,Semi-Furnished,Apartment,7.3,1.4,6.0,5,10.0,2,6694,12027000
Visakhapatnam,Dwaraka Nagar,2,1498,1.0,12,9,3.0,1.0,37,Semi-Furnished,Apartment,7.8,4.1,7.0,5,2.0,1,7176,7431000
Mumbai,Andheri,2,1042,1.0,4,2,0.0,2.0,9,Unfurnished,Villa,25.0,3.6,3.0,7,8.0,10,3824,16799000
Delhi,Pitampura,3,1799,3.0,3,1,2.0,1.0,38,Semi-Furnished,Apartment,3.1,3.1,6.0,2,9.0,5,9305,17177000
Visakhapatnam,Madhurawada,2,967,3.0,12,3,2.0,1.0,39,Semi-Furnished,Apartment,10.2,1.6,2.0,2,8.0,2,3160,4461000
Hyderabad,Kukatpally,2,1677,1.0,6,5,3.0,1.0,17,Fully-Furnished,Apartment,6.2,5.6,9.0,6,1.0,8,5277,12933000
Vijayawada,Patamata,3,1814,3.0,12,3,2.0,1.0,39,Fully-Furnished,Villa,5.8,1.1,6.0,5,9.0,1,6273,9757000
Hyderabad,Miyapur,4,2007,4.0,5,5,3.0,2.0,27,Semi-Furnished,Independent House,18.3,1.7,2.0,5,8.0,3,11937,15320000
Hyderabad,Miyapur,2,1469,2.0,4,3,1.0,0.0,37,Unfurnished,Independent House,10.5,1.8,0.0,7,2.0,1,4835,7352000
Hyderabad,Kukatpally,4,2186,4.0,15,4,2.0,3.0,36,Fully-Furnished,Independent House,2.5,3.3,5.0,5,5.0,10,4830,16380000
Pune,Wakad,3,1979,2.0,15,15,1.0,3.0,13,Semi-Furnished,Apartment,6.9,7.9,5.0,2,2.0,4,4892,15506000
Ahmedabad,Bodakdev,2,1700,2.0,12,10,3.0,1.0,27,Semi-Furnished,Apartment,8.1,0.7,1.0,4,10.0,6,3632,11682000
Bengaluru,Koramangala,2,1241,2.0,8,4,2.0,1.0,36,Unfurnished,Apartment,7.4,0.8,4.0,7,5.0,2,4689,10109000
Hyderabad,Gachibowli,3,1741,3.0,3,3,1.0,1.0,24,Unfurnished,Independent House,3.1,1.1,9.0,1,1.0,4,9813,12152000
Kolkata,Ballygunge,4,2591,5.0,2,1,1.0,,18,Fully-Furnished,Apartment,8.1,4.0,6.0,0,2.0,2,11004,15738000
Vijayawada,Governorpet,2,1113,1.0,10,2,3.0,2.0,15,Unfurnished,Apartment,8.3,5.7,5.0,7,6.0,9,3702,5671000
Vijayawada,Moghalrajpuram,4,2132,4.0,5,5,1.0,1.0,37,Fully-Furnished,Apartment,4.2,3.3,6.0,5,3.0,9,5663,11635000
Bengaluru,Indiranagar,3,1539,4.0,8,3,0.0,2.0,6,Semi-Furnished,Independent House,4.6,5.3,1.0,0,5.0,9,4431,15359000
Ahmedabad,Chandkheda,2,1532,2.0,6,4,3.0,1.0,34,Fully-Furnished,Apartment,8.7,1.2,9.0,7,8.0,10,3336,10452000
Ahmedabad,Satellite,3,1905,2.0,7,6,0.0,2.0,12,Fully-Furnished,Apartment,15.7,3.6,2.0,4,6.0,9,4555,14174000
Pune,Hinjewadi,5,2570,6.0,3,2,2.0,1.0,13,Fully-Furnished,Apartment,6.6,1.8,5.0,1,6.0,1,14220,23761000
Ahmedabad,Prahlad Nagar,3,2001,3.0,5,1,2.0,0.0,23,Unfurnished,Apartment,6.2,2.6,10.0,4,8.0,5,7857,12225000
Bengaluru,Electronic City,3,1985,2.0,6,6,1.0,1.0,14,Fully-Furnished,Villa,7.6,1.8,10.0,2,10.0,5,8580,19813000
Pune,Hadapsar,3,1722,4.0,3,2,2.0,1.0,13,Unfurnished,Apartment,3.5,0.2,3.0,1,9.0,4,7052,14086000
Vijayawada,Gunadala,2,1364,3.0,10,5,3.0,1.0,37,Fully-Furnished,Apartment,5.7,3.1,7.0,6,9.0,2,4203,7794000
Chennai,Porur,2,1314,2.0,15,13,1.0,2.0,15,Semi-Furnished,Independent House,5.0,2.2,1.0,2,1.0,10,2932,10791000
Chennai,OMR,2,1285,2.0,3,3,1.0,1.0,10,Semi-Furnished,Villa,4.8,0.3,2.0,2,8.0,7,4930,9778000
Hyderabad,Miyapur,3,2132,3.0,7,2,1.0,1.0,18,Semi-Furnished,Apartment,2.1,7.7,5.0,1,2.0,10,5295,15448000
Mumbai,Powai,3,1843,2.0,8,6,1.0,2.0,33,Semi-Furnished,Villa,8.5,6.0,3.0,7,9.0,3,7668,28903000
Vijayawada,Patamata,3,1547,3.0,4,3,0.0,2.0,9,Semi-Furnished,Apartment,14.1,1.7,1.0,7,4.0,1,6746,7290000
Delhi,Pitampura,3,1911,2.0,8,6,2.0,0.0,31,Semi-Furnished,Independent House,4.3,3.6,1.0,5,1.0,6,6699,17524000
Vijayawada,Benz Circle,2,1370,3.0,7,3,3.0,1.0,32,Semi-Furnished,Apartment,5.8,7.8,2.0,6,7.0,3,6570,6532000
Pune,Viman Nagar,3,2026,3.0,4,2,2.0,0.0,2,Unfurnished,Independent House,11.7,1.1,0.0,5,6.0,4,4275,17692000
Hyderabad,Madhapur,4,2114,4.0,5,2,2.0,2.0,31,Fully-Furnished,Apartment,4.2,5.0,8.0,0,9.0,3,11319,15842000
Pune,Baner,3,1990,4.0,3,1,1.0,2.0,34,Semi-Furnished,Independent House,3.9,4.3,5.0,3,6.0,10,4424,15734000
Hyderabad,Gachibowli,2,1569,2.0,15,6,3.0,2.0,28,Semi-Furnished,Independent House,15.5,0.2,1.0,2,5.0,6,7328,9661000
Kolkata,Salt Lake,2,1695,2.0,8,2,1.0,2.0,23,Unfurnished,Apartment,11.6,3.0,7.0,1,4.0,3,8804,9470000
Visakhapatnam,Gajuwaka,5,2638,6.0,3,2,1.0,1.0,8,Semi-Furnished,Independent House,12.4,2.3,1.0,6,6.0,8,8860,15150000
Ahmedabad,Prahlad Nagar,3,1589,2.0,6,3,0.0,2.0,3,Semi-Furnished,Apartment,1.1,3.5,1.0,7,1.0,9,7570,10686000
Delhi,Pitampura,4,2388,3.0,2,2,2.0,3.0,24,Semi-Furnished,Apartment,11.6,2.2,1.0,7,7.0,9,5144,24398000
Chennai,Anna Nagar,3,1704,3.0,6,5,1.0,1.0,3,Semi-Furnished,Independent House,4.1,2.5,0.0,4,10.0,4,6065,15170000
Mumbai,Andheri,1,975,1.0,6,4,2.0,1.0,1,Semi-Furnished,Apartment,5.3,2.1,7.0,0,2.0,9,2413,18188000
Delhi,Vasant Kunj,1,781,1.0,5,3,1.0,1.0,36,Fully-Furnished,Apartment,10.4,2.6,8.0,4,1.0,9,3036,7887000
Bengaluru,Koramangala,3,1304,4.0,6,1,1.0,2.0,31,Semi-Furnished,Apartment,6.7,1.8,4.0,0,3.0,1,3603,11191000
Chennai,Anna Nagar,5,2539,5.0,7,3,1.0,3.0,40,Unfurnished,Independent House,3.2,2.0,5.0,0,4.0,9,12955,17760000
Visakhapatnam,Seethammadhara,3,1576,4.0,4,3,0.0,2.0,35,Unfurnished,Apartment,3.4,1.7,5.0,5,9.0,6,7028,8426000
Bengaluru,Indiranagar,4,2173,5.0,15,9,2.0,1.0,29,Unfurnished,Apartment,8.1,4.9,9.0,7,8.0,1,10091,19774000
Kolkata,New Town,1,1025,2.0,8,7,3.0,1.0,32,Fully-Furnished,Independent House,4.8,0.4,8.0,6,10.0,9,4750,7994000
Kolkata,New Town,4,2602,4.0,2,2,1.0,2.0,31,Unfurnished,Independent House,8.6,2.4,0.0,7,9.0,6,6672,15278000
Hyderabad,Kukatpally,3,2075,2.0,4,4,2.0,1.0,13,Semi-Furnished,Apartment,6.0,1.0,2.0,2,10.0,2,11263,15185000
Visakhapatnam,Seethammadhara,2,1593,2.0,8,6,1.0,2.0,31,Semi-Furnished,Apartment,6.1,3.6,9.0,0,2.0,4,5089,9002000
Chennai,Anna Nagar,3,1900,3.0,12,1,2.0,1.0,5,Fully-Furnished,Independent House,6.7,6.1,8.0,5,1.0,4,9434,15730000
Ahmedabad,Prahlad Nagar,2,1173,1.0,10,7,1.0,3.0,30,Unfurnished,Villa,8.0,2.7,3.0,2,10.0,9,4268,7691000
Hyderabad,Kukatpally,3,1873,2.0,10,6,1.0,1.0,26,Semi-Furnished,Apartment,3.7,1.6,5.0,5,5.0,8,9223,12778000
Pune,Viman Nagar,2,1253,2.0,15,14,,3.0,39,Unfurnished,Villa,6.7,2.8,9.0,4,9.0,4,3679,10386000
Ahmedabad,Prahlad Nagar,3,1938,3.0,10,10,1.0,1.0,14,Unfurnished,Apartment,5.6,0.3,6.0,7,5.0,3,5557,12786000
Mumbai,Navi Mumbai,3,2089,3.0,15,8,1.0,0.0,31,Unfurnished,Villa,5.4,6.8,5.0,2,2.0,6,12504,31263000
Kolkata,Ballygunge,3,1695,3.0,6,4,2.0,2.0,13,Unfurnished,Apartment,5.1,2.5,4.0,6,2.0,10,10119,10048000
Delhi,Saket,3,1911,2.0,4,2,3.0,1.0,38,Semi-Furnished,Villa,11.7,6.3,4.0,2,6.0,9,4989,17625000
Vijayawada,Benz Circle,4,2223,3.0,10,3,2.0,1.0,27,Semi-Furnished,Villa,3.5,4.3,5.0,2,1.0,10,5369,13080000
Mumbai,Bandra,3,2206,4.0,15,4,0.0,2.0,11,Fully-Furnished,Apartment,4.4,2.2,3.0,1,10.0,8,13232,37601000
Bengaluru,Whitefield,4,2149,3.0,12,3,2.0,2.0,33,Semi-Furnished,Independent House,10.6,0.8,3.0,1,2.0,2,7373,18672000
Chennai,Anna Nagar,2,1111,2.0,6,3,1.0,2.0,33,Fully-Furnished,Apartment,4.9,1.1,10.0,5,7.0,4,2290,9808000
Delhi,Saket,3,1733,3.0,15,7,1.0,0.0,35,Semi-Furnished,Apartment,13.6,3.0,10.0,2,6.0,7,5401,15002000
Visakhapatnam,Madhurawada,5,2396,5.0,8,8,1.0,2.0,18,Semi-Furnished,Apartment,5.6,1.5,7.0,1,8.0,2,13301,15108000
Chennai,T Nagar,3,1868,3.0,12,4,0.0,3.0,0,Unfurnished,Apartment,3.2,0.5,2.0,5,9.0,5,10350,14651000
Mumbai,Powai,2,1848,3.0,2,2,1.0,0.0,34,Semi-Furnished,Apartment,9.3,6.7,10.0,3,8.0,4,11038,27998000
Visakhapatnam,MVP Colony,4,2040,4.0,10,8,3.0,2.0,29,,Apartment,6.5,0.8,9.0,6,1.0,10,4608,9717000
Ahmedabad,Chandkheda,4,2198,4.0,4,3,1.0,1.0,20,Unfurnished,Apartment,4.4,2.2,3.0,1,9.0,3,8774,14498000
Visakhapatnam,Madhurawada,4,1937,4.0,15,3,2.0,2.0,13,Fully-Furnished,Apartment,5.0,2.5,4.0,7,10.0,3,5844,12262000
Chennai,T Nagar,3,1543,2.0,3,2,1.0,0.0,34,Fully-Furnished,Independent House,1.9,2.5,0.0,1,5.0,7,3292,12580000
Kolkata,Ballygunge,3,2052,4.0,12,5,1.0,3.0,8,Unfurnished,Apartment,3.0,3.0,7.0,1,1.0,2,4960,11767000
Kolkata,Salt Lake,2,1452,3.0,6,1,3.0,2.0,0,Semi-Furnished,Villa,1.2,2.9,7.0,5,5.0,7,5801,10309000
Hyderabad,Banjara Hills,1,944,2.0,4,3,2.0,2.0,32,Semi-Furnished,Independent House,5.1,1.2,6.0,2,2.0,4,3627,6356000
Hyderabad,Kukatpally,2,1489,2.0,15,13,3.0,2.0,12,Semi-Furnished,Villa,4.7,0.6,4.0,5,7.0,4,4117,9319000
Delhi,Rohini,4,2316,4.0,15,2,2.0,1.0,17,Semi-Furnished,Apartment,4.7,2.8,9.0,5,1.0,9,12731,23164000
Kolkata,Ballygunge,2,834,2.0,12,8,2.0,2.0,16,Unfurnished,Apartment,10.9,3.8,6.0,6,9.0,5,3674,5357000
Visakhapatnam,MVP Colony,4,2040,4.0,10,8,3.0,2.0,29,Unfurnished,Apartment,6.5,0.8,9.0,6,1.0,10,4608,9717000
Ahmedabad,Prahlad Nagar,2,1217,2.0,6,6,3.0,1.0,12,Semi-Furnished,Apartment,12.9,0.7,1.0,5,9.0,3,3910,8897000
Ahmedabad,Maninagar,3,1615,4.0,8,3,1.0,0.0,37,Fully-Furnished,Apartment,14.5,3.9,9.0,6,9.0,5,6568,11002000
Visakhapatnam,Gajuwaka,2,1572,2.0,8,7,2.0,1.0,14,Unfurnished,Apartment,14.4,1.3,1.0,1,8.0,9,4349,8715000
Hyderabad,Kondapur,3,1770,3.0,6,6,0.0,1.0,9,Fully-Furnished,Apartment,15.6,2.1,9.0,2,5.0,6,4346,14511000
Pune,Hinjewadi,4,2158,3.0,6,4,1.0,1.0,7,Fully-Furnished,Apartment,9.2,1.6,7.0,4,8.0,5,10507,19108000
Pune,Viman Nagar,3,1913,4.0,2,2,1.0,1.0,21,Fully-Furnished,Apartment,3.3,0.4,3.0,1,2.0,7,6758,17313000
Visakhapatnam,Dwaraka Nagar,5,3373,5.0,15,4,2.0,2.0,26,Fully-Furnished,Independent House,8.9,0.8,7.0,1,7.0,9,8225,21924000
Chennai,OMR,3,1922,3.0,15,9,1.0,1.0,0,Unfurnished,Villa,3.4,2.9,1.0,2,2.0,10,4328,15936000
Ahmedabad,Maninagar,2,1041,3.0,8,4,2.0,1.0,19,Fully-Furnished,Apartment,20.9,3.9,2.0,4,3.0,6,4830,6698000
Ahmedabad,Chandkheda,3,1867,2.0,10,10,2.0,0.0,11,Unfurnished,Apartment,3.6,2.8,5.0,4,7.0,5,5302,13750000
Vijayawada,Governorpet,2,1267,2.0,5,4,1.0,2.0,15,Semi-Furnished,Independent House,1.7,5.1,3.0,3,8.0,5,3498,7403000
Mumbai,Bandra,4,2312,4.0,5,5,1.0,1.0,3,Fully-Furnished,Apartment,4.9,1.9,4.0,7,2.0,6,8129,37911000
Ahmedabad,Chandkheda,3,2159,4.0,10,7,2.0,2.0,15,Fully-Furnished,Apartment,18.6,1.5,3.0,3,3.0,6,6445,15033000
Delhi,Rohini,4,2182,5.0,15,11,1.0,1.0,19,Unfurnished,Apartment,3.7,1.2,3.0,3,4.0,2,9200,20255000
Delhi,Saket,4,2301,4.0,12,9,0.0,3.0,18,Semi-Furnished,Apartment,8.5,0.9,2.0,6,2.0,4,12876,23019000
Delhi,Pitampura,1,984,2.0,10,10,1.0,0.0,18,Semi-Furnished,Independent House,9.8,7.3,2.0,6,3.0,8,4066,10878000
Vijayawada,Gunadala,5,2585,5.0,8,7,1.0,0.0,30,Fully-Furnished,Apartment,11.7,10.0,0.0,3,4.0,6,6245,16080000
Visakhapatnam,MVP Colony,2,1141,1.0,5,4,1.0,,4,Unfurnished,Villa,9.9,2.9,10.0,1,7.0,6,5421,6910000
Visakhapatnam,Rushikonda,2,1085,3.0,3,3,2.0,1.0,15,Unfurnished,Independent House,11.8,0.3,1.0,5,8.0,4,5591,6721000
Delhi,Mayur Vihar,3,1899,2.0,10,6,1.0,0.0,4,Unfurnished,Villa,5.6,0.8,5.0,7,1.0,7,9541,19238000
Delhi,Saket,3,1776,3.0,5,5,1.0,2.0,14,Fully-Furnished,Apartment,5.1,15.0,8.0,7,1.0,2,6531,17743000
Delhi,Saket,4,2268,4.0,12,2,0.0,1.0,34,Semi-Furnished,Apartment,8.4,6.0,8.0,3,8.0,10,5507,21791000
Chennai,Porur,3,1786,3.0,4,3,2.0,1.0,28,Unfurnished,Apartment,10.2,1.9,7.0,7,6.0,5,7779,12695000
Kolkata,Behala,3,1716,2.0,5,1,1.0,1.0,0,Semi-Furnished,Independent House,2.4,0.2,4.0,4,1.0,8,8315,10839000
Ahmedabad,Chandkheda,2,1041,2.0,6,3,1.0,0.0,38,Unfurnished,Villa,7.9,1.7,10.0,2,7.0,6,5501,6025000
Pune,Baner,3,1546,3.0,7,6,1.0,3.0,21,Unfurnished,Independent House,7.4,4.6,2.0,4,4.0,7,6277,10405000
Mumbai,Navi Mumbai,2,1122,2.0,5,4,3.0,2.0,10,Unfurnished,Apartment,3.1,1.5,10.0,2,8.0,1,2801,17810000
Hyderabad,Kondapur,3,1758,3.0,4,3,3.0,2.0,35,Fully-Furnished,Independent House,3.5,0.2,6.0,1,6.0,10,8013,12635000
Kolkata,Behala,4,2156,5.0,15,9,2.0,2.0,1,Fully-Furnished,Apartment,5.4,7.3,2.0,7,2.0,9,11332,15949000
Mumbai,Bandra,2,1439,3.0,5,2,2.0,1.0,37,Unfurnished,Apartment,16.9,1.8,4.0,2,9.0,3,3569,20490000
Ahmedabad,Vastrapur,3,1842,3.0,4,1,2.0,2.0,36,Semi-Furnished,Apartment,10.2,1.9,2.0,5,8.0,3,5558,12064000
Mumbai,Borivali,3,1813,4.0,3,1,1.0,1.0,9,Semi-Furnished,Apartment,15.1,1.7,5.0,6,7.0,4,9570,28969000
Chennai,Velachery,3,1598,3.0,12,1,1.0,2.0,28,Semi-Furnished,Apartment,11.4,4.6,10.0,5,7.0,5,3833,12180000
Kolkata,Rajarhat,3,1457,2.0,3,1,2.0,2.0,19,Unfurnished,Independent House,1.7,3.4,9.0,0,1.0,4,6648,9588000
Mumbai,Borivali,3,1131,4.0,8,6,1.0,1.0,17,Semi-Furnished,Apartment,12.6,2.2,2.0,7,5.0,6,2661,17798000
Delhi,Mayur Vihar,1,632,2.0,4,2,2.0,2.0,31,Unfurnished,Independent House,4.0,1.8,0.0,2,8.0,9,3006,6173000
Ahmedabad,Satellite,4,2003,4.0,8,6,0.0,1.0,35,Fully-Furnished,Independent House,8.4,3.4,3.0,2,5.0,10,11199,13554000
Kolkata,New Town,2,1444,2.0,4,4,1.0,0.0,25,Unfurnished,Apartment,11.8,4.2,10.0,4,2.0,1,6471,8097000
Vijayawada,Patamata,2,1587,1.0,6,1,0.0,2.0,25,Semi-Furnished,Apartment,6.4,1.7,1.0,1,2.0,2,8123,6685000
Pune,Hinjewadi,2,1444,1.0,10,4,2.0,2.0,22,Fully-Furnished,Independent House,6.3,2.7,10.0,6,8.0,1,8055,13313000
Hyderabad,Madhapur,2,1469,1.0,7,3,0.0,3.0,15,Semi-Furnished,Apartment,3.8,6.2,9.0,4,4.0,2,7323,10928000
Visakhapatnam,Rushikonda,4,2243,5.0,10,5,1.0,2.0,16,Fully-Furnished,Apartment,6.1,3.2,1.0,3,10.0,5,12200,13827000
Chennai,T Nagar,5,2692,4.0,8,7,2.0,1.0,31,Semi-Furnished,Apartment,6.6,4.4,4.0,5,10.0,5,5506,22159000
Pune,Hadapsar,2,1267,1.0,3,3,2.0,2.0,12,Semi-Furnished,Apartment,17.1,3.9,9.0,2,4.0,4,7381,9548000
Bengaluru,Koramangala,3,2170,4.0,5,5,3.0,1.0,6,Fully-Furnished,Independent House,1.8,0.3,4.0,4,1.0,6,5081,21267000
Pune,Kharadi,4,2249,4.0,5,4,1.0,3.0,40,Fully-Furnished,Apartment,2.6,4.2,1.0,0,2.0,4,12087,19952000
Mumbai,Bandra,4,2516,4.0,7,7,2.0,2.0,17,Unfurnished,Villa,5.1,11.4,2.0,5,8.0,7,7474,38531000
Visakhapatnam,Gajuwaka,3,1859,3.0,10,6,1.0,1.0,3,Semi-Furnished,Apartment,16.9,2.4,4.0,7,2.0,3,6892,11457000
Vijayawada,Governorpet,2,1560,2.0,15,9,2.0,2.0,34,Fully-Furnished,Independent House,11.4,6.8,1.0,0,5.0,4,3633,7107000
Ahmedabad,Vastrapur,2,1163,3.0,6,1,1.0,0.0,9,Semi-Furnished,Apartment,5.0,2.8,1.0,2,7.0,1,2330,8246000
Ahmedabad,Bodakdev,4,2116,5.0,2,2,1.0,1.0,10,Unfurnished,Independent House,12.7,9.5,4.0,0,9.0,6,6007,13598000
Mumbai,Thane,4,2226,4.0,7,2,1.0,0.0,26,Semi-Furnished,Apartment,12.5,2.8,8.0,4,8.0,8,10349,35583000
Delhi,Rohini,4,2318,4.0,7,3,2.0,1.0,40,Fully-Furnished,Apartment,3.3,6.6,2.0,5,7.0,5,13757,23652000
Mumbai,Thane,2,1223,3.0,7,5,3.0,2.0,19,Unfurnished,Apartment,4.5,3.1,10.0,3,6.0,10,5111,19769000
Hyderabad,Gachibowli,2,1573,2.0,3,1,3.0,0.0,20,Semi-Furnished,Apartment,16.3,3.5,9.0,4,3.0,4,6698,11565000
Hyderabad,Madhapur,2,1582,1.0,4,3,2.0,1.0,22,Semi-Furnished,Apartment,7.3,2.1,0.0,7,1.0,3,7016,11115000
Ahmedabad,Bodakdev,4,1785,3.0,7,3,0.0,2.0,19,Semi-Furnished,Independent House,8.3,2.2,4.0,5,5.0,5,7082,11573000
Hyderabad,Gachibowli,2,1759,2.0,7,2,1.0,2.0,15,Unfurnished,Apartment,5.3,0.4,0.0,5,4.0,6,10146,12477000
Delhi,Rohini,2,1330,2.0,7,4,2.0,1.0,30,Semi-Furnished,Apartment,7.8,4.1,1.0,5,1.0,4,3090,11506000
Pune,Baner,3,1913,4.0,15,10,2.0,3.0,27,Semi-Furnished,Apartment,3.0,2.3,4.0,2,2.0,4,9817,16717000
Hyderabad,Kondapur,3,1753,2.0,4,2,0.0,0.0,26,Unfurnished,Apartment,1.5,3.0,1.0,1,2.0,6,3690,10754000
Chennai,T Nagar,3,2078,4.0,6,6,2.0,3.0,23,Fully-Furnished,Apartment,2.3,4.2,5.0,5,8.0,7,7867,17131000
Chennai,Porur,4,2501,5.0,10,1,2.0,2.0,12,Fully-Furnished,Villa,3.8,12.6,0.0,1,7.0,5,7802,20968000
Chennai,Adyar,4,2233,4.0,12,9,1.0,1.0,11,Fully-Furnished,Independent House,1.4,2.7,0.0,1,3.0,10,9580,19246000
Hyderabad,Kondapur,5,2751,5.0,2,1,1.0,1.0,20,Semi-Furnished,Apartment,4.6,0.2,1.0,6,8.0,6,9157,20745000
Chennai,Anna Nagar,3,1714,4.0,2,1,3.0,1.0,13,Unfurnished,Apartment,8.1,5.9,0.0,7,10.0,10,9149,13100000
Kolkata,Dum Dum,4,2317,3.0,8,6,2.0,2.0,22,Unfurnished,Apartment,5.6,4.1,9.0,1,9.0,5,7142,14019000
Pune,Wakad,3,1813,3.0,7,2,2.0,1.0,11,Unfurnished,Apartment,7.7,3.7,6.0,5,7.0,10,3713,14718000
Pune,Hinjewadi,3,1874,,4,4,2.0,1.0,15,Unfurnished,Apartment,2.9,8.2,8.0,2,9.0,5,9675,16083000
Mumbai,Navi Mumbai,4,2056,4.0,6,3,1.0,1.0,25,Unfurnished,Apartment,8.1,1.6,0.0,1,6.0,4,5134,30736000
Mumbai,Powai,3,1779,3.0,6,6,1.0,1.0,37,Semi-Furnished,Apartment,6.8,10.2,,6,2.0,6,7166,28115000
Chennai,Porur,3,1512,4.0,5,1,1.0,0.0,39,Fully-Furnished,Apartment,5.7,8.3,10.0,3,1.0,10,6519,12460000
Hyderabad,Miyapur,3,1470,4.0,15,11,1.0,2.0,16,Fully-Furnished,Apartment,15.8,4.1,0.0,6,2.0,4,4232,12263000
Hyderabad,Miyapur,4,2034,4.0,7,7,1.0,2.0,2,Fully-Furnished,Apartment,6.8,7.9,5.0,2,7.0,9,4142,18712000
Vijayawada,Benz Circle,3,1664,3.0,15,11,3.0,1.0,0,Semi-Furnished,Apartment,13.2,10.9,3.0,5,6.0,5,4709,9944000
Kolkata,Salt Lake,3,1906,4.0,6,6,0.0,2.0,24,Semi-Furnished,Independent House,4.7,8.3,7.0,5,2.0,2,9356,12208000
Delhi,Saket,2,1775,2.0,8,3,2.0,1.0,15,Semi-Furnished,Apartment,5.5,5.7,5.0,0,10.0,8,10336,17030000
Mumbai,Powai,4,2005,3.0,10,6,1.0,0.0,9,Semi-Furnished,Independent House,5.9,3.2,3.0,3,3.0,6,4342,33273000
Delhi,Dwarka,3,1896,2.0,6,2,1.0,1.0,23,Fully-Furnished,Independent House,5.1,2.4,2.0,2,5.0,9,8565,20450000
Bengaluru,Indiranagar,3,1674,4.0,7,7,2.0,1.0,31,Unfurnished,Villa,7.0,3.1,7.0,5,1.0,5,5255,14817000
Vijayawada,Gunadala,2,1304,2.0,7,5,2.0,1.0,18,Fully-Furnished,Apartment,9.4,9.1,6.0,4,2.0,7,3918,6829000
Delhi,Dwarka,1,1128,1.0,7,2,1.0,2.0,7,Semi-Furnished,Independent House,2.8,1.3,8.0,6,2.0,1,5859,12042000
Chennai,Porur,2,1558,1.0,6,3,1.0,2.0,25,Semi-Furnished,Apartment,2.3,9.0,6.0,5,5.0,4,4823,12927000
Bengaluru,Koramangala,2,1432,2.0,10,4,2.0,3.0,11,Fully-Furnished,Apartment,5.2,4.1,2.0,1,8.0,10,4348,13971000
Hyderabad,Banjara Hills,2,1229,2.0,5,4,3.0,1.0,33,Unfurnished,Villa,4.1,6.5,3.0,7,5.0,3,5768,7700000
Visakhapatnam,Rushikonda,2,1075,2.0,3,3,,1.0,22,Fully-Furnished,Independent House,1.6,1.9,9.0,1,,10,4948,7093000
Pune,Wakad,1,854,1.0,3,1,1.0,1.0,26,Unfurnished,Apartment,4.6,9.8,1.0,4,9.0,8,2327,6325000
Vijayawada,Governorpet,3,1965,3.0,12,4,1.0,2.0,40,Fully-Furnished,Apartment,5.4,6.9,10.0,5,5.0,3,6611,11196000
Hyderabad,Miyapur,2,1071,2.0,4,4,2.0,1.0,39,Fully-Furnished,Apartment,11.9,1.8,7.0,3,7.0,3,5623,6635000
Ahmedabad,Prahlad Nagar,3,2321,2.0,5,2,1.0,2.0,11,Semi-Furnished,Apartment,6.3,6.9,9.0,2,3.0,1,6687,15664000
Hyderabad,Kukatpally,3,1709,4.0,8,6,1.0,1.0,36,Semi-Furnished,Villa,10.9,2.4,9.0,6,7.0,6,6794,12854000
Hyderabad,Banjara Hills,2,1222,2.0,3,1,1.0,0.0,23,Semi-Furnished,Villa,1.7,3.7,8.0,1,1.0,7,4525,7979000
Vijayawada,Benz Circle,3,1905,2.0,3,1,1.0,2.0,11,Semi-Furnished,Apartment,4.1,2.4,0.0,6,10.0,3,4809,10659000
Mumbai,Thane,4,2418,4.0,6,1,2.0,1.0,10,Semi-Furnished,Villa,8.9,2.7,10.0,4,4.0,1,13944,36832000
Pune,Viman Nagar,2,1053,1.0,5,1,2.0,1.0,3,Fully-Furnished,Apartment,15.1,1.0,4.0,0,9.0,1,5823,9723000
Mumbai,Andheri,3,1826,2.0,7,4,2.0,2.0,15,Fully-Furnished,Apartment,12.2,5.6,9.0,0,3.0,3,10942,30892000
Delhi,Vasant Kunj,3,1712,3.0,10,4,2.0,1.0,3,Semi-Furnished,Apartment,2.8,2.1,7.0,4,4.0,3,4103,20649000
Visakhapatnam,Madhurawada,3,1864,2.0,2,2,1.0,3.0,4,Semi-Furnished,Independent House,11.1,2.2,7.0,7,2.0,7,4923,11640000
Hyderabad,Kondapur,3,1731,3.0,8,3,3.0,3.0,8,Fully-Furnished,Apartment,6.4,2.1,0.0,1,5.0,9,5978,15035000
Kolkata,New Town,2,1355,2.0,8,7,1.0,1.0,19,Semi-Furnished,Apartment,6.0,1.2,10.0,6,2.0,10,7310,9008000
Mumbai,Borivali,3,2047,3.0,3,1,2.0,1.0,13,Fully-Furnished,Apartment,8.3,6.2,4.0,0,4.0,4,8567,31829000
Vijayawada,Patamata,4,2554,4.0,12,2,2.0,2.0,38,Unfurnished,Independent House,6.6,0.5,4.0,3,10.0,10,5184,12185000
Pune,Wakad,4,2149,5.0,2,1,1.0,2.0,34,Semi-Furnished,Apartment,8.4,0.4,3.0,5,1.0,3,9920,16811000
Pune,Baner,3,1723,2.0,5,4,1.0,1.0,15,Unfurnished,Apartment,3.0,1.0,10.0,4,1.0,9,9810,14905000
Delhi,Rohini,3,1779,2.0,8,2,2.0,1.0,36,Semi-Furnished,Apartment,13.8,1.5,3.0,5,1.0,7,6943,17623000
Visakhapatnam,Rushikonda,3,1901,3.0,12,9,2.0,1.0,35,Semi-Furnished,Apartment,3.9,1.5,3.0,4,5.0,1,4556,10357000
Visakhapatnam,Rushikonda,2,1288,3.0,4,3,0.0,0.0,35,Semi-Furnished,Independent House,2.9,1.6,8.0,0,2.0,1,3754,6307000
Pune,Hadapsar,4,2316,3.0,3,2,0.0,1.0,6,Fully-Furnished,Independent House,3.7,4.3,2.0,4,7.0,8,4946,21349000
Bengaluru,HSR Layout,4,1951,4.0,12,9,1.0,1.0,1,Semi-Furnished,Apartment,19.5,2.3,3.0,7,1.0,7,9292,17682000
Chennai,Adyar,2,1228,1.0,10,1,2.0,0.0,20,Fully-Furnished,Apartment,3.0,0.6,5.0,3,6.0,6,4392,10109000
Vijayawada,Patamata,2,1567,2.0,4,3,1.0,1.0,27,Semi-Furnished,Apartment,12.0,2.3,3.0,5,2.0,8,4932,6857000
Bengaluru,Yelahanka,1,683,1.0,2,2,1.0,3.0,40,,Apartment,3.0,2.5,8.0,2,7.0,4,1824,4912000
Hyderabad,Kukatpally,2,1297,1.0,6,5,2.0,3.0,38,Unfurnished,Apartment,9.3,7.5,1.0,5,8.0,8,4743,7805000
Vijayawada,Poranki,2,1371,2.0,12,11,2.0,1.0,29,Semi-Furnished,Villa,7.7,8.3,2.0,0,3.0,8,6697,6923000
Delhi,Mayur Vihar,3,1965,2.0,5,4,2.0,1.0,24,Unfurnished,Apartment,6.2,1.5,5.0,7,2.0,3,6452,17246000
Pune,Baner,4,2066,4.0,5,3,1.0,1.0,30,Unfurnished,Independent House,1.3,6.2,6.0,2,6.0,6,11230,16022000
Kolkata,Rajarhat,3,1798,3.0,10,6,2.0,2.0,27,Semi-Furnished,Apartment,19.5,5.1,3.0,4,6.0,4,5269,10818000
Ahmedabad,Prahlad Nagar,3,1812,3.0,15,11,2.0,1.0,25,Fully-Furnished,Villa,6.1,6.2,7.0,5,2.0,3,7071,12584000
Delhi,Mayur Vihar,3,1747,2.0,7,4,1.0,2.0,36,Semi-Furnished,Independent House,6.9,3.1,4.0,6,2.0,10,10308,15024000
Bengaluru,Yelahanka,5,2529,4.0,6,6,1.0,1.0,23,Unfurnished,Apartment,1.7,0.6,6.0,7,8.0,9,8863,24413000
Chennai,Porur,3,1530,2.0,15,12,1.0,0.0,29,Semi-Furnished,Apartment,9.2,2.5,8.0,7,7.0,5,5017,11239000
Pune,Baner,2,1261,1.0,7,7,1.0,1.0,26,Fully-Furnished,Apartment,2.8,6.1,8.0,0,4.0,8,6494,11334000
Bengaluru,Yelahanka,2,1317,3.0,3,1,0.0,1.0,23,Fully-Furnished,Independent House,4.9,1.0,10.0,6,5.0,6,2913,13730000
Vijayawada,Patamata,3,1898,3.0,10,1,2.0,0.0,27,Fully-Furnished,Apartment,1.7,2.8,1.0,7,3.0,7,9134,10164000
Mumbai,Powai,3,1568,2.0,8,8,0.0,2.0,6,Unfurnished,Apartment,2.9,1.8,5.0,6,10.0,4,6645,26176000
Vijayawada,Benz Circle,4,2379,4.0,12,11,1.0,1.0,33,Semi-Furnished,Villa,2.2,1.3,5.0,6,6.0,7,5577,13416000
Chennai,Velachery,4,2169,3.0,2,2,1.0,1.0,38,Semi-Furnished,Apartment,4.0,2.2,5.0,2,2.0,9,5840,17356000
Ahmedabad,Chandkheda,4,2326,5.0,8,2,0.0,0.0,27,Unfurnished,Independent House,7.6,4.7,10.0,4,6.0,2,9831,14585000
Kolkata,Ballygunge,2,1512,2.0,2,1,2.0,3.0,24,Semi-Furnished,Independent House,6.6,6.0,1.0,0,2.0,10,6494,9551000
Bengaluru,HSR Layout,4,2348,4.0,10,4,2.0,0.0,21,Fully-Furnished,Apartment,7.5,0.9,6.0,7,9.0,10,7650,23761000
Delhi,Pitampura,5,2290,6.0,8,3,1.0,2.0,20,Semi-Furnished,Independent House,3.1,0.6,4.0,7,5.0,4,4783,22417000
Kolkata,Behala,3,1541,3.0,6,5,0.0,1.0,9,Semi-Furnished,Apartment,7.3,1.7,2.0,4,10.0,5,5250,11138000
Vijayawada,Benz Circle,2,1271,2.0,4,2,1.0,1.0,9,Semi-Furnished,Apartment,14.1,9.9,0.0,4,3.0,6,6183,7034000
Delhi,Saket,3,1709,2.0,6,2,2.0,1.0,38,Unfurnished,Apartment,5.4,1.7,3.0,1,8.0,5,5962,15110000
Delhi,Rohini,3,1470,3.0,3,3,2.0,1.0,23,Unfurnished,Apartment,17.7,5.5,2.0,7,8.0,2,6468,14300000
Vijayawada,Moghalrajpuram,2,1253,3.0,5,3,1.0,1.0,5,Unfurnished,Apartment,12.6,3.1,8.0,2,7.0,10,5664,6561000
Hyderabad,Banjara Hills,3,1816,4.0,6,2,2.0,1.0,11,Fully-Furnished,Apartment,10.3,1.7,7.0,3,10.0,10,3892,15255000
Ahmedabad,Bodakdev,3,1633,4.0,10,6,2.0,0.0,23,Fully-Furnished,Apartment,9.4,1.3,2.0,1,10.0,9,9771,10938000
Chennai,Adyar,3,2077,3.0,7,2,2.0,1.0,22,Semi-Furnished,Villa,16.2,0.8,7.0,5,4.0,3,7690,15837000
Mumbai,Navi Mumbai,4,2341,3.0,8,5,2.0,2.0,2,Semi-Furnished,Independent House,7.8,2.6,5.0,0,2.0,3,5411,37737000
Mumbai,Andheri,3,1927,3.0,7,3,1.0,1.0,22,Semi-Furnished,Apartment,13.3,1.4,6.0,3,8.0,7,6764,29502000
Vijayawada,Benz Circle,4,1776,4.0,8,1,2.0,2.0,20,Unfurnished,Apartment,9.3,1.6,6.0,7,10.0,8,8200,9300000
Kolkata,Rajarhat,4,2252,4.0,6,1,2.0,2.0,13,Unfurnished,Apartment,11.3,4.8,6.0,2,9.0,5,4660,14887000
Pune,Hinjewadi,1,1197,2.0,10,1,3.0,1.0,37,Semi-Furnished,Independent House,2.0,5.8,0.0,1,2.0,5,2577,7434000
Ahmedabad,Satellite,3,1799,2.0,2,2,1.0,1.0,31,Semi-Furnished,Apartment,10.8,2.1,8.0,0,8.0,4,5887,12073000
Chennai,T Nagar,2,1833,2.0,6,3,1.0,2.0,25,Fully-Furnished,Apartment,2.7,7.6,4.0,0,6.0,10,9104,15827000
Vijayawada,Poranki,2,1752,3.0,6,6,3.0,2.0,19,Semi-Furnished,Apartment,5.8,11.9,8.0,6,9.0,3,7403,9215000
Delhi,Mayur Vihar,5,2747,5.0,2,2,3.0,3.0,26,Fully-Furnished,Independent House,9.4,0.5,4.0,0,9.0,7,9924,28156000
Chennai,OMR,3,1870,2.0,2,2,2.0,1.0,8,Unfurnished,Apartment,7.2,4.1,2.0,6,5.0,3,9296,13143000
Hyderabad,Gachibowli,4,2483,4.0,5,4,2.0,1.0,36,Fully-Furnished,Apartment,6.7,4.4,1.0,3,1.0,5,11000,18456000
Vijayawada,Benz Circle,2,1516,1.0,10,3,2.0,0.0,1,Unfurnished,Independent House,5.1,4.7,8.0,2,3.0,4,5478,7558000
Pune,Wakad,5,2724,5.0,5,1,1.0,1.0,34,Semi-Furnished,Villa,7.4,2.1,8.0,5,7.0,9,12760,22344000
Hyderabad,Gachibowli,3,1990,4.0,5,3,1.0,1.0,31,Fully-Furnished,Apartment,7.1,1.5,2.0,1,9.0,5,10825,15439000
Pune,Kharadi,4,2354,3.0,8,2,1.0,1.0,9,Semi-Furnished,Independent House,8.0,7.0,7.0,1,9.0,2,10761,19739000
Bengaluru,Electronic City,5,2748,6.0,3,1,0.0,1.0,10,Semi-Furnished,Apartment,1.5,3.4,9.0,3,2.0,4,15857,25460000
Vijayawada,Benz Circle,2,1450,2.0,5,5,1.0,2.0,10,Unfurnished,Apartment,1.2,3.2,5.0,1,1.0,7,4559,7277000
Mumbai,Thane,2,1105,2.0,4,2,0.0,2.0,15,Fully-Furnished,Apartment,5.0,5.6,5.0,1,10.0,1,5268,18892000
Delhi,Vasant Kunj,3,1852,2.0,12,6,1.0,1.0,15,Unfurnished,Apartment,5.0,4.6,5.0,4,10.0,9,9513,19424000
Visakhapatnam,Rushikonda,2,1361,3.0,5,2,2.0,2.0,36,Unfurnished,Independent House,8.8,4.5,10.0,6,6.0,2,4451,5608000
Kolkata,Ballygunge,2,1182,2.0,15,3,2.0,2.0,35,Unfurnished,Apartment,12.5,2.1,4.0,5,6.0,10,5283,6073000
Kolkata,Salt Lake,2,1753,2.0,5,4,1.0,1.0,23,Semi-Furnished,Apartment,5.0,1.6,1.0,7,2.0,9,5119,11721000
Pune,Baner,3,2037,3.0,8,3,1.0,1.0,34,Semi-Furnished,Apartment,16.9,6.2,5.0,4,4.0,7,7246,15529000
Kolkata,Dum Dum,4,2419,5.0,12,7,3.0,1.0,21,Semi-Furnished,Apartment,2.3,13.2,10.0,3,10.0,2,5283,14836000
Bengaluru,HSR Layout,3,1952,3.0,5,3,2.0,1.0,18,Semi-Furnished,Independent House,2.6,0.5,7.0,1,9.0,7,9030,19266000
Ahmedabad,Satellite,3,2029,3.0,8,5,2.0,2.0,3,Semi-Furnished,Apartment,4.9,4.9,10.0,4,1.0,8,4845,15347000
Ahmedabad,Vastrapur,3,1659,3.0,6,5,3.0,1.0,1,Semi-Furnished,Apartment,6.5,1.1,9.0,0,7.0,1,4057,11661000
Visakhapatnam,Gajuwaka,3,1776,3.0,2,2,1.0,0.0,40,Fully-Furnished,Independent House,7.5,6.4,5.0,3,10.0,3,9787,10607000
Hyderabad,Banjara Hills,3,1752,2.0,3,2,1.0,1.0,26,Unfurnished,Apartment,4.7,3.4,1.0,5,6.0,3,6841,10474000
Bengaluru,Indiranagar,3,1476,3.0,8,7,1.0,2.0,33,Semi-Furnished,Apartment,15.8,4.1,5.0,2,3.0,5,4955,12511000
Bengaluru,Koramangala,3,1510,3.0,12,8,1.0,1.0,16,Semi-Furnished,Apartment,8.2,2.5,0.0,2,3.0,5,4339,14128000
Ahmedabad,Bodakdev,3,1982,3.0,10,2,1.0,2.0,8,Unfurnished,Villa,1.2,2.7,0.0,1,4.0,5,5193,13513000
Hyderabad,Madhapur,2,1462,2.0,8,5,3.0,2.0,8,Semi-Furnished,Apartment,22.1,0.4,0.0,7,1.0,3,7752,10295000
Delhi,Saket,2,1361,2.0,6,4,2.0,1.0,35,Unfurnished,Apartment,5.9,0.8,10.0,0,10.0,1,4132,12022000
Kolkata,Ballygunge,3,1635,3.0,2,2,1.0,0.0,18,Semi-Furnished,Independent House,5.7,4.1,4.0,1,6.0,9,9698,10875000
Ahmedabad,Satellite,1,1236,,7,7,2.0,1.0,9,Fully-Furnished,Villa,8.8,1.0,,2,4.0,3,6226,9439000
Ahmedabad,Bodakdev,2,1417,2.0,4,4,2.0,1.0,0,Fully-Furnished,Independent House,8.8,4.8,0.0,3,4.0,3,3544,11544000
Ahmedabad,Bodakdev,3,1480,2.0,12,8,2.0,2.0,36,Fully-Furnished,Apartment,6.0,3.0,3.0,3,9.0,1,8576,10142000
Ahmedabad,Maninagar,3,1632,4.0,4,1,1.0,2.0,26,Unfurnished,Apartment,9.1,4.2,9.0,5,8.0,9,5529,9674000
Visakhapatnam,Dwaraka Nagar,4,2492,4.0,12,5,2.0,1.0,7,Fully-Furnished,Apartment,13.3,1.5,10.0,0,2.0,4,7725,16823000
Delhi,Vasant Kunj,3,1757,4.0,3,3,1.0,0.0,18,Semi-Furnished,Apartment,2.2,12.9,5.0,1,5.0,10,3529,16976000
Bengaluru,Koramangala,3,2100,2.0,10,3,2.0,2.0,25,Semi-Furnished,Independent House,15.6,1.8,10.0,2,10.0,9,5952,19345000
Kolkata,Dum Dum,3,1790,2.0,4,1,2.0,1.0,28,Semi-Furnished,Villa,8.9,4.5,8.0,2,1.0,6,9477,9753000
Kolkata,New Town,3,1820,4.0,10,8,2.0,2.0,4,Fully-Furnished,Apartment,2.0,9.1,5.0,5,9.0,4,5605,13596000
Chennai,Anna Nagar,3,1820,3.0,15,11,0.0,2.0,20,Fully-Furnished,Apartment,4.7,7.8,5.0,7,2.0,10,10280,14965000
Delhi,Mayur Vihar,2,1332,3.0,8,4,1.0,1.0,10,Semi-Furnished,Apartment,12.5,3.7,5.0,3,1.0,9,4323,14019000
Mumbai,Navi Mumbai,3,1611,4.0,7,5,2.0,1.0,40,Fully-Furnished,Independent House,3.8,3.6,4.0,5,6.0,5,8467,25856000
Bengaluru,Indiranagar,2,1222,1.0,7,5,2.0,2.0,40,Unfurnished,Villa,1.5,2.2,8.0,1,7.0,9,6765,10780000
Vijayawada,Governorpet,2,1333,3.0,5,5,2.0,3.0,26,Semi-Furnished,Independent House,4.3,5.0,7.0,3,3.0,3,6195,7225000
Mumbai,Borivali,3,1492,2.0,10,8,2.0,2.0,3,Fully-Furnished,Independent House,2.2,2.6,4.0,1,2.0,8,5585,24408000
Pune,Kharadi,4,2119,5.0,7,6,2.0,2.0,40,Fully-Furnished,Apartment,3.4,5.9,6.0,6,1.0,10,9837,19205000
Chennai,Anna Nagar,3,1747,2.0,8,1,0.0,2.0,27,Semi-Furnished,Apartment,10.0,3.9,5.0,4,9.0,7,4914,13081000
Ahmedabad,Chandkheda,2,1106,1.0,8,6,1.0,1.0,21,Semi-Furnished,Independent House,2.3,5.4,9.0,4,9.0,9,3543,7379000
Hyderabad,Madhapur,4,2629,4.0,7,3,3.0,3.0,35,Semi-Furnished,Apartment,6.8,1.9,7.0,3,2.0,2,13543,20000000
Bengaluru,Indiranagar,3,1804,3.0,8,1,2.0,2.0,16,Fully-Furnished,Apartment,11.1,10.4,1.0,6,4.0,6,6007,17207000
Bengaluru,Koramangala,2,1582,2.0,10,6,2.0,2.0,11,Fully-Furnished,Independent House,6.6,3.5,10.0,7,3.0,3,6306,15085000
Chennai,Velachery,3,1670,3.0,12,7,1.0,0.0,0,Semi-Furnished,Apartment,1.5,1.4,1.0,3,2.0,7,7480,13798000
Delhi,Saket,3,1389,3.0,6,2,1.0,3.0,32,Fully-Furnished,Independent House,7.4,2.0,6.0,4,9.0,1,4228,14921000
Pune,Kharadi,3,1659,3.0,15,15,1.0,1.0,9,Semi-Furnished,Independent House,5.2,0.8,10.0,1,7.0,2,7142,14947000
Ahmedabad,Prahlad Nagar,3,1929,2.0,15,13,1.0,1.0,16,Semi-Furnished,Independent House,2.1,15.0,,0,6.0,5,6302,13517000
Chennai,Anna Nagar,2,1325,2.0,2,2,1.0,3.0,9,Semi-Furnished,Independent House,5.2,10.5,6.0,0,3.0,5,6989,11850000
Vijayawada,Patamata,3,1742,2.0,6,6,1.0,2.0,5,Unfurnished,Villa,4.3,2.2,1.0,2,9.0,3,9772,9810000
Ahmedabad,Satellite,3,1814,2.0,15,14,2.0,1.0,6,Unfurnished,Apartment,10.8,9.8,5.0,7,10.0,10,5161,12099000
Pune,Hadapsar,3,1390,4.0,10,3,1.0,2.0,32,Semi-Furnished,Independent House,12.0,2.9,5.0,0,8.0,4,3212,10311000
Kolkata,New Town,4,2140,4.0,2,1,2.0,3.0,20,Fully-Furnished,Independent House,18.2,5.1,4.0,1,1.0,2,8296,13521000
Bengaluru,Electronic City,3,1497,4.0,10,2,2.0,1.0,5,Semi-Furnished,Apartment,7.6,2.9,3.0,3,3.0,7,7686,15819000
Chennai,Velachery,2,1227,2.0,2,1,2.0,1.0,26,Semi-Furnished,Apartment,13.6,2.6,6.0,4,1.0,8,6686,9860000
Delhi,Mayur Vihar,3,1842,3.0,3,1,2.0,3.0,4,Semi-Furnished,Apartment,6.6,3.5,6.0,0,6.0,10,7818,19899000
Ahmedabad,Prahlad Nagar,3,1608,4.0,12,1,2.0,0.0,38,Semi-Furnished,Apartment,13.6,2.0,4.0,6,4.0,3,5136,8593000
Pune,Baner,2,1685,1.0,10,8,1.0,2.0,5,Unfurnished,Apartment,10.0,2.2,4.0,6,3.0,2,9943,14178000
Visakhapatnam,Dwaraka Nagar,4,2283,4.0,5,3,0.0,2.0,36,Fully-Furnished,Villa,11.0,6.8,4.0,0,6.0,10,7565,12653000
Mumbai,Navi Mumbai,3,1331,3.0,4,1,1.0,1.0,31,Semi-Furnished,Apartment,4.5,2.2,2.0,4,10.0,5,4578,20824000
Pune,Viman Nagar,3,1942,3.0,5,1,1.0,1.0,37,Semi-Furnished,Villa,9.6,4.2,0.0,1,2.0,5,10841,14987000
Vijayawada,Gunadala,4,2112,4.0,3,3,2.0,2.0,10,Semi-Furnished,Apartment,3.2,1.4,5.0,7,6.0,6,7422,14222000
Pune,Baner,4,2236,3.0,5,3,0.0,2.0,15,Unfurnished,Apartment,6.5,2.3,4.0,7,3.0,5,9503,17938000
Bengaluru,HSR Layout,4,2280,5.0,3,3,1.0,1.0,4,Unfurnished,Apartment,6.0,3.9,3.0,6,3.0,7,8511,20742000
Delhi,Vasant Kunj,3,2106,3.0,3,1,1.0,1.0,31,Unfurnished,Apartment,7.2,2.9,10.0,5,2.0,7,4945,18846000
Hyderabad,Gachibowli,2,1556,2.0,3,1,2.0,1.0,15,Semi-Furnished,Independent House,1.2,3.9,6.0,6,4.0,9,8990,12102000
Mumbai,Bandra,3,1694,3.0,10,9,1.0,0.0,20,Semi-Furnished,Villa,2.7,2.3,1.0,0,4.0,3,9583,26996000
Chennai,Anna Nagar,3,2059,4.0,7,1,1.0,1.0,4,Semi-Furnished,Apartment,6.3,6.1,8.0,4,10.0,2,5176,16906000
Pune,Wakad,2,1195,3.0,2,1,1.0,1.0,18,Fully-Furnished,Apartment,4.3,4.2,3.0,5,9.0,5,5805,11224000
Bengaluru,Indiranagar,3,1881,3.0,10,10,2.0,2.0,15,Fully-Furnished,Villa,10.1,4.4,0.0,7,2.0,6,5753,19584000
Mumbai,Bandra,2,1197,1.0,12,11,1.0,2.0,12,Fully-Furnished,Villa,5.1,5.5,10.0,5,3.0,8,4180,19931000
Mumbai,Bandra,3,1869,3.0,15,5,2.0,1.0,14,Fully-Furnished,Villa,8.9,3.2,0.0,2,2.0,10,8060,29570000
Ahmedabad,Maninagar,4,2425,4.0,5,1,1.0,1.0,37,Unfurnished,Apartment,5.0,4.3,5.0,2,8.0,4,7042,13450000
Pune,Hinjewadi,2,1270,3.0,2,1,1.0,2.0,16,Semi-Furnished,Villa,1.4,3.0,8.0,1,6.0,9,6994,12042000
Delhi,Rohini,2,1315,2.0,6,5,0.0,1.0,38,Fully-Furnished,Independent House,10.3,11.2,10.0,1,3.0,7,4245,11574000
Visakhapatnam,Rushikonda,2,1267,2.0,3,2,1.0,2.0,39,Fully-Furnished,Independent House,8.6,4.1,9.0,6,3.0,2,7256,7006000
Mumbai,Andheri,5,2849,6.0,10,5,1.0,2.0,22,Semi-Furnished,Apartment,3.1,0.6,9.0,5,4.0,1,13819,45724000
Pune,Hinjewadi,2,1519,2.0,12,8,1.0,1.0,17,Semi-Furnished,Independent House,3.7,2.1,1.0,2,9.0,9,3952,13480000
Pune,Kharadi,3,1823,3.0,12,2,0.0,1.0,39,Fully-Furnished,Apartment,6.1,1.6,2.0,7,1.0,1,6285,14402000
Ahmedabad,Vastrapur,3,1353,3.0,6,2,2.0,2.0,31,Semi-Furnished,Apartment,5.1,2.8,10.0,0,1.0,9,4139,8555000
Chennai,Velachery,3,1609,3.0,7,7,2.0,2.0,40,Unfurnished,Apartment,12.0,6.6,5.0,5,4.0,1,6092,10480000
Vijayawada,Governorpet,1,922,1.0,3,1,1.0,1.0,39,Semi-Furnished,Apartment,10.4,3.4,8.0,5,5.0,1,4954,3149000
Kolkata,Rajarhat,5,2689,6.0,3,2,1.0,2.0,33,Fully-Furnished,Apartment,3.4,2.7,9.0,5,6.0,2,7719,18665000
Pune,Baner,3,1997,3.0,8,6,0.0,1.0,13,Semi-Furnished,Apartment,3.3,8.0,9.0,4,9.0,4,7928,17772000
Kolkata,New Town,2,1250,2.0,4,1,2.0,2.0,19,Fully-Furnished,Apartment,5.0,0.7,9.0,6,7.0,3,7264,9449000
Vijayawada,Moghalrajpuram,2,1212,3.0,7,2,2.0,2.0,27,Semi-Furnished,Apartment,16.9,4.2,0.0,4,9.0,3,5755,5525000
Delhi,Saket,3,1836,3.0,12,4,1.0,1.0,26,Semi-Furnished,Apartment,2.6,4.2,8.0,6,3.0,1,4911,18214000
Vijayawada,Patamata,2,1246,1.0,2,1,1.0,1.0,13,Unfurnished,Independent House,4.8,2.8,7.0,5,8.0,10,5459,7064000
Mumbai,Thane,3,1731,4.0,3,2,1.0,3.0,6,Unfurnished,Apartment,10.2,4.6,10.0,1,1.0,10,5097,27750000
Bengaluru,HSR Layout,4,2408,3.0,7,3,2.0,1.0,14,Semi-Furnished,Apartment,3.4,11.5,6.0,0,3.0,3,5445,22134000
Visakhapatnam,MVP Colony,3,2036,4.0,2,2,2.0,1.0,9,Semi-Furnished,Apartment,7.6,15.0,4.0,0,5.0,10,4507,11521000
Pune,Wakad,2,1580,2.0,12,3,1.0,2.0,3,Fully-Furnished,Apartment,7.1,4.1,3.0,5,4.0,2,6052,13940000
Visakhapatnam,MVP Colony,5,2594,4.0,5,5,2.0,2.0,5,Semi-Furnished,Apartment,7.6,2.0,5.0,7,7.0,4,10715,17019000
Hyderabad,Gachibowli,2,1812,2.0,12,2,2.0,2.0,24,Unfurnished,Independent House,18.6,4.5,7.0,6,5.0,5,10014,11224000
Chennai,OMR,2,1528,3.0,15,3,0.0,2.0,9,Unfurnished,Apartment,3.8,0.8,1.0,2,7.0,8,4743,11480000
Bengaluru,HSR Layout,2,693,2.0,6,4,1.0,3.0,27,Semi-Furnished,Apartment,6.6,2.0,0.0,5,9.0,6,3437,6998000
Delhi,Mayur Vihar,3,1140,2.0,3,1,2.0,1.0,17,Semi-Furnished,Apartment,6.8,3.3,5.0,6,2.0,5,6252,11086000
Visakhapatnam,Gajuwaka,4,2025,5.0,7,6,2.0,2.0,9,Unfurnished,Independent House,2.1,6.8,2.0,1,4.0,4,5370,11625000
Bengaluru,Whitefield,2,1238,3.0,12,2,1.0,2.0,6,Fully-Furnished,Apartment,17.5,4.0,9.0,1,4.0,1,2858,12365000
Delhi,Saket,4,2205,4.0,15,1,0.0,2.0,9,Unfurnished,Apartment,4.8,15.0,1.0,4,1.0,2,11998,18981000
Pune,Hinjewadi,1,1038,1.0,6,2,1.0,0.0,21,Fully-Furnished,Independent House,4.6,3.7,4.0,6,9.0,3,3066,9384000
Kolkata,Rajarhat,2,1445,2.0,6,2,1.0,2.0,9,Semi-Furnished,Apartment,8.0,2.4,9.0,4,6.0,8,6939,9747000
Visakhapatnam,MVP Colony,3,1549,4.0,15,9,2.0,1.0,20,Fully-Furnished,Villa,5.3,8.3,4.0,2,8.0,10,4531,10167000
Bengaluru,Electronic City,4,2116,3.0,6,5,1.0,1.0,8,Fully-Furnished,Apartment,4.1,4.0,3.0,1,2.0,9,9957,21569000
Pune,Hadapsar,3,1170,4.0,12,2,1.0,2.0,37,Semi-Furnished,Independent House,12.0,4.9,4.0,0,1.0,10,2615,8259000
Visakhapatnam,MVP Colony,1,899,1.0,6,1,1.0,1.0,2,Fully-Furnished,Apartment,5.8,3.0,8.0,0,9.0,5,3305,6234000
Pune,Baner,2,973,1.0,2,2,2.0,2.0,15,Unfurnished,Independent House,15.6,4.1,7.0,5,5.0,7,3489,8625000
Visakhapatnam,Gajuwaka,4,2019,3.0,7,3,2.0,1.0,6,Fully-Furnished,Apartment,8.3,0.9,5.0,7,2.0,7,9769,13483000
Ahmedabad,Chandkheda,2,1526,2.0,15,1,1.0,1.0,9,Fully-Furnished,Apartment,5.5,1.7,10.0,6,3.0,2,5196,10773000
Delhi,Dwarka,3,1785,3.0,3,3,2.0,1.0,29,Fully-Furnished,Apartment,5.6,6.9,6.0,6,7.0,1,6319,18043000
Chennai,Velachery,3,2544,3.0,15,12,1.0,1.0,21,Unfurnished,Apartment,5.9,3.2,10.0,4,2.0,1,7858,18543000
Ahmedabad,Maninagar,1,844,1.0,15,10,1.0,1.0,4,Fully-Furnished,Independent House,5.8,2.0,0.0,6,4.0,2,4644,6785000
Mumbai,Powai,3,1791,3.0,10,4,1.0,2.0,26,Fully-Furnished,Apartment,14.3,5.1,7.0,7,10.0,4,5762,29073000
Chennai,Velachery,1,712,1.0,10,7,2.0,1.0,32,Semi-Furnished,Independent House,16.4,4.6,6.0,4,5.0,6,3404,4902000
Delhi,Mayur Vihar,2,1503,,8,8,1.0,0.0,19,Fully-Furnished,Villa,10.5,3.6,0.0,1,8.0,8,8723,15626000
Ahmedabad,Bodakdev,1,1138,1.0,7,6,2.0,1.0,3,Semi-Furnished,Apartment,7.0,1.5,4.0,0,1.0,3,2515,8410000
Pune,Baner,3,1606,4.0,15,9,2.0,1.0,15,Semi-Furnished,Apartment,7.5,2.9,9.0,6,1.0,1,4819,13305000
Ahmedabad,Maninagar,2,1452,1.0,15,9,1.0,2.0,6,Fully-Furnished,Apartment,9.8,3.0,6.0,2,4.0,10,5315,11283000
Kolkata,New Town,4,2207,4.0,12,6,3.0,1.0,10,Unfurnished,Apartment,4.6,6.3,3.0,5,7.0,5,10819,12768000
Bengaluru,Indiranagar,5,2445,6.0,3,2,1.0,1.0,10,Semi-Furnished,Independent House,1.3,8.1,7.0,3,4.0,1,8115,25012000
Pune,Hinjewadi,3,1582,2.0,4,1,2.0,3.0,3,Semi-Furnished,Apartment,7.8,5.5,9.0,0,7.0,8,8489,14156000
Bengaluru,Indiranagar,3,1695,4.0,12,4,2.0,1.0,4,Semi-Furnished,Apartment,7.8,0.7,7.0,4,4.0,5,6468,15463000
Pune,Hinjewadi,4,2772,5.0,3,2,3.0,2.0,7,Unfurnished,Independent House,6.7,0.9,8.0,1,10.0,8,12531,22665000
Chennai,Adyar,4,2542,4.0,4,4,2.0,1.0,17,Unfurnished,Apartment,8.4,0.8,10.0,3,9.0,8,10051,20139000
Vijayawada,Benz Circle,2,1681,2.0,7,5,1.0,3.0,9,Semi-Furnished,Independent House,5.3,1.9,4.0,1,5.0,9,6248,10510000
Visakhapatnam,Rushikonda,5,2622,4.0,6,4,2.0,2.0,2,Unfurnished,Apartment,3.3,7.1,9.0,7,5.0,9,7629,16335000
Bengaluru,Yelahanka,3,1954,2.0,2,1,2.0,1.0,18,Fully-Furnished,Apartment,6.2,1.9,6.0,6,3.0,7,5764,18350000
Kolkata,Rajarhat,3,1976,2.0,4,3,2.0,1.0,18,Semi-Furnished,Apartment,5.5,5.3,7.0,4,1.0,6,4974,11160000
Vijayawada,Gunadala,3,1681,3.0,5,3,0.0,1.0,29,Fully-Furnished,Apartment,8.7,9.6,8.0,4,4.0,8,3527,10351000
Ahmedabad,Vastrapur,4,2570,3.0,10,7,3.0,0.0,30,Unfurnished,Apartment,12.1,5.0,7.0,6,3.0,3,8071,16495000
Pune,Viman Nagar,3,1717,3.0,3,3,1.0,1.0,20,Semi-Furnished,Apartment,8.2,0.3,8.0,3,2.0,4,4555,14078000
Bengaluru,HSR Layout,3,1783,3.0,8,4,1.0,0.0,26,Semi-Furnished,Apartment,2.2,2.5,0.0,0,6.0,1,8678,17330000
Chennai,Adyar,5,2431,5.0,4,2,1.0,0.0,16,Semi-Furnished,Independent House,5.0,3.5,5.0,0,10.0,2,12507,18825000
Pune,Wakad,2,1561,2.0,10,6,2.0,1.0,17,Semi-Furnished,Independent House,5.5,3.4,6.0,0,7.0,3,7179,12877000
Chennai,Velachery,4,2388,5.0,12,11,0.0,1.0,38,Unfurnished,Independent House,3.5,2.3,9.0,6,1.0,2,10868,16304000
Bengaluru,Koramangala,4,2306,5.0,10,8,2.0,3.0,20,Semi-Furnished,Apartment,4.6,11.8,3.0,1,2.0,8,10207,21906000
Visakhapatnam,MVP Colony,2,1715,3.0,4,3,1.0,0.0,29,Unfurnished,Apartment,11.2,4.5,0.0,2,10.0,5,3513,8115000
Pune,Baner,4,2174,3.0,2,1,3.0,0.0,8,Fully-Furnished,Apartment,4.1,1.9,5.0,3,6.0,4,12967,19665000
Hyderabad,Banjara Hills,2,1879,3.0,15,13,1.0,3.0,13,Unfurnished,Apartment,2.3,1.3,4.0,7,3.0,3,10046,13636000
Visakhapatnam,Seethammadhara,4,2320,4.0,5,5,2.0,3.0,7,Semi-Furnished,Apartment,2.2,2.4,1.0,6,6.0,4,12707,15226000
Mumbai,Navi Mumbai,3,1875,3.0,8,6,1.0,2.0,3,Unfurnished,Apartment,2.8,4.2,4.0,1,4.0,6,10153,30307000
Bengaluru,Koramangala,3,1971,2.0,4,2,1.0,1.0,2,Fully-Furnished,Apartment,7.1,3.8,6.0,7,1.0,1,8731,19300000
Mumbai,Navi Mumbai,3,2023,3.0,10,1,1.0,1.0,14,Semi-Furnished,Apartment,4.8,1.0,7.0,5,1.0,10,8205,31730000
Hyderabad,Miyapur,2,1297,1.0,3,2,2.0,1.0,23,Fully-Furnished,Apartment,12.0,1.0,1.0,7,8.0,7,6794,11134000
Chennai,Velachery,3,1858,3.0,3,3,2.0,1.0,36,Fully-Furnished,Independent House,1.4,1.0,7.0,3,8.0,3,10743,16318000
Kolkata,Salt Lake,4,2158,5.0,8,6,1.0,2.0,31,Semi-Furnished,Apartment,3.1,2.2,5.0,2,6.0,6,11974,14627000
Vijayawada,Gunadala,3,1839,3.0,7,7,1.0,3.0,1,Semi-Furnished,Apartment,0.5,4.5,5.0,0,7.0,4,10231,10454000
Mumbai,Powai,3,1805,4.0,5,3,1.0,0.0,10,Fully-Furnished,Independent House,4.1,3.9,8.0,6,8.0,7,8525,30759000
Visakhapatnam,MVP Colony,4,1940,3.0,3,1,2.0,1.0,15,Unfurnished,Independent House,6.4,1.6,6.0,1,3.0,7,10786,11149000
Bengaluru,Indiranagar,2,1502,2.0,6,5,2.0,2.0,9,Semi-Furnished,Villa,7.5,3.4,6.0,6,10.0,1,6438,15431000
Bengaluru,Yelahanka,5,2413,4.0,2,2,1.0,3.0,8,Semi-Furnished,Apartment,1.5,1.0,3.0,2,8.0,3,10326,24024000
Delhi,Mayur Vihar,3,1553,3.0,12,3,1.0,1.0,39,Fully-Furnished,Independent House,7.2,4.5,5.0,1,7.0,1,3303,15723000
Mumbai,Bandra,4,2048,4.0,15,9,1.0,1.0,27,Unfurnished,Independent House,2.1,3.6,6.0,6,10.0,6,7525,30750000
Hyderabad,Gachibowli,3,1692,4.0,10,5,1.0,1.0,24,Semi-Furnished,Apartment,2.7,2.1,3.0,7,10.0,6,8209,13816000
Hyderabad,Kukatpally,3,1615,3.0,12,9,2.0,2.0,3,Semi-Furnished,Apartment,21.5,4.4,7.0,1,3.0,10,3242,12675000
Mumbai,Navi Mumbai,4,2191,4.0,4,4,1.0,3.0,37,Unfurnished,Apartment,10.0,4.7,4.0,3,6.0,9,5500,33411000
Pune,Kharadi,3,1671,3.0,12,5,0.0,1.0,21,Unfurnished,Villa,4.6,5.9,1.0,5,4.0,5,8852,12991000
Bengaluru,HSR Layout,3,1907,2.0,4,3,0.0,1.0,37,Semi-Furnished,Villa,3.0,8.4,9.0,3,7.0,9,9900,17755000
Hyderabad,Madhapur,3,1930,2.0,15,12,2.0,0.0,30,Unfurnished,Apartment,6.6,0.9,5.0,6,7.0,2,10183,13782000
Mumbai,Bandra,3,1738,3.0,12,12,1.0,1.0,15,Semi-Furnished,Apartment,5.4,5.6,8.0,6,4.0,7,7250,28376000
Vijayawada,Poranki,3,1526,2.0,10,2,1.0,0.0,6,Semi-Furnished,Apartment,2.8,1.7,8.0,6,10.0,8,5255,9896000
Vijayawada,Governorpet,3,2312,2.0,2,2,2.0,1.0,18,Semi-Furnished,Villa,6.4,4.3,0.0,5,5.0,10,9405,11986000
Delhi,Mayur Vihar,2,1116,3.0,8,5,1.0,2.0,12,Semi-Furnished,Apartment,5.4,0.5,5.0,6,9.0,4,4414,12701000
Ahmedabad,Prahlad Nagar,3,1949,3.0,8,1,2.0,1.0,23,Unfurnished,Apartment,7.6,3.6,0.0,7,6.0,8,5460,12167000
Delhi,Pitampura,3,1458,3.0,4,4,1.0,1.0,28,Unfurnished,Apartment,11.1,10.4,4.0,3,9.0,7,7634,14255000
Ahmedabad,Maninagar,2,1290,3.0,7,7,3.0,2.0,8,Semi-Furnished,Independent House,10.2,3.1,2.0,2,7.0,10,2783,9417000
Visakhapatnam,Madhurawada,2,1606,3.0,6,6,3.0,1.0,0,Fully-Furnished,Apartment,0.7,2.0,3.0,3,3.0,1,5578,11498000
Visakhapatnam,Seethammadhara,3,1904,2.0,4,1,0.0,1.0,22,Semi-Furnished,Villa,2.9,6.8,0.0,6,6.0,7,3941,10085000
Chennai,Porur,4,2017,4.0,4,2,0.0,2.0,12,Semi-Furnished,Independent House,3.8,2.6,9.0,4,9.0,2,9748,18004000
Vijayawada,Patamata,3,1047,4.0,2,1,2.0,1.0,37,Semi-Furnished,Apartment,4.1,5.8,6.0,4,2.0,4,3073,5235000
Hyderabad,Banjara Hills,5,2677,6.0,6,2,0.0,2.0,33,Unfurnished,Apartment,7.8,3.3,8.0,2,4.0,8,7954,16305000
Delhi,Rohini,4,2313,5.0,8,7,2.0,1.0,40,Unfurnished,Apartment,17.1,0.2,10.0,3,2.0,8,12221,19672000
Kolkata,Dum Dum,1,850,1.0,5,2,2.0,1.0,37,Fully-Furnished,Apartment,3.5,2.4,7.0,7,1.0,3,4532,4823000
Pune,Hinjewadi,1,1011,1.0,7,7,1.0,3.0,1,Semi-Furnished,Apartment,4.2,11.0,3.0,5,2.0,3,3885,8375000
Mumbai,Andheri,2,1272,3.0,2,1,1.0,2.0,17,Semi-Furnished,Independent House,2.2,1.6,9.0,3,1.0,8,4665,20280000
Visakhapatnam,Dwaraka Nagar,2,1392,3.0,15,11,1.0,1.0,2,Fully-Furnished,Apartment,3.9,2.0,3.0,1,2.0,10,8134,9105000
Ahmedabad,Bodakdev,2,1485,2.0,3,2,1.0,0.0,26,Semi-Furnished,Apartment,5.9,0.9,0.0,1,10.0,8,7293,10462000
Delhi,Pitampura,2,1285,2.0,6,5,1.0,1.0,11,Unfurnished,Apartment,2.0,10.7,7.0,5,7.0,1,5868,13602000
Ahmedabad,Bodakdev,3,1720,2.0,3,2,2.0,1.0,39,Fully-Furnished,Apartment,3.8,2.5,2.0,0,8.0,8,8030,11179000
Bengaluru,Koramangala,5,2343,5.0,15,4,2.0,1.0,35,Unfurnished,Apartment,4.3,3.6,0.0,3,10.0,5,5153,20524000
Hyderabad,Madhapur,1,970,1.0,12,6,1.0,0.0,17,Semi-Furnished,Apartment,8.6,2.0,4.0,7,9.0,10,3429,7908000
Hyderabad,Miyapur,3,1531,2.0,6,3,2.0,3.0,15,Semi-Furnished,Apartment,1.3,0.7,3.0,2,4.0,6,4531,12453000
Kolkata,Ballygunge,5,2718,6.0,6,5,2.0,1.0,1,Semi-Furnished,Villa,1.3,4.4,2.0,0,1.0,8,13663,18529000
Vijayawada,Gunadala,4,2079,5.0,3,2,3.0,1.0,19,Semi-Furnished,Apartment,2.3,2.7,0.0,7,1.0,8,7004,11271000
Hyderabad,Kukatpally,4,1810,4.0,10,9,2.0,1.0,31,Semi-Furnished,Apartment,14.4,1.0,3.0,6,1.0,7,5810,11846000
Delhi,Dwarka,3,1647,3.0,15,15,2.0,1.0,13,Unfurnished,Apartment,7.9,1.2,7.0,6,2.0,10,5914,17189000
Visakhapatnam,Gajuwaka,1,1031,2.0,8,1,2.0,1.0,11,Unfurnished,Apartment,19.3,7.0,8.0,4,8.0,7,5803,6017000
Vijayawada,Benz Circle,3,1601,3.0,7,2,1.0,1.0,13,Fully-Furnished,Independent House,6.9,4.0,6.0,4,3.0,6,7819,9077000
Kolkata,Ballygunge,2,1832,1.0,12,3,1.0,2.0,11,Fully-Furnished,Apartment,8.9,1.1,6.0,2,2.0,1,5380,11566000
Visakhapatnam,Madhurawada,2,1132,3.0,6,1,1.0,1.0,30,Unfurnished,Apartment,2.8,7.4,5.0,7,3.0,1,5408,5136000
Chennai,T Nagar,3,1951,3.0,10,6,1.0,2.0,0,Unfurnished,Apartment,2.0,0.4,3.0,3,7.0,2,7620,15766000
Delhi,Saket,3,1877,4.0,6,6,1.0,2.0,23,Semi-Furnished,Apartment,1.2,5.8,9.0,6,8.0,1,4147,19409000
Mumbai,Navi Mumbai,3,1728,4.0,5,2,2.0,2.0,14,Unfurnished,Apartment,3.2,1.7,1.0,2,9.0,9,6362,28251000
Vijayawada,Governorpet,3,1580,3.0,10,2,2.0,1.0,25,Semi-Furnished,Apartment,2.5,15.0,2.0,7,5.0,10,7784,8618000
Visakhapatnam,MVP Colony,3,1542,3.0,2,2,1.0,2.0,23,Semi-Furnished,Apartment,0.5,0.8,8.0,4,7.0,8,3181,9816000
Bengaluru,HSR Layout,3,1654,4.0,4,1,1.0,1.0,3,Fully-Furnished,Apartment,11.0,0.3,0.0,1,5.0,8,8299,17089000
Vijayawada,Gunadala,3,1891,3.0,4,4,2.0,2.0,14,Semi-Furnished,Apartment,3.6,1.7,9.0,1,3.0,9,9467,11173000
Bengaluru,Electronic City,3,1478,4.0,12,6,2.0,1.0,40,Semi-Furnished,Apartment,7.3,1.1,5.0,4,4.0,10,8444,13157000
Hyderabad,Banjara Hills,2,1531,1.0,7,1,2.0,0.0,2,Semi-Furnished,Villa,14.3,2.2,6.0,7,3.0,1,6013,10749000
Vijayawada,Patamata,5,2448,6.0,7,4,2.0,1.0,38,Unfurnished,Apartment,7.9,1.5,2.0,7,3.0,9,10224,12417000
Vijayawada,Governorpet,2,1245,2.0,4,4,1.0,1.0,1,Unfurnished,Apartment,5.5,3.1,10.0,4,1.0,4,4513,6024000
Delhi,Dwarka,2,1640,3.0,5,3,2.0,2.0,27,Semi-Furnished,Apartment,4.3,15.0,10.0,1,4.0,10,5721,16132000
Vijayawada,Gunadala,3,1058,4.0,6,1,1.0,2.0,26,Semi-Furnished,Independent House,9.9,2.9,8.0,6,8.0,1,3664,5283000
Hyderabad,Kukatpally,2,1278,3.0,15,1,1.0,1.0,29,Unfurnished,Apartment,4.9,2.9,5.0,7,9.0,10,4590,9228000
Chennai,Adyar,4,2200,3.0,4,2,2.0,2.0,10,Semi-Furnished,Apartment,25.0,11.5,3.0,0,8.0,6,7205,16556000
Visakhapatnam,Seethammadhara,4,2522,4.0,6,2,3.0,1.0,4,Fully-Furnished,Apartment,8.0,2.3,2.0,6,2.0,6,6736,16682000
Chennai,Porur,3,1702,2.0,6,6,1.0,2.0,39,Unfurnished,Independent House,9.2,4.7,6.0,4,3.0,2,3962,11204000
Bengaluru,Yelahanka,3,1395,4.0,4,1,2.0,1.0,32,Fully-Furnished,Villa,5.7,5.5,10.0,5,10.0,5,8292,14489000
Hyderabad,Gachibowli,3,1651,3.0,7,3,1.0,1.0,20,Unfurnished,Apartment,20.8,4.4,4.0,6,5.0,9,6868,11398000
Ahmedabad,Bodakdev,3,1885,3.0,3,1,1.0,1.0,1,Semi-Furnished,Villa,8.6,2.8,8.0,1,1.0,1,10231,12211000
Hyderabad,Banjara Hills,3,1773,3.0,7,3,2.0,2.0,35,Semi-Furnished,Independent House,11.2,4.0,2.0,0,10.0,9,6397,11182000
Chennai,Porur,1,1653,1.0,5,4,2.0,2.0,16,Fully-Furnished,Apartment,2.7,6.3,7.0,3,4.0,2,3601,14045000
Visakhapatnam,Seethammadhara,2,1400,2.0,12,2,1.0,2.0,38,Fully-Furnished,Apartment,6.6,0.6,3.0,6,10.0,8,5318,8632000
Chennai,Porur,3,1795,3.0,10,2,1.0,1.0,1,Unfurnished,Independent House,3.1,1.8,10.0,0,4.0,1,8861,14186000
Ahmedabad,Satellite,5,2343,5.0,8,3,1.0,1.0,31,Semi-Furnished,Apartment,5.3,1.0,10.0,4,10.0,8,5434,16887000
Ahmedabad,Chandkheda,3,1642,3.0,4,2,2.0,2.0,28,Unfurnished,Apartment,3.9,2.2,3.0,0,8.0,1,9077,8919000
Hyderabad,Miyapur,3,1911,2.0,8,4,1.0,1.0,37,Fully-Furnished,Apartment,5.2,1.9,1.0,7,6.0,4,4188,14480000
Hyderabad,Madhapur,3,1683,3.0,7,7,2.0,1.0,15,Semi-Furnished,Villa,6.2,4.5,5.0,2,8.0,2,6805,11948000
Chennai,Anna Nagar,4,2056,4.0,12,8,3.0,2.0,28,Unfurnished,Apartment,2.6,1.4,3.0,3,8.0,4,7693,15713000
Ahmedabad,Satellite,3,1724,3.0,4,4,2.0,3.0,19,Fully-Furnished,Independent House,1.9,2.9,4.0,2,4.0,3,9809,12810000
Kolkata,Behala,4,2199,4.0,2,1,1.0,1.0,32,Unfurnished,Apartment,12.3,1.5,7.0,5,3.0,9,8918,12304000
Pune,Baner,3,1957,4.0,6,4,1.0,1.0,11,Fully-Furnished,Apartment,7.5,3.6,10.0,0,6.0,10,8156,19072000
Mumbai,Borivali,2,1195,3.0,7,5,,3.0,14,Semi-Furnished,Apartment,5.9,5.3,4.0,7,2.0,9,5584,19731000
Bengaluru,Koramangala,4,2139,3.0,3,2,1.0,3.0,14,Semi-Furnished,Apartment,11.8,2.1,7.0,4,9.0,1,5833,19812000
Delhi,Saket,5,3076,5.0,8,6,1.0,3.0,15,Unfurnished,Independent House,13.4,1.0,7.0,7,8.0,5,8874,27861000
Ahmedabad,Satellite,3,1516,4.0,8,5,2.0,2.0,37,Unfurnished,Independent House,22.9,6.5,0.0,4,1.0,2,7533,7064000
Visakhapatnam,MVP Colony,3,1548,4.0,7,6,1.0,1.0,32,Semi-Furnished,Independent House,4.4,4.7,10.0,1,1.0,8,4422,7575000
Delhi,Rohini,3,1940,3.0,4,4,1.0,1.0,1,Fully-Furnished,Apartment,9.9,3.4,2.0,5,1.0,8,4014,20610000
Visakhapatnam,Rushikonda,3,1732,3.0,3,2,2.0,3.0,16,Unfurnished,Apartment,8.3,2.9,4.0,6,8.0,1,7562,8633000
Ahmedabad,Maninagar,2,1493,3.0,15,4,1.0,2.0,6,Semi-Furnished,Independent House,6.0,0.3,9.0,7,8.0,6,5451,11441000
Kolkata,Rajarhat,2,1286,1.0,15,6,2.0,2.0,13,Unfurnished,Apartment,0.5,6.2,10.0,0,7.0,5,5327,8247000
Hyderabad,Kukatpally,3,1835,3.0,12,8,1.0,2.0,7,Unfurnished,Apartment,8.3,0.2,6.0,3,2.0,5,10446,14089000
Hyderabad,Gachibowli,4,2257,4.0,12,8,3.0,1.0,14,Fully-Furnished,Independent House,6.5,4.7,8.0,0,8.0,6,9803,17854000
Ahmedabad,Satellite,5,2389,6.0,10,4,3.0,1.0,38,Semi-Furnished,Apartment,12.8,4.0,8.0,1,5.0,8,13090,16751000
Hyderabad,Kondapur,4,1979,3.0,7,1,1.0,1.0,22,Unfurnished,Apartment,6.5,0.4,5.0,1,5.0,6,5657,13208000
Ahmedabad,Maninagar,2,1447,2.0,10,6,1.0,0.0,2,Semi-Furnished,Independent House,5.4,8.3,0.0,6,8.0,8,6228,11041000
Ahmedabad,Bodakdev,4,2548,3.0,12,1,3.0,1.0,15,Fully-Furnished,Apartment,0.9,2.3,8.0,1,5.0,8,5178,20219000
Mumbai,Borivali,2,1150,2.0,3,2,0.0,2.0,7,Semi-Furnished,Apartment,12.0,1.5,3.0,7,1.0,3,5422,20098000
Ahmedabad,Maninagar,5,2934,6.0,6,1,,1.0,12,Unfurnished,Apartment,8.0,0.3,7.0,3,7.0,1,16581,17661000
Vijayawada,Poranki,3,2029,3.0,10,1,1.0,3.0,39,Unfurnished,Independent House,4.5,1.4,6.0,1,6.0,5,6987,9236000
Vijayawada,Gunadala,3,1993,3.0,4,4,2.0,1.0,18,Fully-Furnished,Apartment,9.8,0.6,0.0,0,1.0,5,5061,11111000
Ahmedabad,Satellite,2,1114,2.0,12,7,1.0,1.0,23,Unfurnished,Apartment,8.2,1.1,0.0,3,4.0,10,5547,6161000
Visakhapatnam,Dwaraka Nagar,3,1815,,6,5,2.0,3.0,28,Semi-Furnished,Apartment,12.5,8.4,10.0,4,6.0,6,9357,10919000
Hyderabad,Kondapur,2,1275,2.0,6,3,1.0,1.0,29,Unfurnished,Independent House,8.6,2.9,7.0,5,3.0,10,4664,8534000
Pune,Kharadi,3,1724,2.0,3,1,1.0,1.0,14,Semi-Furnished,Villa,7.6,5.8,1.0,3,4.0,6,10311,13100000
Delhi,Vasant Kunj,4,2072,4.0,2,1,3.0,1.0,24,Semi-Furnished,Villa,7.0,0.6,7.0,6,8.0,8,8453,20463000
Vijayawada,Benz Circle,2,1532,2.0,12,9,1.0,2.0,20,Fully-Furnished,Apartment,14.6,6.9,6.0,6,4.0,6,3536,9967000
Vijayawada,Gunadala,1,802,1.0,15,7,3.0,0.0,21,Semi-Furnished,Apartment,8.8,6.6,2.0,7,5.0,6,2207,2616000
Chennai,Anna Nagar,4,2590,4.0,3,2,1.0,1.0,36,Unfurnished,Apartment,4.8,3.1,9.0,7,10.0,8,15067,19743000
Chennai,Porur,1,1007,1.0,7,2,1.0,1.0,39,Semi-Furnished,Apartment,13.3,1.6,7.0,7,6.0,8,3422,7261000
Pune,Wakad,1,612,1.0,4,2,2.0,1.0,33,Semi-Furnished,Apartment,7.3,3.4,1.0,7,6.0,1,3162,3883000
Visakhapatnam,Dwaraka Nagar,2,1396,1.0,15,15,2.0,1.0,19,Fully-Furnished,Independent House,6.1,3.2,2.0,3,8.0,9,5009,9313000
Ahmedabad,Prahlad Nagar,3,1980,4.0,7,7,2.0,1.0,12,Semi-Furnished,Apartment,6.4,2.2,10.0,7,3.0,8,9052,14211000
Ahmedabad,Vastrapur,1,956,1.0,7,1,0.0,1.0,15,Fully-Furnished,Apartment,7.1,2.0,10.0,1,7.0,5,5115,7396000
Bengaluru,Whitefield,3,1525,3.0,10,2,1.0,2.0,37,Semi-Furnished,Apartment,7.7,4.2,9.0,5,9.0,2,7488,13845000
Visakhapatnam,Seethammadhara,2,1484,2.0,8,6,1.0,1.0,32,Fully-Furnished,Apartment,7.2,0.7,0.0,2,4.0,1,5070,7585000
Visakhapatnam,Dwaraka Nagar,2,1138,1.0,7,2,1.0,1.0,8,Semi-Furnished,Apartment,8.9,3.0,10.0,2,9.0,7,2575,7679000
Bengaluru,Electronic City,2,1645,2.0,12,6,1.0,1.0,23,Semi-Furnished,Apartment,2.9,8.4,8.0,1,4.0,3,8427,15680000
Bengaluru,Electronic City,1,1050,2.0,8,1,1.0,3.0,37,Fully-Furnished,Independent House,25.0,1.6,6.0,2,10.0,4,5970,9878000
Vijayawada,Benz Circle,1,1269,1.0,8,3,2.0,2.0,38,Semi-Furnished,Apartment,3.1,5.0,10.0,6,3.0,4,6927,6061000
Ahmedabad,Vastrapur,2,1292,3.0,3,1,1.0,0.0,9,Fully-Furnished,Villa,1.7,1.4,0.0,0,,6,7640,8987000
Delhi,Pitampura,2,1433,3.0,6,5,3.0,0.0,8,Unfurnished,Villa,6.2,2.6,3.0,1,10.0,5,6687,13858000
Pune,Viman Nagar,2,1618,2.0,7,7,2.0,1.0,15,Fully-Furnished,Apartment,3.6,0.8,3.0,1,9.0,5,8975,14398000
Hyderabad,Miyapur,3,1590,3.0,10,5,1.0,3.0,23,Fully-Furnished,Villa,3.0,4.9,3.0,6,1.0,10,5647,13785000
Visakhapatnam,MVP Colony,3,2089,3.0,10,7,1.0,2.0,22,Fully-Furnished,Independent House,2.2,6.2,8.0,3,4.0,5,4942,13312000
Mumbai,Thane,3,1731,4.0,7,3,2.0,1.0,21,Semi-Furnished,Independent House,8.2,2.8,6.0,7,8.0,10,8165,26679000
Pune,Hadapsar,2,1885,1.0,12,1,1.0,1.0,40,Unfurnished,Apartment,1.0,1.8,0.0,5,2.0,3,6259,12933000
Mumbai,Thane,3,1695,2.0,7,2,2.0,2.0,39,Semi-Furnished,Apartment,1.1,0.7,6.0,3,8.0,7,9111,27936000
Visakhapatnam,Seethammadhara,2,1067,3.0,6,1,2.0,1.0,16,Unfurnished,Apartment,5.7,12.5,9.0,5,7.0,6,3155,5848000
Mumbai,Powai,3,1641,3.0,2,2,2.0,2.0,22,Unfurnished,Independent House,7.9,6.6,9.0,6,8.0,3,7767,25898000
Chennai,Porur,2,1388,2.0,3,3,2.0,2.0,26,Fully-Furnished,Apartment,7.4,0.5,9.0,5,4.0,10,5150,12745000
Kolkata,Salt Lake,4,1973,4.0,12,3,0.0,1.0,23,Semi-Furnished,Independent House,6.3,0.7,10.0,2,5.0,9,7445,13060000
Mumbai,Borivali,2,1380,1.0,2,1,3.0,0.0,18,Unfurnished,Apartment,9.0,2.9,8.0,5,1.0,9,3609,19953000
Chennai,Porur,3,1656,2.0,7,5,2.0,2.0,23,Semi-Furnished,Villa,9.1,5.0,7.0,3,3.0,2,6748,11950000
Visakhapatnam,Rushikonda,1,843,2.0,10,3,1.0,1.0,14,Fully-Furnished,Villa,3.7,4.8,9.0,3,7.0,2,3677,6219000
Pune,Baner,4,2175,4.0,8,2,1.0,1.0,19,Fully-Furnished,Independent House,1.4,1.1,10.0,3,7.0,3,5378,19858000
Kolkata,New Town,3,1636,2.0,7,3,1.0,1.0,38,Semi-Furnished,Apartment,5.7,0.4,0.0,6,10.0,6,5282,9653000
Pune,Hinjewadi,3,1661,3.0,15,1,1.0,2.0,39,Semi-Furnished,Apartment,13.5,6.2,0.0,6,1.0,2,8376,12611000
Mumbai,Borivali,4,2752,3.0,15,11,2.0,2.0,29,Unfurnished,Apartment,4.1,2.1,5.0,1,3.0,8,13671,41299000
Vijayawada,Gunadala,2,1617,2.0,2,2,1.0,1.0,26,Semi-Furnished,Villa,11.5,3.7,6.0,0,5.0,5,5776,7774000
Hyderabad,Miyapur,3,1422,4.0,8,3,2.0,1.0,4,Unfurnished,Independent House,1.4,0.7,10.0,3,8.0,9,3404,11997000
Mumbai,Navi Mumbai,3,1996,3.0,6,4,1.0,0.0,35,Fully-Furnished,Independent House,8.5,1.9,0.0,2,7.0,1,5636,30902000
Hyderabad,Gachibowli,4,2286,4.0,7,5,3.0,3.0,13,Semi-Furnished,Apartment,7.9,4.1,8.0,1,6.0,5,13543,17849000
Bengaluru,Electronic City,2,1313,2.0,5,4,2.0,1.0,5,Semi-Furnished,Apartment,4.2,5.6,1.0,7,1.0,3,3599,11486000
Hyderabad,Kondapur,3,2025,3.0,5,4,1.0,1.0,31,Fully-Furnished,Apartment,3.5,2.1,0.0,7,9.0,10,8626,16945000
Kolkata,New Town,3,1917,3.0,10,3,3.0,0.0,5,Unfurnished,Apartment,7.8,2.1,10.0,1,1.0,4,4704,9992000
Kolkata,Dum Dum,3,2008,3.0,15,3,1.0,1.0,20,Unfurnished,Independent House,13.6,7.7,7.0,6,3.0,1,6497,10926000
Visakhapatnam,Madhurawada,3,1836,4.0,3,2,2.0,1.0,5,Fully-Furnished,Independent House,0.8,2.2,1.0,2,8.0,3,4393,13927000
Pune,Wakad,4,2337,3.0,8,7,3.0,0.0,27,Unfurnished,Apartment,7.3,2.5,4.0,7,3.0,6,10561,19513000
Kolkata,Behala,3,1469,3.0,4,3,2.0,2.0,28,Semi-Furnished,Apartment,3.5,4.7,0.0,5,4.0,7,5499,9261000
Vijayawada,Benz Circle,3,1281,4.0,12,12,1.0,2.0,22,Unfurnished,Apartment,1.1,3.2,7.0,0,2.0,10,6751,5769000
Kolkata,New Town,3,1699,4.0,7,1,1.0,1.0,0,Unfurnished,Independent House,13.0,5.4,8.0,7,4.0,8,3966,11220000
Ahmedabad,Vastrapur,5,3058,6.0,4,3,1.0,3.0,15,Unfurnished,Independent House,5.7,3.7,9.0,6,10.0,6,13116,18999000
Mumbai,Powai,4,2247,3.0,12,5,1.0,1.0,23,Unfurnished,Apartment,2.0,5.0,,7,5.0,8,9559,35277000
Chennai,Porur,3,1867,2.0,8,8,1.0,2.0,21,Semi-Furnished,Apartment,12.9,1.9,0.0,7,7.0,4,8640,14557000
Delhi,Pitampura,3,1608,2.0,4,3,2.0,1.0,31,Unfurnished,Apartment,5.8,4.6,9.0,1,9.0,7,4362,13882000
Pune,Viman Nagar,2,1442,3.0,12,8,1.0,1.0,34,Semi-Furnished,Villa,8.1,2.1,9.0,7,6.0,9,5419,10281000
Hyderabad,Kukatpally,2,1114,,3,1,2.0,1.0,36,Unfurnished,Villa,6.3,3.0,3.0,6,3.0,3,3845,7405000
Pune,Hinjewadi,2,956,3.0,6,6,1.0,2.0,33,Fully-Furnished,Independent House,11.7,0.2,6.0,0,10.0,4,1940,8546000
Kolkata,Salt Lake,2,1085,3.0,15,14,1.0,1.0,38,Semi-Furnished,Apartment,12.1,2.8,4.0,3,3.0,6,4478,5933000
Delhi,Pitampura,4,1932,4.0,3,2,1.0,2.0,37,Unfurnished,Apartment,8.5,7.0,5.0,1,4.0,2,8286,16027000
Kolkata,Salt Lake,4,2181,5.0,7,5,1.0,2.0,8,Semi-Furnished,Apartment,10.2,3.4,1.0,7,1.0,9,4388,13498000
Chennai,Anna Nagar,5,2548,5.0,6,1,2.0,1.0,27,Fully-Furnished,Independent House,16.9,0.8,0.0,3,10.0,1,5824,20576000
Delhi,Mayur Vihar,4,2177,4.0,12,8,2.0,1.0,19,Unfurnished,Apartment,3.7,0.8,2.0,1,3.0,2,9200,21154000
Hyderabad,Kukatpally,3,1923,2.0,5,1,0.0,2.0,23,Unfurnished,Independent House,3.0,3.3,0.0,6,5.0,5,5323,14189000
Mumbai,Andheri,3,2053,4.0,15,8,2.0,2.0,20,Unfurnished,Apartment,0.8,1.0,6.0,6,6.0,7,4646,32311000
Vijayawada,Poranki,2,1013,1.0,3,3,1.0,2.0,5,Unfurnished,Independent House,7.1,8.0,2.0,1,6.0,7,5947,5274000
Bengaluru,Yelahanka,4,2132,4.0,8,5,2.0,1.0,16,Semi-Furnished,Apartment,6.2,1.3,10.0,5,5.0,1,11580,20004000
Chennai,Adyar,3,1739,4.0,6,2,1.0,1.0,4,Semi-Furnished,Apartment,6.6,1.2,6.0,6,4.0,7,3503,14453000
Bengaluru,Whitefield,3,1719,2.0,4,4,2.0,1.0,6,Fully-Furnished,Apartment,14.6,3.6,6.0,5,5.0,6,9355,17390000
Ahmedabad,Bodakdev,2,1133,3.0,15,3,0.0,2.0,40,Semi-Furnished,Apartment,3.6,2.0,3.0,7,1.0,7,4825,7293000
Pune,Hadapsar,4,2199,4.0,10,2,1.0,2.0,3,Unfurnished,Apartment,3.8,11.2,5.0,7,6.0,10,11320,18761000
Bengaluru,Indiranagar,4,2088,3.0,6,6,1.0,1.0,37,Unfurnished,Apartment,9.1,2.3,3.0,4,5.0,5,10496,16338000
Pune,Wakad,3,1266,3.0,10,2,1.0,1.0,30,Semi-Furnished,Apartment,7.0,1.8,10.0,4,1.0,6,2757,11170000
Mumbai,Bandra,3,1999,3.0,7,7,2.0,2.0,8,Fully-Furnished,Apartment,11.8,1.1,10.0,2,3.0,3,8307,32866000
Ahmedabad,Bodakdev,4,2159,3.0,2,1,2.0,1.0,6,Semi-Furnished,Apartment,1.7,1.4,3.0,1,9.0,5,11086,16034000
Pune,Hadapsar,3,1737,3.0,4,2,2.0,1.0,31,Semi-Furnished,Independent House,10.1,0.9,0.0,3,9.0,10,8059,15289000
Mumbai,Thane,4,2327,4.0,10,4,1.0,2.0,21,Semi-Furnished,Apartment,5.0,3.8,10.0,5,2.0,8,7085,36683000
Delhi,Mayur Vihar,3,1646,3.0,7,3,1.0,1.0,5,Semi-Furnished,Independent House,1.5,3.7,3.0,7,5.0,9,7488,17648000
Bengaluru,Yelahanka,4,2374,3.0,4,3,2.0,1.0,21,Unfurnished,Apartment,11.0,0.8,9.0,5,9.0,10,10232,21931000
Vijayawada,Moghalrajpuram,4,2235,3.0,2,1,1.0,1.0,20,Fully-Furnished,Apartment,2.2,2.6,2.0,4,2.0,3,8875,12767000
Pune,Viman Nagar,2,1713,3.0,3,2,1.0,2.0,23,Semi-Furnished,Apartment,10.8,4.2,6.0,5,1.0,8,7472,13486000
Chennai,Porur,2,1183,3.0,10,4,1.0,2.0,8,Fully-Furnished,Apartment,1.5,2.6,8.0,4,10.0,5,2572,10584000
Vijayawada,Poranki,3,1762,4.0,6,1,1.0,1.0,2,Fully-Furnished,Independent House,11.3,4.1,1.0,3,2.0,4,5906,12499000
Bengaluru,Yelahanka,3,1841,3.0,15,3,2.0,2.0,20,Fully-Furnished,Apartment,3.0,4.1,7.0,0,3.0,5,4659,18827000
Mumbai,Borivali,5,2435,5.0,3,3,2.0,2.0,30,Unfurnished,Apartment,10.1,1.4,9.0,0,6.0,7,13303,36486000
Delhi,Mayur Vihar,3,1898,3.0,2,2,3.0,2.0,8,Unfurnished,Apartment,2.0,7.3,7.0,1,6.0,9,7309,19638000
Bengaluru,Whitefield,4,2161,4.0,6,6,1.0,1.0,15,Semi-Furnished,Apartment,14.4,2.7,0.0,5,7.0,6,7146,21305000
Chennai,OMR,3,1346,3.0,4,4,2.0,2.0,12,Fully-Furnished,Independent House,4.8,4.8,7.0,7,5.0,4,6052,11966000
Bengaluru,Yelahanka,1,938,1.0,15,3,1.0,1.0,5,Semi-Furnished,Apartment,7.0,1.6,1.0,4,8.0,8,3269,9166000
Mumbai,Bandra,2,1310,2.0,10,2,,1.0,23,Semi-Furnished,Apartment,3.4,1.1,6.0,3,7.0,8,3138,21147000
Delhi,Dwarka,2,1374,1.0,12,2,2.0,1.0,3,Semi-Furnished,Apartment,9.1,3.9,10.0,7,8.0,3,3219,13843000
Pune,Hadapsar,4,2464,4.0,3,2,1.0,1.0,38,Semi-Furnished,Apartment,5.5,1.8,5.0,7,4.0,8,8998,19359000
Vijayawada,Benz Circle,2,1259,3.0,4,1,1.0,1.0,35,Unfurnished,Apartment,6.9,1.1,4.0,2,6.0,10,5476,5110000
Kolkata,Dum Dum,3,1826,2.0,8,5,2.0,1.0,15,Semi-Furnished,Apartment,5.1,1.3,9.0,4,9.0,9,4721,13123000
Bengaluru,Yelahanka,3,1692,2.0,6,4,0.0,0.0,34,,Independent House,3.7,0.6,0.0,3,1.0,4,7505,15939000
Chennai,Velachery,2,1203,1.0,4,4,2.0,2.0,2,Fully-Furnished,Apartment,15.2,1.2,10.0,3,4.0,5,5401,9265000
Kolkata,Behala,3,1652,2.0,6,6,1.0,2.0,7,Fully-Furnished,Villa,15.8,1.3,2.0,1,7.0,9,9016,10742000
Kolkata,Behala,2,1457,2.0,15,1,0.0,0.0,23,Fully-Furnished,Apartment,4.1,2.5,3.0,1,5.0,5,4670,9196000
Ahmedabad,Vastrapur,4,1876,5.0,12,3,3.0,3.0,24,Semi-Furnished,Independent House,3.0,3.9,6.0,3,8.0,2,10288,12425000
Chennai,OMR,4,2410,4.0,2,2,3.0,2.0,33,Unfurnished,Villa,18.9,2.6,6.0,2,9.0,7,13310,17927000
Chennai,Anna Nagar,4,2286,4.0,10,2,2.0,2.0,9,,Apartment,7.2,0.4,10.0,0,3.0,3,10235,17508000
Ahmedabad,Maninagar,2,1317,2.0,15,7,1.0,1.0,6,Fully-Furnished,Apartment,6.3,1.4,9.0,6,5.0,3,2700,11041000
Delhi,Dwarka,2,1283,2.0,5,2,1.0,2.0,33,Unfurnished,Independent House,7.5,2.8,9.0,2,3.0,5,6098,12619000
Delhi,Vasant Kunj,2,1019,3.0,12,11,2.0,2.0,6,Fully-Furnished,Villa,3.3,4.7,1.0,0,5.0,4,4657,12339000
Bengaluru,HSR Layout,2,1592,2.0,15,11,1.0,2.0,35,Unfurnished,Apartment,4.7,2.5,0.0,0,5.0,2,4247,13748000
Kolkata,Salt Lake,4,2157,3.0,3,3,1.0,2.0,39,Fully-Furnished,Apartment,5.7,1.7,10.0,2,10.0,6,12034,14669000
Visakhapatnam,Dwaraka Nagar,3,1950,4.0,15,11,2.0,1.0,37,Semi-Furnished,Independent House,6.6,4.1,9.0,4,4.0,1,4128,11604000
Ahmedabad,Prahlad Nagar,2,1204,2.0,12,3,2.0,1.0,9,Unfurnished,Apartment,2.7,0.4,1.0,4,6.0,8,3939,7221000
Chennai,Velachery,5,2615,6.0,3,2,1.0,3.0,21,Semi-Furnished,Independent House,2.4,4.5,6.0,1,9.0,7,10393,22159000
Visakhapatnam,Madhurawada,2,1377,2.0,15,3,2.0,1.0,6,Unfurnished,Apartment,18.2,2.4,1.0,4,6.0,5,6656,6786000
Chennai,T Nagar,2,1347,2.0,6,4,0.0,1.0,9,Semi-Furnished,Apartment,5.2,0.9,2.0,4,7.0,2,6699,11972000
Chennai,T Nagar,1,1293,1.0,4,4,1.0,1.0,24,Fully-Furnished,Apartment,3.2,4.0,4.0,5,10.0,1,3960,10708000
Hyderabad,Madhapur,3,1658,3.0,15,8,1.0,1.0,21,Semi-Furnished,Apartment,1.3,2.1,6.0,1,5.0,10,5235,13104000
Visakhapatnam,Dwaraka Nagar,3,1497,3.0,4,4,1.0,1.0,0,Semi-Furnished,Independent House,15.5,4.9,1.0,2,7.0,5,5599,9727000
Kolkata,Ballygunge,3,1981,3.0,12,8,1.0,2.0,36,Unfurnished,Independent House,1.5,1.7,8.0,0,6.0,5,8901,11794000
Delhi,Mayur Vihar,2,1072,1.0,6,3,1.0,1.0,17,Fully-Furnished,Apartment,5.7,2.5,5.0,1,3.0,7,3804,11169000
Pune,Wakad,3,1462,3.0,7,7,2.0,0.0,5,Unfurnished,Independent House,9.4,5.4,9.0,5,5.0,6,5669,10872000
Chennai,Anna Nagar,2,1048,3.0,4,4,1.0,1.0,18,Semi-Furnished,Apartment,5.5,0.2,3.0,5,7.0,9,2152,8214000
Bengaluru,Whitefield,2,1632,1.0,3,3,1.0,2.0,36,Semi-Furnished,Apartment,7.0,2.0,8.0,3,1.0,5,7740,15104000
Bengaluru,Koramangala,4,2077,4.0,12,6,1.0,1.0,12,Fully-Furnished,Apartment,6.4,4.3,7.0,7,4.0,2,11537,19194000
Mumbai,Andheri,3,1588,2.0,7,3,2.0,2.0,38,Semi-Furnished,Apartment,14.4,2.9,10.0,6,1.0,1,5928,23661000
Kolkata,Salt Lake,3,1740,3.0,5,3,2.0,2.0,21,Unfurnished,Apartment,5.7,0.9,4.0,0,3.0,1,8780,10705000
Hyderabad,Gachibowli,2,1486,2.0,7,1,1.0,2.0,40,Fully-Furnished,Apartment,12.3,0.3,9.0,5,8.0,2,4027,10599000
Mumbai,Thane,4,2124,5.0,7,1,1.0,1.0,19,Fully-Furnished,Apartment,10.1,5.9,2.0,3,6.0,7,10257,33981000
Delhi,Dwarka,5,2530,4.0,8,7,1.0,1.0,19,Semi-Furnished,Independent House,4.1,3.1,4.0,6,1.0,4,7314,23982000
Delhi,Rohini,5,2479,5.0,4,3,2.0,2.0,20,Fully-Furnished,Independent House,8.5,1.6,1.0,5,10.0,6,4964,26139000
Ahmedabad,Bodakdev,4,2501,5.0,6,1,1.0,2.0,10,,Villa,10.6,1.7,2.0,7,5.0,4,9264,17710000
Pune,Hadapsar,5,2953,,8,7,1.0,1.0,27,Fully-Furnished,Apartment,5.2,2.7,7.0,4,4.0,1,11159,26013000
Chennai,Porur,4,2223,5.0,12,5,2.0,2.0,36,Fully-Furnished,Apartment,3.3,2.4,0.0,6,4.0,1,9074,16934000
Delhi,Rohini,2,1196,3.0,6,2,2.0,1.0,20,Unfurnished,Independent House,4.8,2.6,5.0,0,3.0,8,3643,11842000
Ahmedabad,Bodakdev,3,1572,2.0,5,1,2.0,3.0,34,Fully-Furnished,Apartment,10.6,12.1,7.0,4,7.0,1,4649,10540000
Visakhapatnam,Dwaraka Nagar,4,2274,4.0,2,1,2.0,1.0,10,Fully-Furnished,Apartment,6.0,1.2,3.0,6,2.0,7,4618,14876000
Pune,Viman Nagar,1,1130,2.0,5,4,1.0,1.0,2,Fully-Furnished,Apartment,4.3,3.6,1.0,3,3.0,7,5562,10184000
Pune,Viman Nagar,3,1661,3.0,4,3,2.0,0.0,38,Fully-Furnished,Apartment,5.4,5.0,3.0,0,6.0,2,8938,13279000
Bengaluru,HSR Layout,4,2100,4.0,6,3,0.0,1.0,20,Unfurnished,Apartment,0.8,4.2,3.0,6,6.0,2,12035,18773000
Ahmedabad,Bodakdev,3,1901,4.0,12,3,2.0,1.0,10,Semi-Furnished,Apartment,6.4,4.5,5.0,5,10.0,10,10898,14697000
Pune,Hinjewadi,2,1166,3.0,3,1,1.0,2.0,20,Semi-Furnished,Independent House,2.3,1.0,2.0,3,1.0,4,5131,9657000
Ahmedabad,Satellite,3,1570,3.0,15,14,1.0,1.0,25,Semi-Furnished,Villa,1.8,3.7,7.0,2,4.0,2,8121,11063000
Mumbai,Bandra,2,1642,1.0,10,5,2.0,1.0,20,Semi-Furnished,Apartment,5.5,7.4,7.0,5,8.0,10,6971,27229000
Ahmedabad,Prahlad Nagar,2,958,2.0,12,8,1.0,0.0,38,Semi-Furnished,Independent House,0.8,1.7,3.0,5,10.0,8,3059,6682000
Kolkata,Salt Lake,2,1267,1.0,10,4,1.0,2.0,7,Semi-Furnished,Apartment,14.0,5.2,5.0,1,4.0,4,2546,8397000
Hyderabad,Banjara Hills,5,2724,6.0,6,6,1.0,2.0,21,Semi-Furnished,Independent House,14.2,3.8,1.0,4,3.0,3,14110,19916000
Vijayawada,Gunadala,4,2074,4.0,8,1,2.0,1.0,8,Fully-Furnished,Apartment,13.6,6.5,1.0,2,4.0,9,11060,12893000
Vijayawada,Moghalrajpuram,3,1910,3.0,12,3,2.0,2.0,1,Semi-Furnished,Apartment,3.2,2.5,4.0,1,2.0,8,8277,11263000
Hyderabad,Kondapur,1,1202,1.0,4,1,1.0,1.0,11,Unfurnished,Apartment,10.8,3.6,3.0,6,1.0,3,4494,7786000
Delhi,Vasant Kunj,4,2180,4.0,8,2,2.0,1.0,15,Fully-Furnished,Apartment,8.7,2.0,0.0,2,9.0,6,5830,24071000
Ahmedabad,Vastrapur,3,1432,3.0,5,1,2.0,2.0,13,Fully-Furnished,Apartment,1.5,2.5,2.0,1,4.0,6,6577,11426000
Delhi,Dwarka,3,1437,2.0,4,3,0.0,1.0,27,Unfurnished,Apartment,5.7,7.0,5.0,4,3.0,7,4384,13576000
Bengaluru,Yelahanka,2,1592,2.0,6,1,1.0,3.0,2,Semi-Furnished,Apartment,4.9,6.3,10.0,7,8.0,7,7029,14822000
Hyderabad,Gachibowli,4,2052,3.0,15,5,3.0,1.0,31,Semi-Furnished,Apartment,0.8,1.0,4.0,5,7.0,10,12136,16825000
Mumbai,Thane,4,2139,3.0,2,1,1.0,2.0,40,Unfurnished,Apartment,19.7,3.7,2.0,4,1.0,6,6152,31779000
Bengaluru,Koramangala,2,1729,1.0,12,4,1.0,3.0,25,Unfurnished,Independent House,9.4,6.8,0.0,6,1.0,2,10192,14543000
Bengaluru,HSR Layout,2,1689,1.0,7,7,0.0,1.0,34,Semi-Furnished,Independent House,12.2,2.3,4.0,6,3.0,7,5209,15098000
Delhi,Mayur Vihar,2,1729,2.0,6,6,1.0,2.0,33,Semi-Furnished,Independent House,12.4,1.6,9.0,3,4.0,6,5612,16555000
Bengaluru,HSR Layout,3,1600,3.0,3,3,1.0,1.0,12,Fully-Furnished,Independent House,7.8,0.3,5.0,5,3.0,6,4800,16196000
Pune,Wakad,3,2133,3.0,15,7,1.0,1.0,7,Fully-Furnished,Apartment,5.3,4.2,6.0,5,7.0,6,10824,19725000
Pune,Baner,5,2596,5.0,7,7,3.0,1.0,3,Unfurnished,Independent House,8.8,2.5,3.0,6,10.0,6,12462,21173000
Pune,Wakad,3,1809,3.0,4,1,2.0,0.0,4,Fully-Furnished,Independent House,12.7,5.5,1.0,7,2.0,6,10130,16774000
Vijayawada,Moghalrajpuram,2,1634,2.0,4,4,2.0,1.0,38,Fully-Furnished,Apartment,18.1,8.6,6.0,2,8.0,1,4418,8556000
Pune,Hinjewadi,5,2622,4.0,5,2,0.0,1.0,22,Unfurnished,Apartment,10.7,6.8,4.0,4,7.0,7,6581,20434000
Vijayawada,Poranki,2,1528,1.0,2,1,1.0,1.0,28,Semi-Furnished,Apartment,8.0,2.5,7.0,1,7.0,3,7561,7909000
Hyderabad,Gachibowli,3,1347,4.0,4,1,0.0,2.0,27,Unfurnished,Apartment,2.9,1.6,2.0,6,4.0,2,5172,7947000
Vijayawada,Governorpet,4,2425,4.0,2,2,1.0,2.0,19,Semi-Furnished,Apartment,5.4,2.7,2.0,5,5.0,3,7479,13268000
Vijayawada,Patamata,3,1933,3.0,15,11,1.0,2.0,6,Semi-Furnished,Independent House,12.6,2.9,5.0,7,6.0,2,10988,11462000
Visakhapatnam,Dwaraka Nagar,2,1461,3.0,6,2,0.0,2.0,36,Semi-Furnished,Apartment,2.6,0.4,6.0,3,4.0,2,5979,7623000
Pune,Hinjewadi,1,939,2.0,15,1,3.0,2.0,20,Semi-Furnished,Apartment,6.0,1.5,6.0,5,3.0,3,5409,8142000
Bengaluru,Indiranagar,3,1833,3.0,12,11,2.0,1.0,13,Fully-Furnished,Independent House,4.2,3.0,10.0,3,1.0,1,5982,19816000
Delhi,Saket,3,1760,2.0,3,1,0.0,1.0,22,Fully-Furnished,Apartment,3.0,1.4,8.0,6,6.0,6,5203,18512000
Delhi,Pitampura,2,1144,1.0,3,2,2.0,1.0,21,Semi-Furnished,Apartment,4.8,3.0,0.0,6,10.0,6,5238,10533000
Hyderabad,Miyapur,3,1573,4.0,3,1,1.0,,33,Fully-Furnished,Independent House,8.6,4.8,3.0,4,7.0,2,7178,9737000
Vijayawada,Moghalrajpuram,2,1387,3.0,6,2,1.0,0.0,3,Semi-Furnished,Apartment,3.7,3.5,0.0,5,3.0,6,3004,7540000
Vijayawada,Patamata,1,932,1.0,5,5,2.0,2.0,7,Semi-Furnished,Apartment,8.4,1.4,7.0,4,3.0,8,3245,5544000
Delhi,Mayur Vihar,3,1422,3.0,8,1,0.0,1.0,10,Fully-Furnished,Apartment,3.7,3.6,1.0,1,10.0,9,6793,14575000
Ahmedabad,Prahlad Nagar,2,1165,3.0,5,5,1.0,2.0,3,Fully-Furnished,Apartment,6.9,8.8,5.0,1,4.0,7,4284,9359000
Mumbai,Thane,2,1601,2.0,12,10,1.0,2.0,25,Fully-Furnished,Apartment,7.6,2.6,3.0,1,9.0,3,5476,26088000
Visakhapatnam,Seethammadhara,3,1863,3.0,6,5,1.0,2.0,2,,Apartment,4.3,1.2,6.0,1,9.0,7,4325,13027000
Chennai,Velachery,2,1658,2.0,5,3,1.0,1.0,27,Semi-Furnished,Villa,5.6,0.7,4.0,7,4.0,6,8835,13434000
Vijayawada,Governorpet,2,1428,1.0,5,4,2.0,1.0,2,Semi-Furnished,Apartment,2.9,3.5,4.0,5,10.0,4,8258,7820000
Mumbai,Navi Mumbai,3,1619,2.0,3,2,0.0,2.0,32,Unfurnished,Apartment,7.8,2.4,4.0,7,1.0,10,6819,24275000
Hyderabad,Kukatpally,3,1546,3.0,15,9,2.0,3.0,30,Unfurnished,Independent House,3.1,2.7,2.0,6,2.0,4,6054,9671000
Chennai,Porur,4,2229,4.0,2,1,1.0,2.0,8,Fully-Furnished,Villa,22.6,5.3,4.0,6,2.0,5,12730,18315000
Chennai,OMR,3,1900,2.0,10,4,1.0,2.0,32,Fully-Furnished,Apartment,8.5,6.5,8.0,4,1.0,7,5033,16198000
Delhi,Pitampura,2,1561,3.0,6,2,1.0,2.0,21,Semi-Furnished,Apartment,7.2,0.5,2.0,1,2.0,5,5039,14807000
Delhi,Dwarka,1,1451,1.0,3,2,1.0,1.0,22,Unfurnished,Apartment,10.9,1.0,5.0,1,3.0,3,6979,12516000
Kolkata,Salt Lake,4,2252,3.0,7,7,1.0,2.0,20,Unfurnished,Apartment,5.6,2.1,10.0,3,7.0,9,6031,13155000
Delhi,Rohini,4,2109,4.0,3,1,2.0,2.0,22,Fully-Furnished,Apartment,5.2,0.3,7.0,0,3.0,9,8294,21740000
Bengaluru,HSR Layout,3,2142,2.0,15,5,1.0,2.0,27,Fully-Furnished,Independent House,2.6,3.6,6.0,2,6.0,5,7800,21429000
Pune,Hinjewadi,2,1040,3.0,10,10,1.0,1.0,26,Unfurnished,Apartment,11.3,3.7,10.0,0,10.0,7,3673,8143000
Ahmedabad,Bodakdev,2,1299,1.0,6,6,2.0,2.0,13,Semi-Furnished,Apartment,11.9,3.8,9.0,2,10.0,4,2659,8529000
Mumbai,Andheri,3,1707,3.0,15,10,0.0,0.0,18,Semi-Furnished,Apartment,12.3,3.4,6.0,6,3.0,3,5220,25746000
Delhi,Pitampura,2,1205,1.0,8,1,1.0,2.0,25,Semi-Furnished,Apartment,7.4,1.8,5.0,6,9.0,8,3067,12831000
Bengaluru,Indiranagar,2,1383,2.0,2,1,1.0,2.0,28,Semi-Furnished,Villa,3.0,3.3,7.0,4,1.0,3,2835,11044000
Mumbai,Bandra,3,1885,2.0,4,3,1.0,1.0,28,Unfurnished,Apartment,13.2,2.5,1.0,2,3.0,4,10564,27479000
Vijayawada,Poranki,2,1398,3.0,4,2,1.0,2.0,1,Unfurnished,Independent House,12.4,5.1,3.0,0,2.0,5,6337,7059000
Hyderabad,Miyapur,2,1479,1.0,10,8,2.0,1.0,25,Fully-Furnished,Apartment,3.0,6.2,7.0,0,6.0,4,6838,13036000
Kolkata,Ballygunge,2,1439,1.0,10,4,1.0,1.0,19,Semi-Furnished,Villa,11.2,2.8,8.0,4,5.0,8,7504,9156000
Vijayawada,Benz Circle,2,1152,2.0,2,2,1.0,2.0,19,Fully-Furnished,Apartment,3.3,11.1,7.0,2,9.0,8,3375,7669000
Pune,Wakad,2,1033,1.0,10,7,1.0,3.0,26,Fully-Furnished,Independent House,7.1,3.7,3.0,3,2.0,5,5811,8058000
Vijayawada,Governorpet,2,1215,2.0,7,3,1.0,2.0,22,Semi-Furnished,Independent House,1.9,4.2,3.0,1,6.0,5,5278,6108000
Pune,Viman Nagar,2,1389,2.0,12,3,2.0,1.0,14,Semi-Furnished,Apartment,9.0,0.3,2.0,1,8.0,1,7205,10772000
Bengaluru,Indiranagar,4,2159,3.0,12,9,1.0,2.0,36,Fully-Furnished,Apartment,3.0,1.4,0.0,2,8.0,4,4912,19973000
Delhi,Vasant Kunj,5,2729,6.0,2,2,1.0,1.0,39,Fully-Furnished,Apartment,2.6,6.6,10.0,7,9.0,4,9335,28377000
Ahmedabad,Vastrapur,3,1742,3.0,4,4,1.0,2.0,22,Unfurnished,Apartment,6.0,12.7,4.0,7,7.0,4,8206,9347000
Pune,Hadapsar,2,1770,2.0,7,4,1.0,1.0,14,Fully-Furnished,Independent House,3.7,0.8,1.0,7,8.0,2,5690,15541000
Delhi,Rohini,5,2976,4.0,5,5,3.0,2.0,27,Unfurnished,Independent House,3.0,9.4,8.0,0,10.0,3,9550,27809000
Ahmedabad,Vastrapur,2,1313,2.0,3,3,0.0,1.0,28,Fully-Furnished,Independent House,2.3,0.4,0.0,2,6.0,1,6815,8669000
Chennai,Porur,5,2429,5.0,2,1,1.0,2.0,22,Semi-Furnished,Apartment,2.9,9.3,2.0,5,6.0,4,13701,19851000
Bengaluru,Whitefield,2,1268,2.0,12,9,2.0,1.0,16,Semi-Furnished,Apartment,4.0,1.4,6.0,5,4.0,7,5454,12252000
Pune,Hinjewadi,3,1714,4.0,8,3,1.0,2.0,26,Semi-Furnished,Apartment,4.3,2.8,9.0,1,3.0,3,7093,14402000
Vijayawada,Poranki,3,1844,3.0,10,8,0.0,2.0,33,Semi-Furnished,Apartment,5.9,5.2,3.0,6,7.0,10,10815,9273000
Mumbai,Bandra,3,1868,4.0,12,9,2.0,2.0,6,Semi-Furnished,Independent House,6.5,0.9,7.0,5,6.0,1,10765,31288000
Hyderabad,Gachibowli,3,1715,3.0,2,2,2.0,2.0,31,Fully-Furnished,Villa,12.5,1.7,2.0,2,7.0,4,6348,13071000
Kolkata,Dum Dum,3,1307,4.0,12,6,1.0,1.0,24,Semi-Furnished,Apartment,10.5,4.8,10.0,0,3.0,8,3904,8963000
Mumbai,Powai,5,2606,5.0,4,3,1.0,1.0,39,Semi-Furnished,Villa,11.7,1.6,10.0,0,5.0,2,9653,41998000
Delhi,Saket,4,2216,4.0,15,3,1.0,2.0,12,,Apartment,5.7,5.5,9.0,3,2.0,9,5047,24240000
Pune,Wakad,2,1423,2.0,8,1,0.0,2.0,33,Unfurnished,Villa,5.6,3.7,1.0,3,5.0,1,3076,8065000
Hyderabad,Gachibowli,5,2632,6.0,5,2,1.0,2.0,9,Unfurnished,Independent House,5.6,6.1,3.0,2,5.0,3,13762,18624000
Kolkata,Ballygunge,2,1778,2.0,5,3,1.0,2.0,34,Semi-Furnished,Villa,5.9,2.2,5.0,7,4.0,8,4949,11220000
Delhi,Rohini,2,858,2.0,7,3,3.0,1.0,38,Semi-Furnished,Apartment,9.1,1.6,7.0,1,1.0,8,3495,6153000
Chennai,Anna Nagar,3,1611,3.0,10,3,2.0,2.0,5,Semi-Furnished,Apartment,6.7,2.0,9.0,3,8.0,9,8548,13988000
Ahmedabad,Prahlad Nagar,2,1225,2.0,6,1,1.0,1.0,20,Semi-Furnished,Apartment,3.4,5.9,7.0,0,4.0,7,4990,6719000
Bengaluru,Koramangala,2,1367,2.0,3,1,2.0,2.0,23,Semi-Furnished,Apartment,1.8,1.5,5.0,4,8.0,7,2924,13320000
Bengaluru,Indiranagar,3,1977,2.0,3,1,2.0,1.0,3,Semi-Furnished,Independent House,10.4,1.9,10.0,3,3.0,4,8641,19098000
Ahmedabad,Bodakdev,4,2239,5.0,4,2,0.0,3.0,33,Semi-Furnished,Villa,16.8,4.9,4.0,5,4.0,8,5953,14812000
Vijayawada,Moghalrajpuram,2,1049,3.0,2,1,2.0,2.0,31,Fully-Furnished,Apartment,7.6,2.8,5.0,4,10.0,3,3527,6077000
Bengaluru,Whitefield,3,1700,3.0,7,7,0.0,2.0,27,Semi-Furnished,Apartment,12.8,7.4,1.0,7,4.0,7,3628,15772000
Ahmedabad,Chandkheda,2,1812,2.0,3,2,1.0,3.0,39,Semi-Furnished,Villa,8.9,14.8,2.0,1,5.0,5,8982,10428000
Ahmedabad,Maninagar,2,1515,1.0,6,3,2.0,1.0,31,Semi-Furnished,Apartment,3.1,4.0,7.0,7,4.0,4,3963,10085000
Chennai,Porur,3,1249,2.0,2,1,2.0,1.0,19,Semi-Furnished,Apartment,1.9,0.8,0.0,4,2.0,1,4170,9611000
Pune,Kharadi,3,1694,4.0,12,10,3.0,2.0,35,Fully-Furnished,Apartment,4.9,2.1,9.0,1,5.0,3,4445,15582000
Pune,Kharadi,3,2005,3.0,4,4,1.0,2.0,19,Unfurnished,Apartment,5.9,0.5,10.0,7,8.0,2,9625,16515000
Vijayawada,Poranki,3,1784,4.0,4,4,2.0,1.0,27,Semi-Furnished,Apartment,2.4,1.6,4.0,7,6.0,1,4225,9316000
Visakhapatnam,MVP Colony,4,2539,3.0,4,2,0.0,2.0,4,Semi-Furnished,Apartment,5.0,1.5,3.0,0,5.0,1,9663,14910000
Chennai,Adyar,4,2529,5.0,2,1,2.0,2.0,25,Fully-Furnished,Independent House,5.3,0.8,5.0,5,5.0,8,8637,20149000
Pune,Viman Nagar,3,1649,4.0,7,1,2.0,2.0,36,Semi-Furnished,Independent House,4.6,2.0,10.0,0,8.0,10,4023,13872000
Delhi,Mayur Vihar,4,2143,3.0,3,3,0.0,3.0,30,Semi-Furnished,Independent House,3.7,1.4,8.0,5,2.0,10,10590,19311000
Chennai,Velachery,2,1024,2.0,10,6,2.0,0.0,15,Fully-Furnished,Apartment,2.7,1.3,3.0,5,6.0,6,3479,8956000
Bengaluru,Yelahanka,5,2460,4.0,2,1,0.0,2.0,39,Semi-Furnished,Independent House,10.4,1.9,9.0,4,8.0,4,9276,22959000
Mumbai,Powai,2,1495,2.0,2,1,2.0,3.0,34,Semi-Furnished,Apartment,12.7,2.0,0.0,2,10.0,9,6309,23047000
Hyderabad,Kukatpally,2,1239,3.0,15,5,1.0,0.0,7,Fully-Furnished,Apartment,2.0,1.5,8.0,7,6.0,9,4311,10343000
Hyderabad,Banjara Hills,5,3161,4.0,4,2,1.0,3.0,33,Semi-Furnished,Apartment,5.0,0.3,2.0,2,2.0,7,7703,22773000
Pune,Kharadi,3,1932,4.0,10,4,2.0,1.0,33,Unfurnished,Villa,11.7,1.7,2.0,2,4.0,4,5424,13740000
Delhi,Dwarka,1,1170,1.0,5,4,2.0,1.0,22,Semi-Furnished,Apartment,7.0,1.6,2.0,1,7.0,1,4908,11163000
Vijayawada,Benz Circle,3,1748,3.0,15,4,1.0,2.0,19,Semi-Furnished,Apartment,10.3,2.5,0.0,5,1.0,7,9374,8966000
Visakhapatnam,Madhurawada,2,1287,2.0,15,5,1.0,1.0,25,Unfurnished,Independent House,7.0,0.5,10.0,7,5.0,9,6188,6583000
Ahmedabad,Vastrapur,5,2356,6.0,6,3,2.0,3.0,13,Semi-Furnished,Apartment,4.0,5.2,2.0,4,6.0,9,11770,17442000
Mumbai,Thane,3,2066,3.0,12,12,2.0,3.0,3,Unfurnished,Independent House,3.8,0.7,8.0,0,8.0,3,11222,33108000
Chennai,Porur,3,1579,3.0,7,6,3.0,1.0,23,Unfurnished,Apartment,7.1,2.0,3.0,3,6.0,9,3577,10614000
Pune,Viman Nagar,4,2497,4.0,4,4,2.0,2.0,22,Fully-Furnished,Apartment,6.5,4.1,2.0,3,7.0,1,7222,22882000
Bengaluru,Electronic City,1,450,2.0,12,7,1.0,2.0,29,Semi-Furnished,Independent House,5.8,5.8,2.0,2,5.0,3,2698,3348000
Ahmedabad,Bodakdev,4,2362,4.0,6,5,2.0,3.0,2,Unfurnished,Apartment,9.5,10.5,1.0,3,3.0,10,8014,15621000
Delhi,Dwarka,5,2474,5.0,7,7,1.0,0.0,26,Fully-Furnished,Independent House,7.1,6.3,4.0,5,9.0,9,11859,25570000
Pune,Baner,2,1225,1.0,15,3,1.0,1.0,33,Semi-Furnished,Apartment,14.4,2.8,6.0,1,2.0,4,4762,10077000
Hyderabad,Gachibowli,3,1893,4.0,8,6,1.0,1.0,29,Unfurnished,Apartment,7.9,3.3,0.0,1,7.0,10,5943,12936000
Bengaluru,Koramangala,2,1504,3.0,4,2,1.0,2.0,17,Semi-Furnished,Independent House,6.3,3.3,6.0,2,5.0,2,4851,14729000
Chennai,Anna Nagar,2,1698,1.0,7,5,0.0,2.0,17,Semi-Furnished,Apartment,2.1,6.3,8.0,1,6.0,1,6368,12809000
Kolkata,Salt Lake,3,1794,2.0,2,1,1.0,0.0,25,Fully-Furnished,Independent House,7.9,6.9,3.0,2,9.0,2,8422,11906000
Visakhapatnam,Rushikonda,3,1476,2.0,12,6,1.0,2.0,35,Unfurnished,Apartment,4.6,3.2,5.0,3,5.0,2,7338,7250000
Hyderabad,Madhapur,5,2316,5.0,10,10,2.0,1.0,37,Semi-Furnished,Apartment,2.9,0.3,10.0,1,3.0,10,4637,16217000
Chennai,Anna Nagar,3,1788,3.0,6,3,3.0,1.0,34,Fully-Furnished,Independent House,2.6,4.5,10.0,3,6.0,8,6455,14604000
Pune,Wakad,3,1200,4.0,15,12,1.0,2.0,12,Unfurnished,Villa,12.5,2.3,,2,9.0,1,5825,9421000
Chennai,Anna Nagar,2,1288,2.0,7,2,1.0,0.0,27,Fully-Furnished,Apartment,3.2,0.6,8.0,3,3.0,6,5745,10944000
Kolkata,New Town,2,1405,3.0,12,9,2.0,1.0,29,Unfurnished,Apartment,7.7,2.8,8.0,1,6.0,4,2889,7620000
Visakhapatnam,Seethammadhara,2,1640,2.0,2,2,0.0,2.0,32,Semi-Furnished,Independent House,4.6,5.3,6.0,2,9.0,7,9182,9259000
Hyderabad,Kukatpally,4,2516,4.0,6,6,2.0,0.0,5,Semi-Furnished,Apartment,10.2,0.3,2.0,4,4.0,2,9364,18855000
Hyderabad,Miyapur,4,2184,4.0,7,3,1.0,1.0,33,Unfurnished,Villa,5.8,1.6,6.0,0,4.0,4,6074,14984000
Mumbai,Borivali,3,1794,4.0,10,10,1.0,0.0,25,Semi-Furnished,Apartment,15.3,0.4,4.0,4,5.0,3,8918,27601000
Hyderabad,Kukatpally,2,1387,3.0,7,4,1.0,3.0,12,Semi-Furnished,Apartment,10.0,3.3,2.0,2,4.0,9,4053,11080000
Vijayawada,Benz Circle,3,1354,4.0,2,1,1.0,2.0,20,Unfurnished,Independent House,8.1,8.1,9.0,0,2.0,8,6949,6979000
Vijayawada,Moghalrajpuram,4,2261,4.0,5,4,0.0,2.0,30,Unfurnished,Apartment,1.8,0.8,7.0,4,10.0,3,7092,11968000
Kolkata,Rajarhat,5,2732,5.0,12,8,2.0,1.0,39,Semi-Furnished,Apartment,7.3,1.6,6.0,0,4.0,9,6353,16853000
Bengaluru,Electronic City,3,1665,3.0,15,15,1.0,2.0,35,Fully-Furnished,Apartment,9.7,4.7,7.0,7,7.0,4,7955,16300000
Ahmedabad,Bodakdev,5,2482,5.0,10,2,0.0,2.0,28,Semi-Furnished,Villa,7.4,3.7,4.0,0,2.0,4,13746,16037000
Vijayawada,Poranki,3,1885,4.0,8,3,1.0,1.0,12,Unfurnished,Independent House,1.1,6.3,1.0,1,6.0,7,6271,10361000
Delhi,Pitampura,5,2865,6.0,3,2,2.0,0.0,2,Semi-Furnished,Apartment,7.1,4.0,9.0,5,8.0,9,11924,29517000
Vijayawada,Patamata,3,1894,3.0,12,2,2.0,3.0,19,Semi-Furnished,Villa,3.4,6.0,10.0,2,4.0,7,7182,8979000
Chennai,OMR,4,2484,3.0,8,3,1.0,2.0,5,Semi-Furnished,Apartment,6.7,1.0,5.0,2,1.0,6,12248,19891000
Visakhapatnam,Madhurawada,3,1867,3.0,2,1,2.0,1.0,30,Fully-Furnished,Apartment,3.9,4.5,5.0,1,3.0,2,11060,10739000
Delhi,Mayur Vihar,3,1607,4.0,12,5,1.0,1.0,34,Semi-Furnished,Independent House,6.3,0.7,2.0,2,9.0,2,4990,14585000
Bengaluru,Yelahanka,2,1152,3.0,5,2,1.0,1.0,14,Semi-Furnished,Apartment,6.3,8.1,0.0,7,8.0,9,3601,10341000
Delhi,Mayur Vihar,3,1975,3.0,12,11,2.0,3.0,4,Fully-Furnished,Apartment,13.3,0.9,3.0,2,1.0,1,7395,20716000
Pune,Viman Nagar,5,2669,6.0,8,8,2.0,1.0,33,Semi-Furnished,Apartment,3.0,13.5,4.0,4,7.0,2,9566,21952000
Visakhapatnam,Dwaraka Nagar,4,2481,5.0,3,3,1.0,1.0,4,Semi-Furnished,Apartment,4.4,1.9,9.0,4,5.0,8,11954,15476000
Visakhapatnam,MVP Colony,2,1473,3.0,12,11,0.0,1.0,1,Unfurnished,Independent House,6.7,4.7,9.0,1,8.0,5,6792,8331000
Kolkata,New Town,2,1327,2.0,3,2,3.0,0.0,24,Semi-Furnished,Apartment,13.5,5.5,4.0,7,10.0,1,6180,7706000
Vijayawada,Gunadala,1,741,2.0,15,5,1.0,2.0,17,Semi-Furnished,Apartment,14.4,3.6,8.0,1,1.0,10,3892,4265000
Hyderabad,Madhapur,3,1940,2.0,10,8,0.0,3.0,33,Fully-Furnished,Independent House,10.5,10.2,1.0,3,8.0,1,7404,13167000
Visakhapatnam,Gajuwaka,3,1716,2.0,6,4,2.0,1.0,8,Fully-Furnished,Apartment,2.4,2.4,6.0,1,5.0,3,7280,11269000
Vijayawada,Governorpet,1,962,1.0,5,3,2.0,1.0,33,Semi-Furnished,Apartment,3.8,2.5,1.0,7,8.0,10,4812,4689000
Mumbai,Andheri,3,1943,2.0,10,5,1.0,1.0,25,Semi-Furnished,Apartment,10.4,4.8,2.0,6,5.0,6,10959,30043000
Visakhapatnam,Madhurawada,2,1232,2.0,8,7,2.0,1.0,15,Fully-Furnished,Apartment,6.2,3.8,6.0,6,5.0,9,4539,7980000
Visakhapatnam,Gajuwaka,2,1463,2.0,7,1,2.0,1.0,36,Fully-Furnished,Independent House,4.1,3.5,5.0,4,9.0,5,8355,8433000
Ahmedabad,Vastrapur,4,1937,3.0,5,5,3.0,0.0,32,Fully-Furnished,Apartment,5.7,7.1,2.0,4,5.0,9,4387,14332000
Vijayawada,Moghalrajpuram,3,1667,3.0,2,2,1.0,1.0,38,Unfurnished,Apartment,19.2,3.3,6.0,6,3.0,9,8589,7924000
Visakhapatnam,Gajuwaka,4,2384,4.0,12,12,1.0,2.0,12,Fully-Furnished,Apartment,3.7,7.6,4.0,4,1.0,6,13862,14754000
Delhi,Dwarka,3,2106,2.0,2,2,2.0,1.0,33,Semi-Furnished,Independent House,7.8,1.3,5.0,6,1.0,9,4359,19454000
Hyderabad,Kukatpally,1,994,1.0,12,9,2.0,1.0,7,Semi-Furnished,Independent House,0.7,0.9,10.0,6,3.0,1,4155,8798000
Hyderabad,Gachibowli,2,1680,2.0,15,1,1.0,1.0,11,Semi-Furnished,Villa,4.7,5.9,10.0,5,4.0,2,8751,11904000
Bengaluru,Whitefield,3,1888,2.0,2,1,1.0,1.0,25,Unfurnished,Apartment,5.0,2.7,4.0,1,9.0,8,4908,17892000
Bengaluru,Indiranagar,4,1951,5.0,2,1,2.0,2.0,29,Semi-Furnished,Apartment,4.4,1.9,0.0,3,2.0,8,5196,17741000
Delhi,Mayur Vihar,3,1971,2.0,8,5,3.0,3.0,32,Semi-Furnished,Villa,8.8,0.8,5.0,3,10.0,9,10116,19850000
Pune,Hadapsar,1,1055,1.0,10,4,1.0,2.0,36,Fully-Furnished,Independent House,24.4,1.1,8.0,3,9.0,9,6217,8519000
Hyderabad,Gachibowli,4,1916,5.0,15,6,2.0,1.0,17,Semi-Furnished,Apartment,2.4,6.2,2.0,5,4.0,5,6329,13553000
Kolkata,Rajarhat,3,2102,4.0,10,8,2.0,2.0,4,Semi-Furnished,Apartment,5.1,6.5,8.0,3,2.0,9,6238,13191000
Pune,Baner,3,1857,2.0,12,7,2.0,1.0,16,Semi-Furnished,Apartment,5.4,3.4,5.0,2,2.0,5,8379,15952000
Visakhapatnam,Madhurawada,3,1727,4.0,7,7,2.0,2.0,24,Semi-Furnished,Apartment,2.9,2.5,5.0,0,6.0,4,4058,9724000
Kolkata,Salt Lake,1,994,2.0,12,11,1.0,2.0,15,Fully-Furnished,Villa,14.1,4.0,9.0,1,7.0,9,2235,6957000
Hyderabad,Banjara Hills,2,1628,2.0,15,7,2.0,2.0,8,Fully-Furnished,Independent House,3.3,2.6,8.0,2,6.0,9,7964,13274000
Chennai,Porur,2,1170,2.0,15,12,2.0,2.0,32,Semi-Furnished,Apartment,12.3,,1.0,6,5.0,1,4261,8559000
Visakhapatnam,MVP Colony,3,1545,3.0,6,1,1.0,1.0,24,Fully-Furnished,Apartment,6.5,2.1,5.0,3,5.0,9,5454,9823000
Bengaluru,Electronic City,5,2892,4.0,6,1,2.0,1.0,22,Semi-Furnished,Apartment,4.1,1.7,4.0,7,9.0,5,9132,27909000
Chennai,Adyar,4,2116,5.0,12,2,1.0,1.0,8,Semi-Furnished,Apartment,13.0,8.2,1.0,3,1.0,10,4638,15895000
Bengaluru,Indiranagar,3,1678,4.0,8,2,0.0,1.0,8,Fully-Furnished,Independent House,7.4,1.6,10.0,7,1.0,1,6871,16280000
Kolkata,Rajarhat,2,1278,2.0,7,5,1.0,1.0,25,Unfurnished,Apartment,1.9,5.5,1.0,2,5.0,3,5214,7624000
Visakhapatnam,Seethammadhara,2,1323,2.0,10,6,3.0,1.0,32,Semi-Furnished,Apartment,6.8,2.1,9.0,3,9.0,4,6128,7928000
Pune,Hinjewadi,2,1499,2.0,10,6,2.0,1.0,40,Semi-Furnished,Apartment,2.0,0.8,5.0,5,3.0,5,4079,11769000
Chennai,T Nagar,3,1423,3.0,6,2,3.0,2.0,34,Unfurnished,Apartment,17.3,2.9,3.0,2,10.0,3,3926,9781000
Chennai,OMR,5,2936,4.0,2,2,0.0,1.0,22,Semi-Furnished,Apartment,9.3,4.5,5.0,3,2.0,6,11936,23037000
Bengaluru,Yelahanka,3,1992,4.0,15,13,2.0,1.0,0,Unfurnished,Apartment,9.1,1.9,9.0,1,6.0,9,10341,19537000
Pune,Kharadi,2,1116,2.0,6,4,1.0,3.0,4,Unfurnished,Apartment,4.8,1.0,9.0,6,1.0,8,5218,10591000
Kolkata,Behala,2,1157,2.0,5,1,2.0,1.0,34,Fully-Furnished,Apartment,10.8,1.8,7.0,2,8.0,5,4079,6386000
Ahmedabad,Chandkheda,3,2095,3.0,7,4,2.0,1.0,8,Unfurnished,Independent House,11.7,2.7,9.0,2,1.0,7,7669,14017000
Delhi,Saket,1,754,1.0,3,3,3.0,1.0,5,Semi-Furnished,Apartment,1.9,2.0,3.0,3,7.0,1,1788,8187000
Hyderabad,Gachibowli,4,2032,4.0,15,10,1.0,2.0,24,Unfurnished,Villa,10.7,1.5,3.0,2,9.0,1,5187,14787000
Ahmedabad,Vastrapur,1,971,2.0,5,5,1.0,2.0,20,Unfurnished,Villa,7.0,5.4,0.0,2,6.0,10,2327,6494000
Vijayawada,Patamata,4,2521,5.0,12,8,1.0,2.0,35,Semi-Furnished,Apartment,2.1,6.1,2.0,3,5.0,10,12724,13498000
Pune,Viman Nagar,3,1905,3.0,4,4,1.0,3.0,8,Unfurnished,Apartment,13.7,0.2,3.0,7,2.0,10,8582,14762000
Kolkata,Ballygunge,3,1670,3.0,10,9,1.0,3.0,5,Semi-Furnished,Independent House,6.5,5.6,6.0,3,9.0,2,9017,11130000
Pune,Viman Nagar,3,1507,3.0,12,6,1.0,2.0,26,Unfurnished,Apartment,9.0,1.8,10.0,1,6.0,7,7166,12438000
Delhi,Saket,2,861,2.0,10,4,3.0,2.0,22,Semi-Furnished,Apartment,5.7,2.3,6.0,3,4.0,7,4528,8641000
Chennai,OMR,2,1646,3.0,15,9,2.0,2.0,11,Unfurnished,Independent House,5.3,3.8,8.0,4,6.0,8,4015,12929000
Mumbai,Navi Mumbai,2,1516,3.0,4,4,2.0,2.0,17,Fully-Furnished,Apartment,2.8,1.6,4.0,1,7.0,2,7201,24142000
Delhi,Dwarka,4,2075,4.0,2,1,1.0,1.0,35,Semi-Furnished,Apartment,3.1,0.6,10.0,3,8.0,3,7927,19302000
Mumbai,Powai,2,1408,1.0,2,2,2.0,1.0,38,Unfurnished,Apartment,14.3,2.9,7.0,2,7.0,6,4154,19387000
Ahmedabad,Prahlad Nagar,3,1473,4.0,2,1,3.0,0.0,0,Fully-Furnished,Villa,7.5,0.4,0.0,0,7.0,3,5464,12632000
Delhi,Rohini,5,2899,6.0,6,3,2.0,1.0,15,Unfurnished,Apartment,3.4,2.5,3.0,0,10.0,3,11591,26532000
Mumbai,Borivali,3,1551,4.0,12,1,2.0,1.0,28,Unfurnished,Independent House,22.5,2.2,0.0,2,4.0,8,4199,23343000
Pune,Viman Nagar,2,1619,1.0,10,3,1.0,1.0,36,Semi-Furnished,Villa,5.1,0.6,9.0,2,1.0,4,4033,12633000
Delhi,Saket,3,1991,4.0,2,2,2.0,2.0,7,Semi-Furnished,Independent House,0.9,5.6,7.0,4,8.0,8,4757,20914000
Ahmedabad,Vastrapur,5,2944,5.0,6,5,0.0,1.0,37,Semi-Furnished,Independent House,5.9,6.8,2.0,2,2.0,3,8203,19789000
Ahmedabad,Satellite,4,2283,5.0,10,7,1.0,2.0,27,Fully-Furnished,Apartment,15.8,2.0,2.0,7,3.0,9,7269,18276000
Visakhapatnam,Dwaraka Nagar,2,1239,3.0,12,3,0.0,2.0,8,Fully-Furnished,Apartment,1.5,3.2,8.0,1,3.0,9,4447,8347000
Hyderabad,Banjara Hills,2,1679,2.0,10,9,0.0,0.0,35,Fully-Furnished,Apartment,5.5,4.3,8.0,7,1.0,9,4930,11087000
Chennai,OMR,2,946,3.0,2,2,1.0,2.0,37,Semi-Furnished,Apartment,4.5,1.6,6.0,6,5.0,9,4737,7716000
Vijayawada,Benz Circle,1,1061,1.0,10,8,3.0,1.0,18,Semi-Furnished,Apartment,6.2,3.7,8.0,5,1.0,8,4191,5033000
Kolkata,Rajarhat,3,1670,2.0,4,1,1.0,2.0,37,Semi-Furnished,Independent House,9.0,8.0,7.0,6,5.0,5,3581,10852000
Kolkata,Dum Dum,2,904,2.0,4,2,2.0,2.0,32,Unfurnished,Apartment,17.4,5.0,1.0,5,3.0,7,4382,4596000
Kolkata,Rajarhat,2,1526,2.0,3,3,2.0,2.0,11,Semi-Furnished,Independent House,5.6,1.1,5.0,2,10.0,1,6998,10848000
Hyderabad,Kondapur,3,1870,2.0,3,3,1.0,0.0,19,Semi-Furnished,Apartment,15.7,3.6,4.0,4,6.0,8,5825,14738000
Delhi,Dwarka,4,2563,4.0,6,3,1.0,1.0,22,Fully-Furnished,Apartment,8.9,8.6,5.0,7,10.0,10,10757,27693000
Bengaluru,Koramangala,2,1122,2.0,2,2,2.0,1.0,36,Unfurnished,Apartment,6.9,5.7,0.0,4,9.0,5,4319,9495000
Bengaluru,Electronic City,2,1819,3.0,10,8,1.0,1.0,7,Unfurnished,Apartment,2.9,15.0,9.0,4,9.0,5,8467,16210000
Bengaluru,Yelahanka,5,2460,5.0,7,1,2.0,1.0,8,,Independent House,4.9,10.0,10.0,6,10.0,4,5891,22304000
Ahmedabad,Satellite,2,1283,2.0,5,4,1.0,1.0,5,Unfurnished,Apartment,7.5,6.7,4.0,2,3.0,6,6770,8581000
Visakhapatnam,MVP Colony,3,1763,2.0,7,4,3.0,1.0,18,Semi-Furnished,Independent House,7.1,4.8,10.0,6,6.0,4,5031,10840000
Delhi,Rohini,3,1632,3.0,12,12,2.0,2.0,7,Semi-Furnished,Apartment,4.6,12.6,2.0,3,2.0,1,8078,16172000
Delhi,Saket,2,1304,2.0,10,2,1.0,2.0,11,Semi-Furnished,Independent House,4.3,7.6,1.0,0,1.0,9,7376,11677000
Visakhapatnam,Seethammadhara,3,1823,4.0,15,13,2.0,2.0,24,Fully-Furnished,Apartment,4.0,4.7,5.0,0,6.0,6,7067,12108000
Hyderabad,Kondapur,1,1017,1.0,10,4,1.0,1.0,32,Fully-Furnished,Apartment,11.6,15.0,10.0,0,6.0,9,2800,7279000
Mumbai,Powai,3,2027,4.0,3,2,2.0,3.0,27,Semi-Furnished,Apartment,6.8,1.1,4.0,4,7.0,9,5620,32994000
Kolkata,Salt Lake,3,1939,4.0,8,7,1.0,3.0,4,Unfurnished,Villa,3.4,1.1,1.0,2,9.0,9,4956,13324000
Mumbai,Bandra,2,1448,2.0,2,2,0.0,2.0,28,Fully-Furnished,Apartment,6.8,1.4,5.0,5,6.0,5,7416,23858000
Vijayawada,Governorpet,3,2152,3.0,8,4,1.0,1.0,39,Semi-Furnished,Villa,13.8,2.6,8.0,1,7.0,6,5721,11222000
Hyderabad,Banjara Hills,4,2317,5.0,6,5,1.0,0.0,13,Semi-Furnished,Villa,5.6,3.9,7.0,7,2.0,1,12661,17334000
Delhi,Pitampura,4,2346,4.0,7,1,1.0,3.0,31,Semi-Furnished,Apartment,13.0,0.2,9.0,7,6.0,5,11604,23346000
Kolkata,New Town,2,1300,2.0,3,1,1.0,1.0,10,Semi-Furnished,Apartment,5.5,1.5,7.0,0,1.0,10,7597,8452000
Pune,Hinjewadi,3,1616,3.0,8,2,1.0,1.0,39,Semi-Furnished,Apartment,6.3,2.8,2.0,5,3.0,4,7540,12338000
Bengaluru,Indiranagar,2,1494,2.0,12,3,1.0,1.0,28,Semi-Furnished,Apartment,4.3,4.6,6.0,7,5.0,8,7537,13954000
Vijayawada,Patamata,1,872,1.0,6,1,2.0,2.0,13,Semi-Furnished,Apartment,1.3,7.3,1.0,4,10.0,8,1780,4189000
Delhi,Pitampura,2,996,3.0,3,2,0.0,1.0,0,Unfurnished,Apartment,3.2,4.4,3.0,5,1.0,9,2575,10163000
Visakhapatnam,Gajuwaka,3,1782,4.0,2,1,0.0,1.0,5,Fully-Furnished,Apartment,7.8,2.1,1.0,4,10.0,1,5552,11512000
Pune,Kharadi,2,1276,2.0,15,7,2.0,1.0,4,Unfurnished,Independent House,3.5,0.3,2.0,3,9.0,6,7216,10060000
Chennai,Velachery,2,990,3.0,8,5,1.0,2.0,3,Unfurnished,Independent House,16.7,0.5,6.0,2,3.0,6,5537,8970000
Vijayawada,Benz Circle,3,2050,2.0,10,10,2.0,3.0,37,Semi-Furnished,Apartment,15.5,0.4,10.0,0,8.0,2,10380,9306000
Bengaluru,Yelahanka,2,1240,2.0,2,1,1.0,1.0,37,Unfurnished,Apartment,5.2,7.9,4.0,2,7.0,3,6776,10147000
Vijayawada,Benz Circle,2,1692,1.0,6,1,1.0,3.0,30,Unfurnished,Apartment,4.2,1.0,10.0,3,5.0,5,4486,8136000
Vijayawada,Benz Circle,2,1112,3.0,6,2,1.0,3.0,8,Unfurnished,Apartment,5.5,3.2,7.0,4,1.0,3,3422,5960000
Delhi,Pitampura,5,2435,5.0,2,1,2.0,1.0,19,Semi-Furnished,Apartment,10.5,5.5,10.0,5,3.0,5,5511,23474000
Mumbai,Powai,2,1370,1.0,15,7,3.0,1.0,27,Fully-Furnished,Apartment,1.2,0.9,4.0,5,10.0,8,8168,24116000
Pune,Baner,1,1084,2.0,5,3,2.0,1.0,25,Semi-Furnished,Apartment,1.8,9.2,0.0,6,10.0,2,3802,9068000
Ahmedabad,Vastrapur,3,1736,3.0,10,8,2.0,2.0,12,Fully-Furnished,Apartment,9.2,1.4,9.0,2,8.0,2,7723,12948000
Chennai,Anna Nagar,4,2055,5.0,4,1,1.0,2.0,29,Semi-Furnished,Apartment,11.4,3.9,3.0,7,1.0,8,4571,15522000
Pune,Baner,3,1910,3.0,3,3,1.0,1.0,6,Unfurnished,Villa,11.4,8.5,0.0,3,2.0,6,4899,15796000
Vijayawada,Governorpet,1,772,2.0,8,2,2.0,3.0,13,Unfurnished,Apartment,4.5,5.7,8.0,0,8.0,2,3777,3994000
Delhi,Saket,3,1797,3.0,8,8,1.0,1.0,12,Unfurnished,Independent House,0.8,1.6,0.0,7,4.0,2,8906,17061000
Bengaluru,HSR Layout,2,1307,2.0,10,8,2.0,2.0,13,Semi-Furnished,Apartment,10.3,3.8,7.0,1,9.0,8,5614,13258000
Pune,Baner,5,2573,5.0,4,2,2.0,1.0,26,Unfurnished,Apartment,6.9,7.2,4.0,5,4.0,4,12906,19989000
Mumbai,Andheri,1,1130,1.0,3,2,0.0,1.0,28,Semi-Furnished,Apartment,15.5,3.1,7.0,3,10.0,7,3021,17578000
Visakhapatnam,Gajuwaka,4,1853,4.0,5,4,1.0,3.0,22,Fully-Furnished,Apartment,2.9,2.8,8.0,1,1.0,2,8859,11598000
Hyderabad,Kukatpally,3,1893,4.0,6,6,1.0,1.0,26,Semi-Furnished,Independent House,7.6,0.9,3.0,4,5.0,4,9777,13529000
Kolkata,Ballygunge,2,1711,2.0,6,4,2.0,3.0,5,Unfurnished,Villa,1.0,0.7,8.0,3,6.0,6,10076,10319000
Ahmedabad,Satellite,4,2232,3.0,8,4,3.0,1.0,19,Unfurnished,Apartment,1.4,5.8,5.0,5,10.0,5,7919,13992000
Pune,Wakad,4,2323,3.0,5,4,0.0,0.0,2,Fully-Furnished,Apartment,1.9,1.9,0.0,6,7.0,5,12399,21416000
Mumbai,Bandra,4,2236,4.0,6,3,0.0,1.0,22,Semi-Furnished,Apartment,4.3,1.1,0.0,1,10.0,10,6919,35627000
Pune,Kharadi,3,1472,4.0,5,2,2.0,2.0,7,Fully-Furnished,Apartment,2.8,2.3,8.0,2,1.0,8,8644,13626000
Hyderabad,Kukatpally,4,1931,4.0,5,1,3.0,2.0,29,Semi-Furnished,Apartment,11.5,5.2,10.0,1,4.0,9,9886,14096000
Vijayawada,Poranki,1,1004,1.0,12,12,1.0,0.0,16,Semi-Furnished,Apartment,1.3,2.3,0.0,1,5.0,8,2918,4451000
Vijayawada,Moghalrajpuram,3,1454,3.0,15,12,2.0,2.0,0,Fully-Furnished,Villa,10.6,1.8,8.0,2,3.0,5,8593,10338000
Pune,Baner,1,1010,1.0,6,1,1.0,1.0,15,Unfurnished,Apartment,6.8,3.5,7.0,5,10.0,7,5854,7284000
Pune,Hadapsar,3,1300,,8,7,2.0,0.0,8,Fully-Furnished,Apartment,5.1,4.5,9.0,2,7.0,9,3418,13710000
Pune,Viman Nagar,4,2402,4.0,3,1,1.0,1.0,24,Semi-Furnished,Apartment,6.6,0.6,1.0,5,3.0,7,5960,20308000
Visakhapatnam,MVP Colony,3,1640,3.0,7,6,2.0,1.0,8,Fully-Furnished,Apartment,5.3,7.2,2.0,7,5.0,3,4555,10872000
Ahmedabad,Vastrapur,3,2084,3.0,15,4,1.0,0.0,9,Unfurnished,Apartment,6.5,2.4,2.0,7,5.0,6,4709,15080000
Chennai,Velachery,4,2264,5.0,6,5,2.0,1.0,26,Fully-Furnished,Independent House,4.8,7.9,4.0,6,9.0,2,11285,18167000
Mumbai,Andheri,2,892,2.0,2,1,1.0,2.0,0,Semi-Furnished,Apartment,6.7,5.3,6.0,7,9.0,7,1811,15225000
Ahmedabad,Vastrapur,3,1833,3.0,4,2,1.0,0.0,33,Semi-Furnished,Apartment,11.9,1.2,7.0,3,10.0,1,7678,10858000
Kolkata,Dum Dum,5,2639,6.0,12,4,0.0,0.0,29,Fully-Furnished,Apartment,6.4,3.1,1.0,6,6.0,8,12230,18104000
Ahmedabad,Bodakdev,2,1062,3.0,8,5,1.0,0.0,5,Fully-Furnished,Independent House,7.6,3.0,7.0,4,3.0,10,5072,7600000
Delhi,Vasant Kunj,4,2219,5.0,10,9,2.0,2.0,0,Unfurnished,Villa,7.6,1.9,3.0,7,8.0,7,11557,22386000
Ahmedabad,Vastrapur,3,2121,3.0,5,5,2.0,0.0,7,Fully-Furnished,Apartment,7.0,2.0,7.0,4,9.0,5,8887,17213000
Chennai,OMR,3,1753,3.0,4,1,0.0,2.0,3,Fully-Furnished,Apartment,9.4,2.8,3.0,2,9.0,2,8319,13828000
Visakhapatnam,Madhurawada,4,2018,3.0,4,3,3.0,1.0,28,Semi-Furnished,Independent House,7.6,4.9,0.0,4,9.0,6,7360,12205000
Ahmedabad,Chandkheda,2,1480,2.0,15,8,3.0,1.0,34,Semi-Furnished,Apartment,19.1,1.7,4.0,6,8.0,9,5121,9488000
Bengaluru,HSR Layout,5,2432,6.0,2,1,2.0,1.0,29,Semi-Furnished,Independent House,11.0,2.0,5.0,6,1.0,7,6089,21374000
Vijayawada,Governorpet,3,1775,3.0,7,7,2.0,1.0,31,Semi-Furnished,Independent House,1.6,4.1,1.0,5,6.0,10,7175,9474000
Ahmedabad,Prahlad Nagar,3,1667,3.0,10,7,1.0,2.0,24,Semi-Furnished,Independent House,3.9,2.0,1.0,0,7.0,9,7095,10210000
Vijayawada,Moghalrajpuram,2,1397,3.0,8,3,2.0,1.0,17,Unfurnished,Apartment,4.0,2.5,5.0,5,1.0,4,5059,7056000
Visakhapatnam,MVP Colony,4,2384,4.0,2,1,1.0,1.0,24,Fully-Furnished,Villa,2.9,3.2,9.0,7,8.0,8,11493,14702000
Delhi,Saket,4,2293,5.0,6,2,0.0,1.0,26,Fully-Furnished,Independent House,7.3,4.6,4.0,2,3.0,9,13470,23668000
Mumbai,Bandra,3,1722,3.0,5,5,2.0,2.0,7,Fully-Furnished,Apartment,7.2,2.0,2.0,0,8.0,10,7073,29719000
Bengaluru,Electronic City,3,2038,2.0,7,6,1.0,1.0,35,Unfurnished,Apartment,13.3,0.2,4.0,3,5.0,6,10454,16881000
Kolkata,Dum Dum,2,1483,3.0,15,3,1.0,1.0,2,Fully-Furnished,Apartment,9.5,5.3,10.0,4,8.0,10,7877,11088000
Visakhapatnam,Seethammadhara,3,1462,4.0,10,6,1.0,3.0,1,Semi-Furnished,Independent House,3.5,4.4,2.0,5,4.0,9,7253,10005000
Mumbai,Andheri,3,1919,2.0,7,1,3.0,2.0,12,Semi-Furnished,Apartment,5.4,1.3,0.0,4,2.0,10,8495,30684000
Visakhapatnam,Rushikonda,3,1605,3.0,4,4,2.0,2.0,28,Semi-Furnished,Apartment,7.6,1.4,2.0,5,3.0,3,6498,9101000
Delhi,Dwarka,1,495,1.0,7,5,0.0,2.0,5,Fully-Furnished,Apartment,2.0,3.2,9.0,5,2.0,1,2621,4872000
Visakhapatnam,Gajuwaka,4,2462,3.0,4,3,2.0,1.0,34,Unfurnished,Independent House,6.4,1.4,6.0,5,5.0,2,10552,13012000
Visakhapatnam,Gajuwaka,1,697,1.0,4,4,2.0,1.0,20,Fully-Furnished,Villa,3.9,1.6,0.0,4,4.0,5,2952,4945000
Ahmedabad,Chandkheda,4,2507,4.0,2,1,1.0,1.0,37,Fully-Furnished,Apartment,3.5,6.9,6.0,3,4.0,5,14945,18634000
Mumbai,Andheri,4,2420,3.0,7,2,1.0,1.0,5,Fully-Furnished,Apartment,3.2,3.1,3.0,3,4.0,2,8854,39902000
Delhi,Rohini,2,1527,2.0,6,6,1.0,1.0,9,Semi-Furnished,Apartment,6.6,1.9,3.0,0,10.0,1,7482,14671000
Bengaluru,Yelahanka,4,2553,4.0,4,3,3.0,2.0,34,Unfurnished,Apartment,1.3,1.7,10.0,7,9.0,10,6929,23413000
Ahmedabad,Chandkheda,4,2347,3.0,10,6,2.0,2.0,10,Unfurnished,Apartment,9.1,15.0,6.0,0,8.0,4,7576,14780000
Delhi,Mayur Vihar,2,1302,3.0,10,5,2.0,1.0,6,Semi-Furnished,Apartment,13.4,15.0,5.0,6,5.0,7,5953,12157000
Hyderabad,Kukatpally,3,1855,3.0,7,3,1.0,0.0,24,Fully-Furnished,Independent House,5.9,5.2,5.0,0,6.0,7,9665,13669000
Hyderabad,Gachibowli,4,2385,4.0,15,2,1.0,0.0,14,Unfurnished,Apartment,6.9,2.4,6.0,0,10.0,5,8067,16763000
Hyderabad,Kukatpally,1,926,1.0,12,1,1.0,2.0,1,Fully-Furnished,Apartment,8.1,5.2,0.0,3,7.0,5,3690,8413000
Visakhapatnam,MVP Colony,4,2822,4.0,5,1,2.0,1.0,27,Unfurnished,Apartment,7.9,2.2,5.0,7,2.0,1,15046,14375000
Chennai,OMR,2,1287,3.0,7,4,1.0,0.0,30,Fully-Furnished,Apartment,6.3,1.7,2.0,6,9.0,10,5294,10860000
Ahmedabad,Chandkheda,2,1421,2.0,15,4,3.0,1.0,39,Semi-Furnished,Apartment,4.4,5.9,2.0,0,8.0,5,8110,8911000
Vijayawada,Moghalrajpuram,4,1920,4.0,4,3,2.0,2.0,28,Semi-Furnished,Apartment,3.8,3.3,0.0,7,7.0,1,11064,11102000
Kolkata,Behala,3,1949,3.0,3,1,2.0,2.0,6,Fully-Furnished,Apartment,7.8,1.0,2.0,5,8.0,6,5697,14209000
Hyderabad,Kondapur,2,1355,3.0,10,1,2.0,2.0,36,Unfurnished,Apartment,8.9,4.1,7.0,1,4.0,1,3103,8158000
Kolkata,Behala,3,1512,3.0,5,4,0.0,0.0,4,Semi-Furnished,Independent House,7.9,1.6,2.0,1,7.0,10,8911,9646000
Visakhapatnam,MVP Colony,2,1283,1.0,10,6,2.0,1.0,39,Semi-Furnished,Villa,15.5,2.3,8.0,6,6.0,3,3467,6873000
Ahmedabad,Maninagar,2,1563,2.0,2,1,1.0,0.0,3,Semi-Furnished,Apartment,9.3,3.6,8.0,5,3.0,5,8782,10377000
Kolkata,New Town,2,1191,2.0,3,3,2.0,2.0,9,Fully-Furnished,Apartment,8.5,0.2,0.0,6,4.0,6,4401,7850000
Visakhapatnam,Dwaraka Nagar,3,1741,4.0,7,5,1.0,2.0,16,Semi-Furnished,Independent House,2.9,5.2,1.0,0,7.0,4,5891,9865000
Mumbai,Borivali,2,1264,1.0,6,6,1.0,2.0,23,Fully-Furnished,Apartment,10.5,7.3,10.0,3,6.0,1,4828,20492000
Delhi,Rohini,2,1392,2.0,3,1,2.0,1.0,32,Unfurnished,Apartment,4.4,1.3,3.0,3,10.0,1,6217,13258000
Chennai,T Nagar,2,1308,2.0,2,1,1.0,1.0,4,Fully-Furnished,Villa,7.1,3.6,8.0,7,9.0,2,2771,12382000
Kolkata,New Town,4,2041,3.0,3,1,0.0,3.0,11,Unfurnished,Apartment,0.9,4.0,9.0,4,8.0,10,4771,12491000
Mumbai,Andheri,3,1817,4.0,7,7,1.0,2.0,25,Unfurnished,Apartment,10.0,7.9,9.0,2,2.0,3,7619,28086000
Mumbai,Thane,3,1556,2.0,15,6,1.0,1.0,23,Unfurnished,Apartment,3.9,3.3,8.0,0,4.0,5,3257,24360000
Ahmedabad,Vastrapur,4,2524,4.0,7,2,1.0,2.0,14,Semi-Furnished,Apartment,3.0,3.2,10.0,3,8.0,7,11308,18427000
Bengaluru,Electronic City,3,1839,3.0,12,9,0.0,2.0,30,Semi-Furnished,Apartment,1.7,5.0,4.0,2,4.0,7,9252,17351000
Visakhapatnam,Rushikonda,3,1655,4.0,7,2,1.0,1.0,13,Unfurnished,Independent House,7.6,1.4,1.0,3,6.0,9,8276,8367000
Mumbai,Borivali,4,1884,4.0,10,1,3.0,2.0,30,Fully-Furnished,Independent House,5.2,3.3,5.0,5,3.0,7,10460,30335000
Delhi,Saket,3,2207,4.0,4,4,2.0,2.0,3,Unfurnished,Independent House,2.8,1.7,3.0,0,5.0,2,9298,20477000
Visakhapatnam,Gajuwaka,2,1292,2.0,15,2,3.0,1.0,38,Semi-Furnished,Independent House,4.0,5.0,5.0,2,5.0,4,4484,6669000
Ahmedabad,Bodakdev,2,1175,1.0,12,8,1.0,1.0,15,Semi-Furnished,Villa,3.5,1.8,9.0,4,10.0,10,3877,9547000
Pune,Wakad,3,1876,4.0,6,1,1.0,0.0,11,Fully-Furnished,Independent House,5.2,1.6,10.0,1,6.0,9,9065,17295000
Vijayawada,Benz Circle,3,2102,4.0,15,14,1.0,1.0,9,Semi-Furnished,Apartment,8.3,3.7,4.0,0,6.0,7,10390,13619000
Chennai,T Nagar,2,1206,1.0,15,12,1.0,1.0,32,Unfurnished,Apartment,6.9,6.3,1.0,0,5.0,8,6327,8331000
Bengaluru,Koramangala,4,2041,5.0,10,10,2.0,2.0,2,Semi-Furnished,Apartment,9.4,0.4,1.0,4,8.0,1,7319,20893000
Pune,Wakad,3,1958,2.0,15,2,2.0,1.0,18,Semi-Furnished,Independent House,4.2,,8.0,3,8.0,9,7196,16062000
Delhi,Dwarka,5,2687,6.0,7,3,1.0,3.0,22,Fully-Furnished,Apartment,8.9,0.5,9.0,2,1.0,9,10977,28431000
Mumbai,Powai,2,1466,2.0,8,3,1.0,1.0,33,Semi-Furnished,Apartment,16.5,4.4,9.0,7,3.0,9,3988,23082000
Visakhapatnam,Madhurawada,3,1849,4.0,4,4,0.0,1.0,3,Semi-Furnished,Apartment,1.2,2.6,0.0,2,6.0,6,8328,12204000
Delhi,Pitampura,4,2045,5.0,4,3,2.0,0.0,18,Semi-Furnished,Apartment,4.1,8.4,8.0,7,2.0,10,10882,21036000
Hyderabad,Kukatpally,2,1201,2.0,10,2,1.0,2.0,27,Fully-Furnished,Apartment,5.8,2.5,0.0,6,1.0,4,2605,9319000
Ahmedabad,Maninagar,2,1742,1.0,4,4,2.0,1.0,8,Semi-Furnished,Independent House,8.9,0.8,3.0,2,10.0,7,8417,12820000
Visakhapatnam,Madhurawada,4,2410,4.0,4,4,3.0,1.0,33,Unfurnished,Villa,4.7,0.8,2.0,0,9.0,10,9763,13547000
Chennai,Porur,2,1484,2.0,7,5,1.0,1.0,21,Semi-Furnished,Apartment,6.7,9.2,0.0,7,2.0,1,6231,9823000
Kolkata,Ballygunge,3,1838,4.0,3,3,1.0,2.0,8,Semi-Furnished,Independent House,6.7,7.1,2.0,7,7.0,7,5538,12911000
Delhi,Mayur Vihar,3,1831,2.0,4,3,2.0,2.0,39,Unfurnished,Apartment,3.8,4.9,6.0,2,3.0,6,5127,16692000
Hyderabad,Banjara Hills,4,1916,4.0,5,3,2.0,1.0,38,Semi-Furnished,Apartment,12.2,8.7,10.0,3,1.0,4,11352,13238000
Vijayawada,Patamata,2,1390,3.0,15,7,2.0,1.0,17,Semi-Furnished,Independent House,7.7,1.4,9.0,0,5.0,4,4482,6448000
Bengaluru,Electronic City,3,1788,3.0,12,7,2.0,1.0,38,Unfurnished,Apartment,1.2,6.0,9.0,7,8.0,2,5915,15112000
Hyderabad,Miyapur,3,2078,3.0,15,11,1.0,2.0,21,Unfurnished,Apartment,3.3,4.1,10.0,0,4.0,4,11638,13560000
Hyderabad,Madhapur,2,1231,2.0,2,1,2.0,1.0,39,Semi-Furnished,Apartment,6.7,,3.0,2,10.0,9,5130,8536000
Delhi,Vasant Kunj,2,1673,3.0,8,1,0.0,2.0,1,Semi-Furnished,Apartment,3.4,3.1,3.0,7,1.0,3,5863,17103000
Vijayawada,Poranki,4,2103,3.0,2,1,2.0,2.0,26,Unfurnished,Apartment,0.6,4.1,6.0,0,6.0,6,5200,9757000
Vijayawada,Gunadala,2,1114,,2,2,1.0,1.0,37,Fully-Furnished,Independent House,5.7,4.4,1.0,2,10.0,10,4528,7630000
Delhi,Dwarka,2,1450,3.0,5,4,2.0,1.0,5,Semi-Furnished,Apartment,2.1,4.9,7.0,0,8.0,2,8326,13795000
Pune,Wakad,2,1213,1.0,15,8,2.0,1.0,25,Fully-Furnished,Apartment,9.7,4.1,8.0,3,3.0,1,3067,11068000
Delhi,Pitampura,3,1660,3.0,12,11,1.0,3.0,14,Unfurnished,Apartment,25.0,0.5,4.0,6,2.0,9,4634,16764000
Visakhapatnam,Rushikonda,3,1989,4.0,5,3,1.0,2.0,3,Unfurnished,Apartment,4.1,5.3,5.0,3,9.0,7,11605,12137000
Chennai,T Nagar,5,2740,5.0,4,2,1.0,2.0,8,Unfurnished,Apartment,2.4,2.0,6.0,6,7.0,5,5707,22234000
Visakhapatnam,Dwaraka Nagar,3,1843,4.0,6,5,1.0,2.0,40,Semi-Furnished,Apartment,6.3,4.7,2.0,1,6.0,4,8362,9160000
Hyderabad,Kondapur,2,1547,2.0,3,3,1.0,1.0,8,Unfurnished,Apartment,6.5,2.4,10.0,1,1.0,2,6048,10556000
Bengaluru,Electronic City,5,2135,5.0,10,3,1.0,1.0,17,Unfurnished,Apartment,16.0,6.7,0.0,6,10.0,8,5207,20001000
Pune,Hinjewadi,3,1689,3.0,3,1,3.0,1.0,10,Fully-Furnished,Independent House,5.6,7.0,9.0,5,10.0,2,5548,16035000
Hyderabad,Gachibowli,1,1019,2.0,3,1,1.0,2.0,36,Unfurnished,Apartment,4.7,3.6,1.0,1,6.0,5,5102,6081000
Bengaluru,Whitefield,2,1244,2.0,3,1,2.0,1.0,3,Semi-Furnished,Apartment,9.8,8.9,3.0,0,10.0,6,4156,11408000
Pune,Hadapsar,4,2091,5.0,10,9,1.0,1.0,11,Unfurnished,Independent House,2.3,2.6,0.0,3,5.0,9,8112,17121000
Pune,Viman Nagar,3,1521,3.0,12,10,1.0,2.0,16,Semi-Furnished,Independent House,14.4,6.2,7.0,5,8.0,4,3883,11098000
Visakhapatnam,MVP Colony,2,1405,2.0,12,12,1.0,2.0,40,Semi-Furnished,Apartment,1.0,6.1,1.0,3,4.0,10,6109,6611000
Kolkata,Dum Dum,5,2524,6.0,5,5,1.0,1.0,39,Semi-Furnished,Apartment,7.6,2.0,1.0,5,8.0,7,14186,15833000
Mumbai,Powai,4,2630,5.0,6,2,2.0,0.0,3,Semi-Furnished,Villa,9.9,2.6,1.0,0,6.0,5,14255,43090000
Kolkata,Behala,3,1959,3.0,5,5,1.0,1.0,36,Fully-Furnished,Apartment,15.0,8.7,4.0,1,2.0,2,9321,12367000
Delhi,Vasant Kunj,3,1939,4.0,12,11,1.0,2.0,6,Unfurnished,Apartment,6.9,9.8,8.0,1,9.0,4,3970,19166000
Bengaluru,Indiranagar,5,3001,6.0,15,14,1.0,3.0,6,Semi-Furnished,Independent House,9.8,9.0,3.0,5,8.0,8,12081,29842000
Pune,Kharadi,1,1006,2.0,15,12,1.0,3.0,17,Semi-Furnished,Apartment,5.6,15.0,8.0,6,10.0,8,4831,8715000
Mumbai,Borivali,3,1882,2.0,12,11,1.0,2.0,6,Semi-Furnished,Apartment,4.6,9.4,4.0,3,4.0,4,6747,30782000
Visakhapatnam,Gajuwaka,2,1400,1.0,6,3,2.0,2.0,31,Unfurnished,Independent House,3.2,2.4,5.0,6,9.0,1,3759,7596000
Delhi,Vasant Kunj,2,1386,1.0,15,14,3.0,0.0,0,Unfurnished,Apartment,4.4,2.1,1.0,2,7.0,5,3704,13859000
Mumbai,Andheri,3,1717,4.0,6,3,2.0,1.0,0,Unfurnished,Apartment,10.0,4.5,10.0,0,5.0,7,9350,26881000
Pune,Wakad,3,2082,4.0,6,6,1.0,2.0,17,Fully-Furnished,Apartment,6.4,2.2,5.0,1,4.0,2,9390,18885000
Mumbai,Andheri,3,1869,4.0,5,4,3.0,1.0,15,Semi-Furnished,Apartment,9.2,1.9,6.0,7,9.0,3,8518,32681000
Hyderabad,Miyapur,2,1476,2.0,7,2,1.0,3.0,23,Unfurnished,Apartment,18.0,1.3,1.0,6,8.0,10,8171,9867000
Bengaluru,Yelahanka,2,1383,2.0,3,2,1.0,1.0,26,Fully-Furnished,Apartment,18.3,2.8,6.0,4,5.0,1,4701,13401000
Mumbai,Powai,3,1774,3.0,6,3,2.0,0.0,4,Semi-Furnished,Independent House,16.3,9.5,7.0,7,3.0,4,6330,28335000
Vijayawada,Moghalrajpuram,3,1975,4.0,8,8,0.0,0.0,32,Semi-Furnished,Apartment,0.9,4.4,6.0,1,2.0,8,4514,9773000
Pune,Wakad,3,1400,3.0,3,2,2.0,1.0,4,Unfurnished,Apartment,10.1,2.6,4.0,0,1.0,10,7351,12175000
Kolkata,Salt Lake,3,1761,2.0,12,2,1.0,1.0,19,Fully-Furnished,Apartment,18.7,2.0,5.0,5,7.0,2,10003,11943000
Hyderabad,Banjara Hills,4,1984,5.0,12,1,3.0,1.0,23,Unfurnished,Villa,7.6,3.0,4.0,6,3.0,2,7321,12383000
Chennai,Velachery,1,878,1.0,4,2,0.0,1.0,25,Semi-Furnished,Apartment,5.2,3.1,1.0,2,8.0,4,2875,6671000
Hyderabad,Kondapur,4,2199,5.0,3,1,0.0,2.0,10,Semi-Furnished,Apartment,5.1,1.2,3.0,7,7.0,1,9589,17943000
Kolkata,Salt Lake,4,1982,4.0,7,3,0.0,2.0,5,Semi-Furnished,Apartment,6.8,2.3,3.0,7,8.0,8,4984,13096000
Kolkata,Salt Lake,3,1458,4.0,5,3,0.0,1.0,12,Fully-Furnished,Apartment,12.0,2.5,6.0,3,6.0,6,8544,11239000
Mumbai,Bandra,2,1269,3.0,7,3,3.0,0.0,40,Semi-Furnished,Villa,5.0,3.4,0.0,2,8.0,4,4604,17997000
Bengaluru,Koramangala,3,1609,3.0,10,8,1.0,3.0,4,Semi-Furnished,Apartment,2.9,0.5,10.0,3,9.0,8,8797,16888000
Visakhapatnam,Madhurawada,3,1149,3.0,8,4,1.0,2.0,40,Semi-Furnished,Apartment,7.4,3.3,6.0,0,1.0,6,5023,7140000
Chennai,T Nagar,3,2048,4.0,8,7,1.0,2.0,13,Semi-Furnished,Apartment,15.4,5.6,1.0,2,9.0,1,12088,16371000
Hyderabad,Banjara Hills,2,1057,2.0,10,2,0.0,1.0,30,Semi-Furnished,Apartment,8.3,1.3,1.0,6,7.0,7,3235,8358000
Delhi,Pitampura,5,2515,6.0,5,5,2.0,2.0,37,Semi-Furnished,Apartment,23.2,3.9,4.0,7,9.0,2,14941,24031000
Visakhapatnam,Rushikonda,4,2245,4.0,3,3,3.0,0.0,14,Fully-Furnished,Independent House,5.1,9.1,5.0,5,10.0,1,11507,14819000
Kolkata,Rajarhat,3,2219,2.0,8,6,2.0,2.0,15,Semi-Furnished,Apartment,5.3,3.5,1.0,5,9.0,7,13274,15036000
Pune,Baner,4,2073,4.0,3,3,1.0,1.0,22,Semi-Furnished,Villa,5.5,3.2,6.0,1,5.0,6,9570,18223000
Mumbai,Navi Mumbai,2,1212,2.0,2,1,1.0,3.0,38,Unfurnished,Apartment,2.7,3.9,7.0,6,3.0,6,4596,18845000
Kolkata,Rajarhat,4,2664,4.0,5,2,1.0,2.0,30,Semi-Furnished,Apartment,2.5,5.8,9.0,4,3.0,6,12454,16236000
Mumbai,Navi Mumbai,3,1749,3.0,8,8,1.0,2.0,13,Semi-Furnished,Independent House,2.9,6.3,0.0,1,2.0,4,9010,26913000
Hyderabad,Kukatpally,3,2337,3.0,3,1,2.0,1.0,25,Fully-Furnished,Apartment,10.9,3.2,6.0,4,6.0,1,10761,18546000
Hyderabad,Kukatpally,3,1567,4.0,4,1,1.0,2.0,19,Semi-Furnished,Villa,9.8,1.7,3.0,2,6.0,5,7358,11202000
Delhi,Dwarka,3,1586,4.0,12,10,2.0,1.0,8,Unfurnished,Apartment,6.9,2.0,1.0,1,3.0,6,4405,16894000
Visakhapatnam,MVP Colony,4,2237,4.0,7,3,1.0,2.0,39,Fully-Furnished,Apartment,18.5,4.8,6.0,6,6.0,8,5575,13814000
Hyderabad,Kukatpally,4,2190,4.0,10,4,0.0,2.0,17,Semi-Furnished,Apartment,6.0,2.3,5.0,7,2.0,1,12608,16837000
Ahmedabad,Maninagar,4,2210,4.0,8,7,3.0,1.0,1,Fully-Furnished,Apartment,5.6,6.9,0.0,2,3.0,8,9773,17645000
Mumbai,Borivali,3,2307,4.0,4,3,1.0,2.0,16,Fully-Furnished,Apartment,7.5,2.8,2.0,0,3.0,5,7588,37544000
Hyderabad,Gachibowli,2,1249,2.0,6,1,2.0,1.0,32,Semi-Furnished,Apartment,9.4,3.1,10.0,4,9.0,6,4029,9181000
Mumbai,Thane,1,1037,1.0,2,1,2.0,1.0,13,Semi-Furnished,Independent House,1.9,2.7,7.0,2,4.0,8,4695,18125000
Pune,Kharadi,3,1508,2.0,15,13,2.0,1.0,5,Semi-Furnished,Apartment,8.8,0.8,7.0,0,1.0,7,4772,13314000
Delhi,Dwarka,5,2913,4.0,15,11,2.0,1.0,40,Fully-Furnished,Apartment,16.4,4.8,6.0,0,10.0,10,12975,29730000
Ahmedabad,Vastrapur,4,2207,3.0,6,6,2.0,0.0,32,Unfurnished,Apartment,7.4,3.7,6.0,6,3.0,3,7214,13798000
Kolkata,New Town,1,918,1.0,2,1,2.0,1.0,24,Fully-Furnished,Apartment,3.6,4.0,1.0,4,7.0,4,1992,6490000
Kolkata,New Town,2,1210,3.0,4,4,1.0,2.0,36,Semi-Furnished,Apartment,9.3,3.3,6.0,1,9.0,9,3481,7518000
Kolkata,Salt Lake,5,2442,5.0,2,1,2.0,0.0,21,Unfurnished,Apartment,3.3,1.6,9.0,6,8.0,7,9507,15369000
Bengaluru,Electronic City,2,1440,2.0,7,4,2.0,3.0,14,Semi-Furnished,Apartment,3.1,11.9,8.0,0,2.0,6,7139,13824000
Vijayawada,Governorpet,4,2151,4.0,6,2,2.0,3.0,38,Unfurnished,Apartment,9.6,5.5,5.0,6,3.0,6,7896,10087000
Visakhapatnam,Madhurawada,4,2590,3.0,8,1,2.0,1.0,26,Semi-Furnished,Apartment,15.6,7.9,6.0,2,3.0,3,14736,15494000
Ahmedabad,Satellite,5,2821,6.0,8,7,1.0,1.0,1,Unfurnished,Apartment,6.9,0.9,1.0,4,7.0,5,10936,19047000
Hyderabad,Banjara Hills,3,2117,4.0,2,2,2.0,2.0,8,Semi-Furnished,Apartment,4.6,2.5,6.0,4,7.0,1,5322,15954000
Hyderabad,Kondapur,2,1736,1.0,7,6,1.0,1.0,17,Fully-Furnished,Villa,13.3,0.7,9.0,4,10.0,9,6956,14278000
Chennai,Anna Nagar,4,2145,4.0,6,5,1.0,2.0,4,Semi-Furnished,Independent House,1.7,2.6,6.0,5,3.0,7,10064,17033000
Vijayawada,Moghalrajpuram,4,2449,4.0,3,1,1.0,1.0,9,Unfurnished,Independent House,7.6,7.6,3.0,3,3.0,5,10953,12845000
Mumbai,Thane,3,1856,3.0,15,3,1.0,2.0,35,Semi-Furnished,Apartment,2.2,5.8,8.0,3,8.0,8,4182,29767000
Mumbai,Thane,3,1787,2.0,2,1,2.0,3.0,16,Fully-Furnished,Independent House,5.2,8.0,2.0,4,2.0,10,9975,29935000
Chennai,Adyar,2,1520,2.0,10,5,0.0,2.0,12,Unfurnished,Apartment,4.1,4.0,4.0,5,8.0,1,5730,11870000
Delhi,Rohini,4,2170,4.0,10,1,2.0,1.0,17,Semi-Furnished,Apartment,3.2,5.5,2.0,3,2.0,3,6705,20565000
Vijayawada,Benz Circle,4,2036,4.0,3,3,2.0,2.0,9,Unfurnished,Villa,5.2,1.7,9.0,7,5.0,7,5567,11651000
Mumbai,Navi Mumbai,5,2616,5.0,3,2,2.0,3.0,23,Semi-Furnished,Villa,7.1,1.8,7.0,0,6.0,2,9282,40789000
Kolkata,Salt Lake,5,2565,5.0,8,4,2.0,3.0,28,Unfurnished,Apartment,3.5,7.3,7.0,2,7.0,1,10768,14700000
Pune,Hadapsar,5,2819,5.0,4,1,2.0,1.0,7,Unfurnished,Apartment,7.3,2.5,3.0,6,9.0,1,14223,23426000
Kolkata,Ballygunge,2,1265,1.0,5,1,1.0,2.0,34,Semi-Furnished,Apartment,3.2,0.4,5.0,3,7.0,10,6468,6126000
Pune,Viman Nagar,2,1198,3.0,7,7,2.0,2.0,32,Semi-Furnished,Apartment,0.5,1.5,4.0,3,5.0,5,6951,9923000
Delhi,Rohini,4,2147,3.0,5,4,1.0,2.0,10,Semi-Furnished,Apartment,0.9,1.5,8.0,1,5.0,9,10481,22491000
Delhi,Vasant Kunj,3,2263,4.0,4,3,1.0,2.0,28,Semi-Furnished,Apartment,7.8,3.7,10.0,4,4.0,7,11330,22179000
Ahmedabad,Chandkheda,2,1549,2.0,10,9,2.0,2.0,6,Unfurnished,Apartment,6.3,2.6,10.0,0,6.0,4,8639,10742000
Pune,Baner,2,1898,2.0,8,5,0.0,1.0,8,Unfurnished,Apartment,2.8,1.4,2.0,4,5.0,8,4493,14715000
Mumbai,Borivali,4,2075,3.0,5,4,1.0,2.0,19,Semi-Furnished,Independent House,8.1,2.1,4.0,5,9.0,9,10641,33756000
Mumbai,Navi Mumbai,2,1115,3.0,7,1,1.0,3.0,23,Semi-Furnished,Apartment,25.0,1.8,6.0,3,2.0,6,2542,16588000
Kolkata,Salt Lake,2,1597,3.0,3,1,3.0,1.0,12,Semi-Furnished,Independent House,1.2,1.4,9.0,7,9.0,10,3497,10116000
Pune,Hadapsar,3,1752,2.0,7,5,0.0,2.0,11,Fully-Furnished,Independent House,1.6,2.0,0.0,4,10.0,4,6788,16578000
Mumbai,Bandra,2,1355,1.0,12,12,2.0,2.0,29,Fully-Furnished,Apartment,20.9,2.2,4.0,1,3.0,8,7811,21238000
Hyderabad,Banjara Hills,2,1425,2.0,5,5,2.0,1.0,6,Semi-Furnished,Apartment,8.9,2.9,3.0,0,3.0,5,4119,10278000
Vijayawada,Governorpet,3,1930,2.0,15,2,2.0,1.0,0,Semi-Furnished,Independent House,5.6,15.0,3.0,1,9.0,9,5826,12204000
Kolkata,New Town,3,2076,3.0,7,4,2.0,1.0,12,Semi-Furnished,Apartment,14.7,0.3,0.0,1,3.0,3,9391,12584000
Bengaluru,Indiranagar,5,2473,6.0,4,3,3.0,1.0,35,Unfurnished,Apartment,5.0,0.9,1.0,6,1.0,5,11898,21004000
Mumbai,Bandra,3,1955,3.0,2,2,2.0,2.0,0,Semi-Furnished,Apartment,7.5,0.8,4.0,1,1.0,2,9302,30297000
Vijayawada,Patamata,4,1959,4.0,15,7,3.0,1.0,10,Fully-Furnished,Apartment,2.8,0.6,3.0,6,3.0,10,7604,11706000
Visakhapatnam,Gajuwaka,1,1412,2.0,7,1,2.0,2.0,5,Unfurnished,Apartment,5.6,1.2,4.0,6,5.0,3,6058,8548000
Mumbai,Thane,3,1327,3.0,2,2,2.0,2.0,16,Semi-Furnished,Apartment,4.8,6.3,0.0,4,1.0,3,3848,19504000
Mumbai,Borivali,3,2076,3.0,3,1,0.0,1.0,38,Unfurnished,Independent House,11.1,2.7,1.0,4,10.0,1,5004,30901000
Kolkata,Salt Lake,3,1681,2.0,8,8,3.0,1.0,33,Semi-Furnished,Apartment,7.3,7.7,3.0,4,6.0,3,6284,9416000
Mumbai,Bandra,4,2314,5.0,8,4,0.0,1.0,26,Semi-Furnished,Apartment,5.3,6.0,2.0,4,3.0,1,10502,35861000
Delhi,Pitampura,2,1483,2.0,2,1,1.0,1.0,9,Semi-Furnished,Independent House,10.2,0.8,4.0,5,9.0,1,5687,15906000
Visakhapatnam,MVP Colony,2,1282,1.0,3,2,3.0,1.0,29,Semi-Furnished,Villa,11.0,9.8,9.0,5,9.0,10,4733,6396000
Visakhapatnam,Dwaraka Nagar,1,1055,1.0,2,1,1.0,1.0,19,Semi-Furnished,Apartment,7.1,3.0,4.0,7,1.0,1,6058,6587000
Bengaluru,Yelahanka,4,2083,5.0,12,9,2.0,2.0,25,Unfurnished,Apartment,4.4,9.5,2.0,5,7.0,8,8874,17981000
Vijayawada,Gunadala,2,1269,2.0,12,12,1.0,1.0,13,Semi-Furnished,Apartment,9.6,2.6,0.0,7,5.0,1,7296,6386000
Hyderabad,Miyapur,1,878,1.0,8,1,2.0,3.0,35,Semi-Furnished,Apartment,7.0,1.3,2.0,1,7.0,10,2432,5014000
Kolkata,Salt Lake,5,2477,5.0,2,2,1.0,1.0,35,Semi-Furnished,Independent House,2.4,1.5,2.0,2,3.0,8,9362,16329000
Visakhapatnam,Dwaraka Nagar,3,1790,3.0,8,5,1.0,2.0,13,Semi-Furnished,Apartment,11.8,0.6,10.0,2,9.0,9,7878,10326000
Mumbai,Andheri,1,809,1.0,10,5,2.0,1.0,12,Fully-Furnished,Apartment,1.9,3.7,3.0,0,1.0,2,3339,12608000
Visakhapatnam,Gajuwaka,2,1401,2.0,10,8,0.0,3.0,21,Unfurnished,Independent House,3.2,3.2,10.0,4,2.0,1,7282,7287000
Chennai,T Nagar,4,2127,5.0,10,5,2.0,0.0,23,Unfurnished,Independent House,6.7,3.5,5.0,7,1.0,3,8881,16720000
Pune,Viman Nagar,5,2732,5.0,12,3,1.0,1.0,16,Unfurnished,Apartment,4.4,6.2,8.0,0,1.0,5,6845,20459000
Pune,Hinjewadi,3,1408,4.0,12,5,3.0,3.0,36,Unfurnished,Apartment,10.3,6.2,2.0,3,5.0,5,7498,10509000
Hyderabad,Kukatpally,1,908,1.0,5,2,1.0,1.0,20,Semi-Furnished,Independent House,0.9,3.9,5.0,5,5.0,5,3828,6845000
Delhi,Saket,2,1411,3.0,12,9,2.0,1.0,19,Semi-Furnished,Apartment,4.8,10.4,8.0,7,9.0,10,3362,15207000
Mumbai,Bandra,4,2444,3.0,12,7,1.0,2.0,14,Semi-Furnished,Villa,0.9,4.3,9.0,6,4.0,7,14511,39393000
Delhi,Rohini,4,2365,3.0,7,1,1.0,1.0,6,Unfurnished,Apartment,0.5,7.9,9.0,5,5.0,8,5144,22696000
Chennai,Porur,2,1045,1.0,7,4,2.0,1.0,25,Unfurnished,Apartment,9.5,2.3,6.0,2,5.0,1,4464,6697000
Hyderabad,Gachibowli,5,2975,5.0,10,2,2.0,1.0,30,Unfurnished,Independent House,15.2,9.7,9.0,1,8.0,3,17775,19225000
Visakhapatnam,Dwaraka Nagar,3,1919,4.0,8,7,2.0,0.0,30,Semi-Furnished,Apartment,0.5,5.9,4.0,0,9.0,6,4504,9188000
Delhi,Pitampura,1,764,1.0,4,1,1.0,2.0,0,Semi-Furnished,Villa,15.6,8.1,5.0,5,10.0,10,3189,9580000
Kolkata,Salt Lake,3,1702,3.0,15,4,1.0,1.0,24,Fully-Furnished,Apartment,2.6,4.9,6.0,4,6.0,4,7560,10060000
Visakhapatnam,Dwaraka Nagar,4,2355,5.0,12,10,2.0,1.0,27,Semi-Furnished,Villa,2.4,2.4,5.0,0,4.0,3,9811,12938000
Pune,Baner,3,1775,3.0,12,9,2.0,1.0,4,Unfurnished,Apartment,4.7,3.2,7.0,7,1.0,4,8860,14595000
Chennai,Adyar,4,2516,3.0,7,3,2.0,1.0,2,Semi-Furnished,Apartment,2.3,2.6,5.0,4,1.0,5,12821,20417000
Ahmedabad,Satellite,1,873,1.0,12,1,2.0,1.0,24,Fully-Furnished,Apartment,4.5,4.8,6.0,2,4.0,9,2848,5731000
Vijayawada,Poranki,3,1814,3.0,4,2,1.0,0.0,39,Unfurnished,Independent House,6.6,1.0,9.0,6,7.0,9,6300,7517000
Kolkata,Dum Dum,3,2111,2.0,6,3,1.0,2.0,29,Fully-Furnished,Villa,10.4,2.1,6.0,1,3.0,3,10181,13305000
Bengaluru,HSR Layout,1,1119,1.0,6,2,1.0,2.0,5,Semi-Furnished,Apartment,1.3,6.6,2.0,4,3.0,1,4731,9773000
Chennai,Porur,3,1392,3.0,7,2,2.0,2.0,39,Unfurnished,Apartment,8.0,2.9,9.0,3,7.0,4,6802,10313000
Ahmedabad,Chandkheda,4,2482,4.0,6,2,3.0,0.0,5,Semi-Furnished,Apartment,2.3,4.4,2.0,7,4.0,5,13100,17568000
Bengaluru,Yelahanka,5,2788,6.0,2,1,2.0,1.0,30,Fully-Furnished,Villa,5.6,1.3,0.0,4,10.0,6,8654,28668000
Delhi,Mayur Vihar,2,1154,2.0,15,15,1.0,1.0,28,Unfurnished,Independent House,9.1,2.6,5.0,4,3.0,9,3001,11207000
Visakhapatnam,Seethammadhara,2,1360,3.0,8,1,2.0,1.0,17,Fully-Furnished,Independent House,5.5,2.1,8.0,1,7.0,9,4187,9974000
Pune,Hadapsar,2,1373,1.0,6,3,2.0,1.0,23,Unfurnished,Apartment,3.9,0.8,7.0,1,2.0,2,3254,10856000
Mumbai,Thane,3,1795,4.0,4,1,2.0,2.0,34,Unfurnished,Independent House,17.6,3.6,6.0,6,6.0,7,4236,26920000
Visakhapatnam,MVP Colony,3,1905,3.0,3,1,2.0,1.0,24,Semi-Furnished,Independent House,9.0,6.4,5.0,7,1.0,6,6089,9985000
Mumbai,Thane,4,2479,5.0,2,2,2.0,0.0,10,Semi-Furnished,Apartment,8.8,3.1,10.0,6,7.0,7,8241,39262000
Chennai,Anna Nagar,4,2060,4.0,2,1,1.0,1.0,23,Semi-Furnished,Independent House,11.0,1.7,7.0,0,9.0,7,7591,17115000
Ahmedabad,Bodakdev,5,2725,6.0,3,2,1.0,2.0,29,Unfurnished,Apartment,4.1,3.0,8.0,3,3.0,1,7411,16180000
Delhi,Mayur Vihar,5,2379,5.0,7,3,2.0,2.0,0,Fully-Furnished,Apartment,5.0,4.2,3.0,6,1.0,2,9232,25240000
Pune,Hadapsar,4,2195,4.0,12,9,1.0,1.0,35,Fully-Furnished,Independent House,8.2,3.3,6.0,7,3.0,1,11424,19214000
Visakhapatnam,Dwaraka Nagar,1,829,1.0,10,1,1.0,2.0,27,Unfurnished,Apartment,4.4,6.6,7.0,6,1.0,10,4323,4812000
Chennai,OMR,5,2500,5.0,3,2,1.0,0.0,9,Fully-Furnished,Apartment,9.4,2.1,0.0,4,8.0,6,6653,21918000
Visakhapatnam,Dwaraka Nagar,3,1998,3.0,7,1,2.0,1.0,1,Semi-Furnished,Independent House,7.6,2.6,10.0,5,4.0,5,10960,12988000
Chennai,Porur,2,1229,2.0,2,1,1.0,1.0,9,Fully-Furnished,Independent House,2.8,3.5,10.0,6,8.0,8,7051,10122000
Kolkata,Behala,5,2450,6.0,12,8,3.0,2.0,29,Fully-Furnished,Apartment,6.7,4.7,5.0,5,3.0,2,11173,17131000
Delhi,Vasant Kunj,3,1474,4.0,5,1,1.0,1.0,3,Fully-Furnished,Apartment,1.2,1.6,4.0,6,9.0,10,3546,17656000
Hyderabad,Gachibowli,2,1191,2.0,12,4,1.0,1.0,15,Fully-Furnished,Independent House,13.1,3.7,0.0,7,7.0,2,2592,9640000
Hyderabad,Madhapur,2,1349,1.0,3,2,3.0,1.0,31,Semi-Furnished,Apartment,3.1,0.9,3.0,7,2.0,3,5571,8983000
Delhi,Saket,2,1520,2.0,6,5,1.0,1.0,38,Unfurnished,Apartment,8.8,3.2,10.0,2,6.0,5,3799,13658000
Hyderabad,Miyapur,2,1170,2.0,2,1,0.0,3.0,15,Fully-Furnished,Independent House,8.9,4.5,4.0,6,4.0,10,3291,9573000
Pune,Kharadi,4,2103,3.0,6,4,2.0,2.0,15,Semi-Furnished,Apartment,6.0,5.7,1.0,4,3.0,1,9459,17171000
Mumbai,Thane,4,2429,3.0,2,1,0.0,0.0,12,Unfurnished,Apartment,18.7,4.7,8.0,0,8.0,9,9877,37140000
Visakhapatnam,Madhurawada,3,2239,2.0,5,2,2.0,1.0,35,Fully-Furnished,Apartment,6.5,4.4,8.0,4,6.0,5,7851,13951000
Visakhapatnam,Gajuwaka,3,1544,3.0,2,2,0.0,1.0,11,Semi-Furnished,Independent House,9.1,3.1,7.0,5,2.0,2,6871,9936000
Vijayawada,Benz Circle,3,1623,4.0,15,1,2.0,1.0,18,Semi-Furnished,Apartment,15.1,0.2,5.0,5,1.0,3,5950,7406000
Delhi,Rohini,3,1954,2.0,2,2,2.0,2.0,10,Semi-Furnished,Apartment,3.8,1.8,5.0,6,5.0,3,11078,19125000
Vijayawada,Poranki,2,1460,1.0,5,3,1.0,1.0,19,Semi-Furnished,Independent House,9.3,4.2,6.0,2,7.0,8,3463,8634000
Kolkata,New Town,1,792,1.0,7,5,2.0,1.0,23,Unfurnished,Apartment,14.5,3.4,3.0,6,6.0,3,3104,3162000
Chennai,T Nagar,1,968,1.0,10,6,3.0,3.0,31,Semi-Furnished,Apartment,2.4,4.3,5.0,3,2.0,5,5739,7472000
Mumbai,Borivali,5,2355,4.0,12,9,2.0,1.0,23,Fully-Furnished,Apartment,21.9,1.8,1.0,1,9.0,8,13823,38278000
Visakhapatnam,Seethammadhara,4,2323,4.0,5,1,0.0,2.0,3,Semi-Furnished,Apartment,12.6,1.5,7.0,4,7.0,6,12993,13870000
Vijayawada,Patamata,4,2033,5.0,6,2,1.0,3.0,37,Semi-Furnished,Independent House,8.5,2.7,10.0,4,8.0,8,12111,10105000
Chennai,OMR,4,1982,5.0,3,2,3.0,1.0,24,Unfurnished,Apartment,25.0,2.5,2.0,0,7.0,2,9523,13896000
Hyderabad,Banjara Hills,4,2341,5.0,4,1,1.0,1.0,13,Semi-Furnished,Villa,8.7,6.2,3.0,2,2.0,4,8954,18167000
Delhi,Vasant Kunj,4,2121,4.0,10,3,0.0,2.0,6,Semi-Furnished,Apartment,7.9,4.9,8.0,0,7.0,4,12288,21872000
Vijayawada,Governorpet,4,2303,3.0,7,6,1.0,0.0,40,Semi-Furnished,Apartment,6.6,8.5,2.0,5,7.0,6,5828,10640000
Delhi,Vasant Kunj,2,1385,1.0,8,5,0.0,2.0,32,Unfurnished,Apartment,3.6,6.3,2.0,4,10.0,6,6946,11621000
Hyderabad,Banjara Hills,3,1854,4.0,6,4,1.0,1.0,9,Semi-Furnished,Independent House,8.6,2.5,9.0,3,6.0,7,4737,14432000
Bengaluru,Electronic City,2,1020,2.0,10,2,2.0,2.0,22,Fully-Furnished,Independent House,2.0,4.3,7.0,7,4.0,2,6024,9370000
Pune,Wakad,2,1086,3.0,4,1,2.0,3.0,16,Fully-Furnished,Apartment,5.5,2.3,4.0,6,9.0,6,3024,10524000
Ahmedabad,Bodakdev,3,2129,3.0,15,10,2.0,2.0,4,Semi-Furnished,Independent House,12.9,1.9,0.0,0,7.0,3,4930,14469000
Chennai,Porur,2,1260,2.0,4,4,2.0,2.0,1,Semi-Furnished,Apartment,2.3,2.6,5.0,5,8.0,10,5508,11881000
Pune,Hadapsar,4,2118,4.0,15,6,1.0,1.0,14,Fully-Furnished,Apartment,3.8,3.2,5.0,1,10.0,9,5057,19682000
Bengaluru,Yelahanka,2,1401,3.0,2,1,2.0,1.0,1,Semi-Furnished,Independent House,14.2,0.2,0.0,5,7.0,9,6729,14651000
Delhi,Dwarka,3,1585,3.0,4,2,1.0,1.0,8,Semi-Furnished,Apartment,10.9,6.3,0.0,1,7.0,9,3336,15298000
Delhi,Saket,3,1936,4.0,2,1,,1.0,2,Semi-Furnished,Apartment,10.6,3.9,6.0,0,10.0,2,4383,19664000
Delhi,Rohini,3,1845,3.0,8,5,1.0,3.0,28,Semi-Furnished,Apartment,15.6,2.6,6.0,4,10.0,4,7574,18584000
Ahmedabad,Satellite,2,1595,1.0,10,9,1.0,1.0,26,Fully-Furnished,Independent House,10.9,2.6,7.0,6,10.0,5,8616,11593000
Delhi,Rohini,3,1532,3.0,8,8,2.0,0.0,26,Fully-Furnished,Apartment,4.0,1.1,3.0,7,2.0,5,3285,15073000
Ahmedabad,Prahlad Nagar,3,1441,3.0,2,1,1.0,1.0,31,Semi-Furnished,Independent House,8.0,1.6,4.0,1,2.0,7,5639,9032000
Chennai,T Nagar,1,913,2.0,3,3,2.0,1.0,34,Unfurnished,Apartment,9.7,0.2,10.0,6,1.0,6,4434,6894000
Kolkata,Behala,3,1560,3.0,7,6,2.0,1.0,37,Semi-Furnished,Apartment,1.5,3.0,4.0,2,10.0,10,7184,11023000
Vijayawada,Patamata,3,2051,4.0,6,6,2.0,0.0,13,Semi-Furnished,Villa,3.2,5.4,4.0,3,6.0,4,11838,12455000
Delhi,Rohini,4,2244,4.0,10,5,2.0,1.0,9,Unfurnished,Apartment,13.1,1.1,0.0,3,7.0,1,5591,21534000
Kolkata,Salt Lake,3,2230,4.0,5,3,2.0,2.0,10,Unfurnished,Apartment,10.9,2.0,7.0,2,8.0,2,4718,15288000
Kolkata,Ballygunge,4,2264,4.0,6,5,1.0,1.0,3,Semi-Furnished,Villa,14.3,6.7,8.0,3,6.0,3,8163,14201000
Ahmedabad,Chandkheda,2,1068,2.0,2,1,2.0,2.0,17,Fully-Furnished,Apartment,9.5,4.6,5.0,7,10.0,1,3861,7210000
Kolkata,Dum Dum,2,1484,2.0,2,2,2.0,0.0,22,Fully-Furnished,Villa,3.5,1.4,4.0,3,10.0,4,3988,10381000
Vijayawada,Patamata,1,1180,1.0,8,1,2.0,1.0,31,Fully-Furnished,Apartment,6.2,1.9,8.0,7,3.0,3,6132,6938000
Visakhapatnam,Gajuwaka,2,1247,2.0,6,3,2.0,1.0,8,Unfurnished,Apartment,6.9,8.6,9.0,0,2.0,10,6248,7338000
Hyderabad,Banjara Hills,3,1955,4.0,15,7,1.0,3.0,37,Unfurnished,Apartment,2.2,1.2,7.0,0,2.0,3,9087,10891000
Ahmedabad,Prahlad Nagar,3,1729,3.0,15,9,1.0,1.0,30,Semi-Furnished,Apartment,2.5,2.3,0.0,4,1.0,2,7967,12088000
Visakhapatnam,Dwaraka Nagar,3,2181,2.0,15,8,1.0,2.0,28,Unfurnished,Apartment,9.4,2.2,6.0,7,10.0,7,12293,11050000
Ahmedabad,Prahlad Nagar,3,1879,3.0,7,2,1.0,2.0,21,Semi-Furnished,Independent House,5.2,6.6,7.0,0,7.0,6,9188,12560000
Visakhapatnam,Rushikonda,4,1744,5.0,7,6,2.0,1.0,4,Semi-Furnished,Apartment,6.5,3.1,10.0,2,8.0,10,5408,11553000
Visakhapatnam,MVP Colony,1,962,2.0,5,1,2.0,1.0,3,Semi-Furnished,Independent House,1.9,3.9,5.0,6,3.0,6,2649,5451000
Hyderabad,Madhapur,3,2303,3.0,12,8,1.0,1.0,36,Unfurnished,Independent House,8.7,2.8,4.0,7,7.0,9,5090,13593000
Ahmedabad,Bodakdev,3,1680,3.0,2,2,0.0,1.0,5,Unfurnished,Apartment,5.4,4.5,2.0,7,4.0,1,5403,11029000
Chennai,Adyar,3,1779,4.0,7,2,2.0,1.0,1,Unfurnished,Apartment,4.1,3.1,8.0,2,1.0,10,9892,14286000
Visakhapatnam,Dwaraka Nagar,2,1226,3.0,7,3,3.0,2.0,21,Unfurnished,Apartment,5.3,4.0,9.0,2,2.0,1,6670,6453000
Hyderabad,Madhapur,2,1548,2.0,10,10,2.0,3.0,30,Fully-Furnished,Apartment,3.3,5.0,6.0,4,3.0,5,6342,10934000
Bengaluru,HSR Layout,3,1610,3.0,8,5,2.0,1.0,29,Semi-Furnished,Independent House,9.1,3.7,7.0,2,6.0,4,7839,15127000
Delhi,Mayur Vihar,5,2687,5.0,8,3,1.0,2.0,8,Fully-Furnished,Apartment,8.3,4.9,5.0,1,2.0,4,15540,28589000
Hyderabad,Banjara Hills,3,1391,3.0,7,2,2.0,1.0,33,Semi-Furnished,Apartment,1.3,0.5,3.0,5,5.0,5,4960,9581000
Visakhapatnam,MVP Colony,3,2034,3.0,3,1,2.0,1.0,7,Unfurnished,Independent House,13.4,8.1,1.0,4,3.0,4,10455,10765000
Kolkata,Ballygunge,2,1491,2.0,12,6,1.0,0.0,23,Semi-Furnished,Independent House,4.0,5.0,6.0,2,8.0,9,5281,9392000
Chennai,Adyar,2,1396,3.0,6,1,1.0,3.0,38,Semi-Furnished,Apartment,3.9,0.7,9.0,3,3.0,5,7607,8833000
Chennai,T Nagar,4,2145,3.0,5,3,1.0,3.0,21,Unfurnished,Independent House,8.4,0.9,1.0,3,5.0,8,11014,15620000
Chennai,Anna Nagar,3,2070,4.0,4,4,1.0,1.0,35,Semi-Furnished,Independent House,8.0,2.9,7.0,6,6.0,7,4536,16139000
Chennai,OMR,2,1176,2.0,12,6,2.0,1.0,23,Unfurnished,Villa,14.0,7.6,9.0,5,3.0,4,2925,9209000
Chennai,Porur,5,2625,5.0,15,4,1.0,2.0,20,Unfurnished,Apartment,10.2,0.5,2.0,4,5.0,3,9377,19946000
Hyderabad,Kukatpally,3,1330,2.0,15,12,2.0,1.0,12,Semi-Furnished,Apartment,3.1,1.0,0.0,2,2.0,10,6440,10532000
Chennai,Anna Nagar,2,1579,2.0,4,2,1.0,1.0,9,Fully-Furnished,Independent House,9.3,3.4,4.0,4,10.0,7,7157,15003000
Pune,Wakad,4,2008,4.0,2,2,2.0,1.0,6,Unfurnished,Independent House,17.0,5.3,7.0,0,7.0,4,11593,15357000
Vijayawada,Governorpet,2,1449,3.0,5,4,3.0,1.0,8,Semi-Furnished,Apartment,11.1,3.8,2.0,2,4.0,8,8326,7236000
Ahmedabad,Maninagar,2,1000,2.0,10,9,1.0,2.0,31,Unfurnished,Apartment,12.9,10.2,8.0,7,9.0,2,5459,4896000
Bengaluru,Electronic City,4,2364,3.0,12,10,2.0,3.0,10,Unfurnished,Apartment,12.8,0.4,2.0,6,4.0,10,10176,21291000
Hyderabad,Banjara Hills,3,1723,2.0,10,3,1.0,2.0,28,Fully-Furnished,Independent House,8.4,4.7,,7,9.0,4,5587,14230000
Visakhapatnam,MVP Colony,2,1767,1.0,4,4,1.0,2.0,2,Unfurnished,Independent House,5.3,2.4,8.0,7,1.0,1,4858,10585000
Hyderabad,Madhapur,2,1325,2.0,8,5,1.0,0.0,14,Semi-Furnished,Apartment,4.6,0.2,0.0,7,10.0,4,6555,10782000
Kolkata,Salt Lake,2,1067,3.0,7,5,2.0,2.0,1,Semi-Furnished,Apartment,6.4,5.5,6.0,0,8.0,5,4167,8280000
Bengaluru,Whitefield,2,985,2.0,4,1,1.0,2.0,38,Fully-Furnished,Apartment,1.5,3.4,6.0,1,8.0,7,2094,8842000
Mumbai,Bandra,3,1190,3.0,12,7,1.0,1.0,8,Semi-Furnished,Apartment,2.6,7.5,4.0,5,9.0,4,4314,19989000
Delhi,Vasant Kunj,2,1072,1.0,7,5,3.0,2.0,39,Fully-Furnished,Villa,5.7,1.5,1.0,3,3.0,5,2706,9982000
Vijayawada,Gunadala,3,1944,2.0,5,3,2.0,2.0,18,Unfurnished,Apartment,4.1,2.5,7.0,5,10.0,8,6043,10930000
Vijayawada,Patamata,3,1978,3.0,15,4,1.0,3.0,0,Unfurnished,Apartment,6.0,5.4,0.0,3,9.0,4,10529,11254000
Visakhapatnam,Gajuwaka,2,1561,3.0,6,4,1.0,1.0,15,Semi-Furnished,Independent House,3.8,1.7,1.0,2,1.0,2,5006,7674000
Mumbai,Navi Mumbai,1,957,2.0,12,6,2.0,1.0,12,Unfurnished,Independent House,11.2,4.5,8.0,2,7.0,8,4675,15476000
Chennai,Adyar,2,1530,1.0,4,3,1.0,1.0,19,Fully-Furnished,Independent House,6.4,2.2,7.0,5,3.0,10,7403,13208000
Pune,Viman Nagar,4,2506,4.0,8,6,1.0,1.0,7,Unfurnished,Apartment,5.5,15.0,10.0,6,7.0,4,6999,20109000
Delhi,Rohini,2,1503,2.0,7,6,0.0,2.0,23,Unfurnished,Apartment,10.2,0.9,8.0,2,2.0,4,5221,13508000
Delhi,Pitampura,4,2533,5.0,2,1,1.0,2.0,22,Fully-Furnished,Independent House,5.8,2.7,5.0,6,4.0,7,9152,25256000
Bengaluru,Yelahanka,4,2589,4.0,10,1,2.0,2.0,1,Semi-Furnished,Apartment,2.6,1.9,5.0,7,2.0,1,12138,24063000
Delhi,Pitampura,3,1444,2.0,15,15,2.0,1.0,40,Unfurnished,Apartment,1.8,4.6,2.0,6,6.0,7,4263,13442000
Ahmedabad,Chandkheda,2,1166,2.0,10,5,0.0,1.0,25,Unfurnished,Apartment,7.7,2.6,0.0,0,6.0,10,5664,7766000
Ahmedabad,Prahlad Nagar,4,2060,4.0,8,4,2.0,0.0,24,Fully-Furnished,Apartment,4.6,6.7,6.0,0,7.0,2,9325,14655000
Chennai,Adyar,2,1572,2.0,7,4,2.0,0.0,13,Semi-Furnished,Apartment,13.7,3.0,5.0,4,10.0,7,9397,11808000
Kolkata,New Town,4,2006,3.0,15,12,2.0,1.0,35,Unfurnished,Apartment,2.0,3.8,7.0,7,10.0,7,12030,11863000
Ahmedabad,Satellite,3,2122,3.0,4,2,1.0,3.0,36,Unfurnished,Apartment,3.0,4.9,9.0,1,4.0,4,5594,13860000
Vijayawada,Poranki,2,1298,2.0,8,3,1.0,1.0,28,Unfurnished,Apartment,14.3,9.0,6.0,1,8.0,8,5834,5922000
Delhi,Pitampura,1,673,2.0,6,5,1.0,0.0,8,Semi-Furnished,Apartment,16.9,3.7,9.0,4,7.0,3,3989,6238000
Kolkata,Salt Lake,2,1275,2.0,6,4,0.0,1.0,21,Semi-Furnished,Independent House,11.0,2.0,3.0,5,2.0,8,7256,6886000
Kolkata,Behala,2,1562,1.0,4,2,2.0,2.0,19,Semi-Furnished,Villa,4.3,8.2,10.0,7,3.0,3,5339,10097000
Ahmedabad,Vastrapur,5,2852,5.0,12,2,1.0,2.0,10,Unfurnished,Apartment,4.2,2.7,4.0,3,8.0,2,13709,18182000
Hyderabad,Banjara Hills,2,1586,2.0,15,7,2.0,0.0,29,Unfurnished,Independent House,4.2,2.3,9.0,3,8.0,3,7823,10916000
Hyderabad,Kondapur,2,1014,3.0,7,2,1.0,1.0,14,Fully-Furnished,Apartment,1.4,1.9,7.0,4,4.0,6,5960,8612000
Hyderabad,Miyapur,3,1708,3.0,15,8,0.0,1.0,25,Semi-Furnished,Independent House,6.8,3.9,7.0,7,5.0,10,8880,13521000
Pune,Viman Nagar,3,2288,3.0,6,1,1.0,3.0,15,Unfurnished,Villa,5.1,3.9,9.0,0,10.0,4,10208,17019000
Delhi,Vasant Kunj,3,1494,3.0,6,5,2.0,1.0,38,Semi-Furnished,Apartment,14.7,3.2,7.0,4,3.0,2,5590,13996000
Hyderabad,Miyapur,3,2079,4.0,3,3,1.0,0.0,26,Semi-Furnished,Apartment,2.3,1.5,3.0,1,2.0,10,6822,14432000
Pune,Kharadi,3,1683,4.0,15,7,1.0,1.0,35,Fully-Furnished,Independent House,8.6,1.2,9.0,5,3.0,1,7876,15289000
Ahmedabad,Chandkheda,5,2392,5.0,3,3,1.0,1.0,19,Semi-Furnished,Apartment,1.8,1.3,6.0,3,7.0,7,10843,18266000
Bengaluru,HSR Layout,3,2134,3.0,3,2,1.0,2.0,29,Semi-Furnished,Apartment,1.5,3.1,5.0,6,,4,8700,20386000
Mumbai,Bandra,2,1455,1.0,2,1,1.0,1.0,31,Fully-Furnished,Apartment,17.2,3.1,5.0,0,7.0,9,7837,23550000
Vijayawada,Poranki,1,1087,1.0,5,2,2.0,2.0,12,Fully-Furnished,Apartment,9.3,7.4,0.0,7,5.0,10,3299,6588000
Mumbai,Bandra,2,1746,2.0,15,12,1.0,1.0,20,Fully-Furnished,Apartment,15.5,1.7,1.0,1,2.0,7,9136,26781000
Mumbai,Borivali,4,2268,4.0,5,3,2.0,3.0,39,Semi-Furnished,Independent House,1.8,9.3,2.0,2,2.0,3,8784,35609000
Kolkata,Dum Dum,2,1432,3.0,7,3,1.0,3.0,8,Unfurnished,Villa,13.2,3.0,10.0,7,9.0,7,7185,9992000
Pune,Hinjewadi,3,2254,4.0,8,5,0.0,2.0,18,Unfurnished,Apartment,8.5,15.0,4.0,7,5.0,2,6430,16740000
Chennai,Porur,2,986,2.0,15,1,0.0,1.0,36,Semi-Furnished,Independent House,3.7,2.6,0.0,1,4.0,3,5578,6378000
Hyderabad,Miyapur,2,1215,3.0,15,13,0.0,1.0,12,Fully-Furnished,Apartment,7.4,10.3,2.0,2,6.0,2,7009,9189000
Chennai,Porur,2,1354,1.0,15,6,1.0,2.0,14,Semi-Furnished,Apartment,4.0,2.5,5.0,1,4.0,8,3852,11233000
Hyderabad,Gachibowli,1,1223,2.0,7,3,1.0,3.0,27,Semi-Furnished,Independent House,5.7,3.4,10.0,7,10.0,4,6880,9057000
Delhi,Rohini,1,1156,1.0,15,8,2.0,1.0,27,Semi-Furnished,Apartment,5.8,2.5,9.0,3,8.0,9,4750,10834000
Chennai,Porur,2,1200,2.0,4,3,1.0,1.0,7,Fully-Furnished,Apartment,14.6,2.2,0.0,7,9.0,4,2923,10864000
Hyderabad,Kondapur,3,1836,4.0,7,3,1.0,3.0,13,Unfurnished,Apartment,6.8,9.1,4.0,5,5.0,6,9142,13820000
Chennai,Adyar,2,1208,2.0,15,12,0.0,1.0,37,Semi-Furnished,Villa,3.7,1.9,0.0,4,6.0,1,4382,9323000
Ahmedabad,Prahlad Nagar,3,1902,2.0,4,3,2.0,1.0,24,Semi-Furnished,Independent House,6.8,3.3,6.0,3,6.0,8,9763,12913000
Kolkata,Ballygunge,2,1394,2.0,2,2,2.0,1.0,39,Fully-Furnished,Apartment,2.9,3.0,0.0,2,6.0,6,6460,8926000
Visakhapatnam,Gajuwaka,3,1801,2.0,6,6,2.0,1.0,32,Unfurnished,Apartment,3.9,0.6,7.0,4,4.0,3,8648,9116000
Bengaluru,Yelahanka,3,1842,3.0,2,1,2.0,1.0,7,Semi-Furnished,Independent House,12.1,3.0,2.0,1,10.0,3,7256,16769000
Chennai,T Nagar,2,1487,1.0,15,12,2.0,2.0,11,Unfurnished,Independent House,11.6,1.9,9.0,5,10.0,2,7858,12699000
Kolkata,Ballygunge,3,1581,4.0,7,4,2.0,3.0,19,Semi-Furnished,Independent House,3.4,0.5,8.0,6,7.0,8,5521,11621000
Vijayawada,Benz Circle,1,1032,1.0,8,7,1.0,2.0,21,Fully-Furnished,Apartment,5.8,2.0,9.0,1,10.0,7,5009,6649000
Bengaluru,Koramangala,3,1771,2.0,12,12,1.0,1.0,35,Semi-Furnished,Apartment,2.7,0.8,7.0,1,8.0,2,6627,17411000
Mumbai,Borivali,3,1894,3.0,2,2,3.0,1.0,3,Semi-Furnished,Villa,2.4,2.4,10.0,1,1.0,1,10420,31051000
Delhi,Saket,2,1721,2.0,8,5,1.0,1.0,39,Semi-Furnished,Independent House,9.3,10.5,0.0,3,1.0,4,9096,14704000
Bengaluru,Koramangala,5,2717,6.0,15,7,2.0,1.0,22,Fully-Furnished,Apartment,3.0,1.0,2.0,7,7.0,4,6221,26585000
Visakhapatnam,MVP Colony,2,1771,1.0,6,3,2.0,1.0,6,Fully-Furnished,Independent House,9.5,3.1,5.0,4,10.0,9,7182,12351000
Ahmedabad,Maninagar,2,1344,1.0,8,6,1.0,2.0,5,Fully-Furnished,Independent House,19.1,4.3,6.0,5,2.0,9,5258,9179000
Delhi,Saket,3,1643,3.0,4,1,2.0,1.0,35,Semi-Furnished,Villa,11.3,0.6,2.0,2,4.0,9,7533,14310000
Visakhapatnam,MVP Colony,2,1190,1.0,10,1,1.0,0.0,13,Fully-Furnished,Apartment,10.4,2.8,6.0,0,7.0,4,5400,5416000
Hyderabad,Miyapur,2,1475,1.0,4,4,0.0,2.0,8,Unfurnished,Independent House,7.8,0.5,7.0,1,5.0,10,8209,9229000
Visakhapatnam,Dwaraka Nagar,3,1562,4.0,6,6,1.0,2.0,28,Semi-Furnished,Independent House,2.0,7.0,3.0,1,4.0,4,6983,8031000
Visakhapatnam,Madhurawada,5,2500,5.0,8,5,2.0,1.0,31,Semi-Furnished,Apartment,1.7,2.2,4.0,1,1.0,6,5147,13355000
Visakhapatnam,Dwaraka Nagar,4,2333,5.0,10,5,2.0,1.0,15,Unfurnished,Apartment,9.6,6.8,7.0,2,2.0,6,6597,13033000
Delhi,Mayur Vihar,3,1669,2.0,4,3,1.0,1.0,21,Fully-Furnished,Independent House,4.6,4.7,10.0,5,9.0,10,6378,16248000
Chennai,Adyar,2,1125,3.0,12,1,1.0,3.0,23,Semi-Furnished,Apartment,13.6,7.0,5.0,6,5.0,4,4399,8794000
Visakhapatnam,Gajuwaka,4,2268,4.0,10,5,1.0,2.0,4,Semi-Furnished,Apartment,4.4,1.8,7.0,6,10.0,1,9005,14864000
Chennai,Anna Nagar,4,2470,4.0,7,5,3.0,1.0,13,Semi-Furnished,Apartment,3.6,8.9,6.0,1,8.0,2,12943,20123000
Delhi,Rohini,3,1379,2.0,4,1,1.0,3.0,22,Unfurnished,Apartment,15.2,3.0,2.0,3,3.0,3,7201,13719000
Delhi,Rohini,3,2045,4.0,4,4,1.0,0.0,23,Unfurnished,Independent House,2.5,5.2,7.0,1,10.0,4,11833,18522000
Mumbai,Navi Mumbai,3,1362,2.0,12,5,2.0,1.0,31,Semi-Furnished,Independent House,7.2,2.1,9.0,3,3.0,4,6388,22196000
Chennai,Anna Nagar,2,1550,1.0,15,12,2.0,3.0,4,Semi-Furnished,Apartment,3.6,3.7,1.0,5,8.0,1,5181,13682000
Pune,Kharadi,1,825,1.0,12,6,1.0,2.0,38,Fully-Furnished,Independent House,0.8,0.3,9.0,5,2.0,5,4278,5870000
Vijayawada,Patamata,2,1729,1.0,4,3,1.0,3.0,14,Semi-Furnished,Independent House,5.1,2.0,1.0,1,5.0,1,4834,9343000
Visakhapatnam,Rushikonda,5,2505,6.0,8,2,2.0,0.0,11,Semi-Furnished,Independent House,8.5,2.2,8.0,4,8.0,8,8680,15253000
Mumbai,Andheri,4,2198,4.0,7,6,3.0,2.0,15,Semi-Furnished,Apartment,2.9,0.5,0.0,5,9.0,4,8539,36134000
Hyderabad,Gachibowli,2,1086,3.0,4,2,1.0,1.0,7,Unfurnished,Apartment,3.3,0.8,10.0,7,9.0,7,2243,8237000
Vijayawada,Benz Circle,3,2099,3.0,10,1,1.0,1.0,12,Semi-Furnished,Apartment,2.0,4.5,3.0,1,1.0,1,10047,10516000
Delhi,Pitampura,4,2249,3.0,10,4,2.0,3.0,2,Semi-Furnished,Independent House,9.9,0.3,7.0,7,2.0,7,6507,22117000
Visakhapatnam,Rushikonda,3,1911,4.0,12,6,2.0,1.0,19,Fully-Furnished,Apartment,13.0,2.4,6.0,6,10.0,5,4560,12533000
Bengaluru,Koramangala,2,1290,1.0,12,4,1.0,1.0,39,Fully-Furnished,Apartment,5.4,6.5,3.0,3,8.0,6,5527,10890000
Mumbai,Bandra,3,1722,2.0,2,1,1.0,2.0,2,Semi-Furnished,Independent House,3.0,4.3,10.0,4,2.0,1,4447,27644000
Mumbai,Navi Mumbai,3,1546,4.0,12,1,1.0,2.0,18,Semi-Furnished,Apartment,8.6,3.0,7.0,2,2.0,1,3616,24069000
Vijayawada,Benz Circle,1,844,1.0,8,7,1.0,3.0,13,Semi-Furnished,Apartment,9.4,14.5,8.0,7,4.0,1,3606,4989000
Kolkata,Dum Dum,1,1358,1.0,8,5,2.0,1.0,17,Semi-Furnished,Apartment,1.4,1.3,9.0,7,3.0,2,7011,8629000
Ahmedabad,Vastrapur,2,1202,1.0,15,13,1.0,2.0,3,Unfurnished,Apartment,7.9,1.2,8.0,2,1.0,9,3086,7460000
Pune,Kharadi,2,1043,1.0,6,5,1.0,1.0,3,Unfurnished,Independent House,5.6,0.4,4.0,4,4.0,6,2311,9405000
Pune,Baner,2,1495,3.0,6,3,2.0,1.0,0,Semi-Furnished,Apartment,8.2,1.2,10.0,5,5.0,2,6934,13653000
Hyderabad,Madhapur,3,1642,3.0,4,3,2.0,2.0,20,Fully-Furnished,Apartment,1.6,2.6,9.0,0,4.0,5,7296,13161000
Kolkata,Rajarhat,4,1965,4.0,4,2,1.0,1.0,33,Semi-Furnished,Independent House,14.2,0.7,5.0,0,8.0,10,7490,12169000
Chennai,T Nagar,4,2315,5.0,12,8,1.0,2.0,11,Unfurnished,Apartment,8.9,0.9,4.0,5,3.0,6,8134,17133000
Mumbai,Andheri,2,1493,2.0,3,3,2.0,2.0,31,Semi-Furnished,Apartment,3.2,9.6,9.0,0,7.0,8,8308,23274000
Delhi,Saket,2,1137,2.0,12,3,2.0,1.0,31,Semi-Furnished,Apartment,5.7,1.2,6.0,0,7.0,6,4175,11449000
Chennai,T Nagar,2,1315,3.0,12,10,1.0,2.0,6,Unfurnished,Villa,12.1,3.7,3.0,4,7.0,6,6561,10681000
Pune,Kharadi,3,1396,3.0,12,10,0.0,1.0,27,Fully-Furnished,Apartment,0.5,5.0,5.0,7,5.0,1,5229,12384000
Vijayawada,Patamata,3,1546,3.0,5,5,0.0,1.0,32,Unfurnished,Independent House,5.7,2.5,4.0,1,7.0,10,6354,7546000
Ahmedabad,Maninagar,1,930,1.0,2,2,1.0,3.0,40,Fully-Furnished,Apartment,12.9,4.0,1.0,6,4.0,9,5490,6239000
Hyderabad,Banjara Hills,3,1690,2.0,5,1,3.0,1.0,28,Semi-Furnished,Independent House,5.8,3.7,2.0,5,10.0,7,7520,13083000
Delhi,Saket,3,1896,2.0,5,2,1.0,1.0,36,Semi-Furnished,Apartment,2.6,3.4,1.0,0,4.0,6,11206,17757000
Chennai,Velachery,3,2491,4.0,12,3,2.0,1.0,31,Semi-Furnished,Apartment,6.6,3.3,7.0,2,10.0,4,11574,18365000
Hyderabad,Kukatpally,3,1653,3.0,12,12,1.0,2.0,26,Unfurnished,Apartment,9.1,8.9,6.0,7,4.0,7,6641,11493000
Kolkata,Rajarhat,2,1357,2.0,2,2,1.0,1.0,27,Unfurnished,Apartment,6.8,5.9,5.0,5,8.0,3,5914,7757000
Ahmedabad,Bodakdev,3,1540,3.0,2,1,2.0,1.0,18,Semi-Furnished,Villa,1.9,2.9,8.0,3,3.0,3,7764,11463000
Visakhapatnam,Gajuwaka,1,1026,2.0,2,2,2.0,2.0,39,Semi-Furnished,Villa,0.6,6.0,3.0,5,1.0,7,3999,4907000
Pune,Viman Nagar,3,2281,2.0,6,6,2.0,1.0,7,Unfurnished,Apartment,6.7,4.3,8.0,3,8.0,6,11979,19394000
Vijayawada,Patamata,3,1845,3.0,2,2,3.0,3.0,17,Unfurnished,Apartment,3.6,0.2,1.0,0,3.0,3,8466,7380000
Kolkata,Salt Lake,3,1966,4.0,8,6,1.0,1.0,34,Unfurnished,Apartment,10.4,4.5,10.0,2,2.0,5,5939,10304000
Mumbai,Thane,2,1852,1.0,8,1,0.0,1.0,0,Semi-Furnished,Independent House,5.2,4.7,4.0,2,3.0,9,8396,28783000
Chennai,Anna Nagar,4,2182,4.0,10,5,2.0,1.0,29,Semi-Furnished,Villa,3.7,3.6,6.0,4,3.0,8,10046,17282000
Hyderabad,Kondapur,5,2611,5.0,12,11,1.0,1.0,36,Unfurnished,Independent House,0.7,1.0,2.0,3,6.0,10,11505,17874000
Delhi,Vasant Kunj,3,1949,3.0,12,6,0.0,2.0,22,Semi-Furnished,Villa,1.2,0.6,8.0,2,2.0,7,5232,19436000
Chennai,OMR,2,848,1.0,2,2,2.0,2.0,3,Unfurnished,Apartment,2.4,0.5,7.0,3,3.0,1,2416,6848000
Kolkata,Salt Lake,2,1325,3.0,4,1,1.0,2.0,36,Fully-Furnished,Independent House,9.9,2.3,1.0,0,5.0,6,6347,7431000
Chennai,Velachery,5,2622,6.0,2,1,1.0,2.0,34,Fully-Furnished,Independent House,9.2,1.2,6.0,3,6.0,4,14978,21015000
Vijayawada,Moghalrajpuram,2,1338,2.0,12,4,1.0,0.0,36,Semi-Furnished,Apartment,2.7,3.7,10.0,1,9.0,5,7105,7297000
Mumbai,Navi Mumbai,1,992,2.0,8,3,0.0,2.0,26,Semi-Furnished,Apartment,9.9,10.3,6.0,6,2.0,9,4052,14981000
Chennai,T Nagar,3,1396,2.0,6,2,1.0,1.0,31,Unfurnished,Apartment,4.4,5.2,7.0,3,4.0,4,3442,9359000
Delhi,Rohini,3,2022,4.0,7,6,1.0,2.0,2,Fully-Furnished,Apartment,11.3,6.8,5.0,5,8.0,5,4978,22467000
Chennai,Anna Nagar,5,2125,5.0,15,13,0.0,0.0,40,Semi-Furnished,Independent House,2.8,2.1,10.0,5,2.0,5,11071,15956000
Hyderabad,Banjara Hills,3,1808,3.0,12,4,2.0,1.0,32,Fully-Furnished,Apartment,15.9,3.5,4.0,2,6.0,5,9297,12817000
Kolkata,Dum Dum,2,1249,2.0,3,2,0.0,1.0,28,Fully-Furnished,Apartment,9.5,1.4,6.0,1,8.0,1,3366,7343000
Ahmedabad,Prahlad Nagar,4,2139,4.0,10,8,2.0,2.0,19,Unfurnished,Apartment,6.0,0.2,10.0,4,6.0,9,4923,14308000
Vijayawada,Governorpet,2,1383,2.0,5,1,1.0,0.0,3,Fully-Furnished,Independent House,6.6,3.6,8.0,6,9.0,5,3750,9134000
Delhi,Vasant Kunj,2,1257,3.0,6,3,2.0,1.0,37,Semi-Furnished,Apartment,2.0,0.7,1.0,1,6.0,8,3360,11436000
Kolkata,Rajarhat,5,2499,5.0,15,6,1.0,1.0,8,Unfurnished,Independent House,11.8,6.2,3.0,0,7.0,6,9356,15007000
Visakhapatnam,Seethammadhara,1,691,2.0,8,8,1.0,3.0,36,Unfurnished,Apartment,8.6,1.9,7.0,7,5.0,4,1605,2502000
Kolkata,Dum Dum,5,2457,5.0,2,2,2.0,2.0,8,Fully-Furnished,Apartment,13.3,4.5,6.0,1,10.0,5,6851,17272000
Vijayawada,Moghalrajpuram,3,1750,3.0,5,5,1.0,0.0,22,Semi-Furnished,Apartment,4.5,7.2,9.0,3,4.0,10,4508,9782000
Pune,Kharadi,3,1997,3.0,10,6,1.0,2.0,23,Semi-Furnished,Independent House,6.5,2.9,0.0,2,7.0,2,11196,16846000
Pune,Hinjewadi,2,1342,3.0,15,15,1.0,1.0,5,Fully-Furnished,Apartment,17.9,9.4,0.0,5,1.0,5,6811,11780000
Kolkata,Behala,2,1214,2.0,3,2,3.0,1.0,14,Unfurnished,Apartment,4.2,0.2,9.0,3,3.0,7,4312,6810000
Ahmedabad,Prahlad Nagar,5,2589,4.0,4,4,1.0,1.0,10,Fully-Furnished,Apartment,6.8,0.9,9.0,4,6.0,10,7335,20087000
Ahmedabad,Chandkheda,3,1919,2.0,2,2,1.0,1.0,17,Semi-Furnished,Apartment,1.1,0.6,10.0,7,4.0,9,4861,12888000
Delhi,Dwarka,4,2124,4.0,6,6,2.0,1.0,4,Fully-Furnished,Apartment,8.5,5.5,5.0,0,10.0,2,4691,23324000
Ahmedabad,Bodakdev,2,1518,2.0,6,1,2.0,2.0,1,Unfurnished,Independent House,12.9,1.5,9.0,2,1.0,9,6908,9409000
Pune,Wakad,2,1349,2.0,3,1,0.0,1.0,31,Semi-Furnished,Apartment,8.5,6.1,0.0,2,3.0,6,7939,10127000
Bengaluru,Koramangala,2,1475,1.0,2,2,1.0,1.0,8,Semi-Furnished,Apartment,5.9,5.8,6.0,7,3.0,7,7864,14890000
Visakhapatnam,MVP Colony,1,706,1.0,8,8,2.0,3.0,38,Semi-Furnished,Apartment,12.7,3.5,1.0,4,10.0,10,1692,3946000
Pune,Baner,3,1572,3.0,10,5,1.0,1.0,4,Semi-Furnished,Apartment,17.3,4.4,6.0,4,6.0,9,4938,14600000
Delhi,Pitampura,2,1620,1.0,6,6,3.0,1.0,24,Semi-Furnished,Apartment,2.1,7.0,5.0,0,9.0,8,4291,15216000
Delhi,Rohini,3,1651,3.0,4,3,1.0,0.0,34,Semi-Furnished,Independent House,9.3,3.4,9.0,4,9.0,7,7220,16202000
Vijayawada,Benz Circle,2,1301,2.0,2,2,1.0,2.0,33,Semi-Furnished,Apartment,7.0,0.9,0.0,5,10.0,4,5149,7372000
Vijayawada,Governorpet,2,1282,2.0,15,1,2.0,2.0,20,Semi-Furnished,Independent House,6.1,1.8,3.0,2,6.0,5,3293,6923000
Hyderabad,Madhapur,3,1688,3.0,2,1,0.0,1.0,40,Semi-Furnished,Apartment,8.3,5.2,3.0,2,7.0,9,6865,11427000
Mumbai,Thane,3,1960,3.0,4,1,1.0,1.0,3,Semi-Furnished,Apartment,6.1,0.9,6.0,0,4.0,4,6797,32590000
Ahmedabad,Vastrapur,1,883,1.0,10,4,1.0,2.0,35,Fully-Furnished,Apartment,6.8,0.3,1.0,2,3.0,7,2282,5218000
Visakhapatnam,Gajuwaka,3,1683,3.0,7,2,2.0,1.0,18,Semi-Furnished,Apartment,7.5,1.5,4.0,3,1.0,9,6295,9320000
Delhi,Rohini,3,1667,2.0,7,3,1.0,2.0,7,Unfurnished,Independent House,5.4,0.4,0.0,0,8.0,9,5480,16320000
Chennai,Anna Nagar,2,1142,3.0,15,10,1.0,1.0,2,Semi-Furnished,Apartment,8.6,6.2,5.0,6,4.0,1,3713,9199000
Delhi,Saket,3,1635,2.0,5,5,1.0,1.0,3,Unfurnished,Independent House,7.7,1.0,3.0,6,3.0,7,5573,16596000
Delhi,Vasant Kunj,2,1299,3.0,12,8,1.0,2.0,39,Unfurnished,Independent House,4.5,7.5,4.0,6,2.0,1,6988,12607000
Kolkata,New Town,3,1921,2.0,3,1,3.0,1.0,11,Unfurnished,Apartment,2.5,6.2,3.0,2,6.0,5,4359,10822000
Hyderabad,Kondapur,3,1926,3.0,4,3,2.0,2.0,29,Fully-Furnished,Apartment,6.2,5.7,7.0,5,10.0,2,6562,14348000
Pune,Kharadi,4,2307,4.0,8,2,2.0,1.0,20,Semi-Furnished,Villa,4.8,0.2,0.0,7,9.0,9,6630,19767000
Ahmedabad,Satellite,5,2464,4.0,10,5,1.0,2.0,37,Unfurnished,Apartment,7.7,0.4,8.0,3,2.0,1,12304,14435000
Hyderabad,Miyapur,3,1957,3.0,3,2,2.0,2.0,40,Semi-Furnished,Apartment,3.8,4.8,4.0,4,9.0,10,9504,14259000
Visakhapatnam,Madhurawada,5,2517,6.0,6,2,0.0,1.0,26,Unfurnished,Apartment,7.3,2.1,9.0,3,4.0,6,6328,14145000
Mumbai,Thane,4,2344,4.0,3,2,2.0,1.0,17,Semi-Furnished,Apartment,4.0,7.7,3.0,1,5.0,9,10718,37181000
Hyderabad,Gachibowli,3,1787,3.0,10,6,1.0,1.0,2,Semi-Furnished,Apartment,6.0,3.4,0.0,4,4.0,3,9464,14351000
Hyderabad,Miyapur,4,2394,5.0,10,1,0.0,2.0,37,Unfurnished,Apartment,19.4,0.9,9.0,7,6.0,4,10031,15954000
Vijayawada,Patamata,4,2091,3.0,12,6,1.0,1.0,13,Unfurnished,Apartment,6.9,2.2,9.0,5,2.0,2,4698,10659000
Visakhapatnam,Madhurawada,3,1868,3.0,7,3,1.0,1.0,18,Fully-Furnished,Apartment,23.7,0.9,7.0,3,9.0,7,3922,11127000
Ahmedabad,Chandkheda,5,2831,6.0,6,2,1.0,2.0,5,Unfurnished,Independent House,21.8,8.4,10.0,0,6.0,2,8985,18378000
Delhi,Vasant Kunj,3,2072,2.0,15,10,1.0,1.0,14,Unfurnished,Independent House,7.8,0.8,10.0,1,3.0,6,9196,18270000
Delhi,Mayur Vihar,4,2364,3.0,4,3,2.0,0.0,8,Semi-Furnished,Apartment,1.3,6.4,9.0,3,4.0,4,4859,24124000
Hyderabad,Kondapur,2,1221,2.0,7,3,3.0,1.0,14,Unfurnished,Apartment,8.1,3.3,5.0,5,1.0,3,5995,8192000
Vijayawada,Patamata,2,1358,1.0,12,12,1.0,2.0,40,Semi-Furnished,Apartment,5.2,4.7,6.0,7,10.0,5,3726,6966000
Delhi,Pitampura,3,1603,3.0,2,2,2.0,2.0,8,Unfurnished,Apartment,9.2,3.6,1.0,2,2.0,6,4107,14862000
Hyderabad,Banjara Hills,3,1603,3.0,15,11,1.0,3.0,13,Semi-Furnished,Independent House,6.5,2.4,8.0,7,1.0,1,6186,12147000
Mumbai,Thane,2,1326,3.0,4,3,2.0,1.0,23,Unfurnished,Apartment,6.9,6.0,0.0,1,6.0,8,5734,20120000
Mumbai,Bandra,2,1491,1.0,6,6,1.0,1.0,9,Semi-Furnished,Apartment,1.4,6.6,1.0,5,2.0,10,8092,24674000
Vijayawada,Gunadala,3,1827,3.0,8,3,1.0,3.0,37,Semi-Furnished,Villa,11.9,2.9,0.0,0,10.0,1,6117,8644000
Hyderabad,Kukatpally,2,1182,3.0,8,7,2.0,1.0,10,Semi-Furnished,Apartment,15.1,4.9,1.0,7,4.0,8,4416,8069000
Hyderabad,Banjara Hills,3,1500,4.0,5,2,2.0,0.0,13,Fully-Furnished,Independent House,4.0,2.2,6.0,3,10.0,9,3529,12512000
Hyderabad,Madhapur,4,2139,4.0,4,3,2.0,0.0,25,Semi-Furnished,Apartment,6.5,1.5,1.0,7,3.0,10,12398,14842000
Pune,Kharadi,2,1279,1.0,5,1,2.0,1.0,12,Unfurnished,Apartment,5.1,3.5,10.0,1,9.0,3,4035,10085000
Kolkata,New Town,1,599,1.0,12,9,3.0,1.0,0,Unfurnished,Independent House,2.6,1.0,7.0,6,6.0,8,1629,4602000
Chennai,Porur,3,1808,2.0,5,2,2.0,3.0,11,Semi-Furnished,Independent House,10.9,3.7,1.0,6,4.0,3,8514,14039000
Bengaluru,Whitefield,3,1902,3.0,3,1,1.0,2.0,16,Semi-Furnished,Independent House,8.2,9.5,3.0,7,3.0,7,8445,17516000
Visakhapatnam,Seethammadhara,3,2009,3.0,15,11,1.0,2.0,27,Fully-Furnished,Independent House,1.5,7.2,9.0,7,4.0,9,9702,12593000
Kolkata,Behala,1,931,1.0,10,9,0.0,1.0,7,Unfurnished,Independent House,3.7,2.9,7.0,0,7.0,3,5050,6110000
Vijayawada,Benz Circle,2,1568,3.0,4,3,0.0,2.0,31,Semi-Furnished,Apartment,9.5,1.6,5.0,5,10.0,1,7900,7751000
Chennai,T Nagar,2,1219,2.0,7,1,1.0,1.0,20,Fully-Furnished,Villa,4.0,0.7,10.0,6,1.0,5,3272,10370000
Ahmedabad,Bodakdev,3,2064,2.0,4,2,3.0,1.0,7,Semi-Furnished,Independent House,5.9,6.2,4.0,5,8.0,7,4347,15646000
Mumbai,Powai,3,1355,4.0,7,5,1.0,1.0,4,Semi-Furnished,Apartment,4.1,3.1,7.0,3,10.0,9,5875,22845000
Pune,Hinjewadi,2,1429,1.0,3,1,3.0,3.0,7,Semi-Furnished,Apartment,4.8,5.4,5.0,7,8.0,3,4767,12899000
Vijayawada,Gunadala,3,1505,3.0,12,11,2.0,1.0,17,Semi-Furnished,Apartment,3.2,1.9,5.0,4,5.0,8,3180,9004000
Vijayawada,Benz Circle,4,2304,4.0,3,3,0.0,2.0,19,Semi-Furnished,Apartment,6.9,1.0,5.0,6,8.0,1,9525,13444000
Vijayawada,Patamata,2,1349,2.0,7,1,1.0,2.0,31,Semi-Furnished,Independent House,10.2,1.9,9.0,3,9.0,1,3280,5946000
Visakhapatnam,Gajuwaka,3,1755,2.0,5,2,2.0,2.0,4,Semi-Furnished,Apartment,13.2,1.7,0.0,1,9.0,7,10322,11507000
Ahmedabad,Chandkheda,2,1468,2.0,4,1,1.0,2.0,7,Unfurnished,Apartment,10.1,4.9,1.0,0,6.0,5,4257,9149000
Kolkata,Dum Dum,5,2915,5.0,12,7,0.0,2.0,30,Semi-Furnished,Independent House,14.0,4.9,7.0,0,7.0,8,15199,18405000
Hyderabad,Miyapur,4,2329,4.0,3,3,2.0,3.0,13,Fully-Furnished,Apartment,5.1,0.6,6.0,5,3.0,7,7653,18430000
Pune,Baner,3,1527,2.0,7,7,1.0,2.0,23,Semi-Furnished,Villa,10.9,2.4,0.0,1,6.0,7,8163,12391000
Mumbai,Thane,3,1625,2.0,7,5,1.0,,8,Semi-Furnished,Apartment,2.2,4.9,7.0,0,3.0,9,8971,25896000
Chennai,Adyar,3,1841,3.0,3,2,1.0,1.0,11,Semi-Furnished,Independent House,16.8,1.2,6.0,0,7.0,9,8188,14433000
Mumbai,Thane,4,1952,4.0,5,4,1.0,2.0,11,Semi-Furnished,Apartment,7.9,2.4,7.0,3,9.0,7,5900,30968000
Ahmedabad,Prahlad Nagar,2,1175,2.0,2,2,1.0,1.0,18,Unfurnished,Apartment,3.0,9.7,3.0,7,4.0,9,6837,8644000
Mumbai,Borivali,3,2084,2.0,12,8,3.0,1.0,19,Unfurnished,Apartment,10.9,3.5,1.0,1,9.0,10,4422,32873000
Delhi,Vasant Kunj,5,2530,5.0,15,14,2.0,2.0,31,Semi-Furnished,Apartment,9.1,2.9,1.0,6,2.0,7,11834,23876000
Visakhapatnam,Dwaraka Nagar,1,823,2.0,15,12,0.0,1.0,11,Fully-Furnished,Apartment,2.5,3.3,6.0,1,3.0,8,4660,7211000
Hyderabad,Miyapur,4,2329,4.0,3,3,2.0,3.0,13,Fully-Furnished,Apartment,5.1,0.6,6.0,5,3.0,7,7653,18430000
Chennai,Adyar,3,1769,3.0,5,4,2.0,2.0,22,Semi-Furnished,Apartment,11.5,1.8,0.0,4,5.0,3,4856,14104000
Pune,Baner,1,1081,2.0,2,1,1.0,1.0,4,Unfurnished,Apartment,1.6,6.9,10.0,3,8.0,3,2244,9032000
Vijayawada,Governorpet,3,1794,3.0,7,5,2.0,1.0,6,Unfurnished,Apartment,4.0,2.6,8.0,0,10.0,3,6342,9191000
Pune,Hadapsar,3,2004,2.0,15,6,1.0,1.0,38,Semi-Furnished,Independent House,4.9,1.9,7.0,1,4.0,5,7445,15681000
Kolkata,New Town,3,1705,3.0,15,14,2.0,2.0,32,Unfurnished,Apartment,8.7,3.9,9.0,4,9.0,9,5607,10587000
Chennai,T Nagar,3,1674,4.0,12,11,1.0,1.0,24,Unfurnished,Independent House,10.0,1.0,6.0,0,8.0,7,7809,11956000
Delhi,Dwarka,3,2084,4.0,4,4,1.0,2.0,36,Unfurnished,Apartment,5.3,4.1,0.0,7,6.0,7,8451,19018000
Visakhapatnam,Seethammadhara,5,2705,5.0,15,11,2.0,0.0,39,Semi-Furnished,Apartment,8.4,0.4,4.0,3,3.0,4,10016,14511000
Ahmedabad,Bodakdev,4,1936,4.0,10,3,0.0,1.0,40,Semi-Furnished,Apartment,8.3,2.2,2.0,0,10.0,8,7033,12858000
Ahmedabad,Maninagar,3,1799,4.0,12,5,0.0,1.0,16,Unfurnished,Apartment,0.5,2.6,8.0,6,7.0,1,10509,14063000
Delhi,Saket,2,1326,2.0,2,2,2.0,2.0,22,Fully-Furnished,Apartment,6.4,1.0,4.0,6,10.0,8,6367,13856000
Pune,Viman Nagar,3,1580,4.0,8,5,1.0,1.0,23,Semi-Furnished,Independent House,2.0,3.4,10.0,2,4.0,4,5303,12488000
Hyderabad,Kondapur,3,2229,3.0,15,6,1.0,1.0,21,Semi-Furnished,Independent House,2.3,3.3,9.0,5,2.0,6,7891,16022000
Bengaluru,Koramangala,4,1955,5.0,7,7,0.0,3.0,31,Unfurnished,Independent House,13.9,3.7,5.0,1,7.0,5,10710,19048000
Chennai,Adyar,3,1574,3.0,6,4,2.0,1.0,39,Fully-Furnished,Apartment,4.0,1.7,10.0,1,7.0,3,3671,13040000
Pune,Hinjewadi,2,1538,2.0,8,1,2.0,2.0,14,Unfurnished,Apartment,9.7,12.4,6.0,6,1.0,9,6123,11827000
Vijayawada,Benz Circle,2,1581,2.0,6,5,2.0,2.0,1,Unfurnished,Independent House,2.1,3.1,0.0,4,2.0,4,3493,9687000
Mumbai,Powai,3,1681,2.0,5,3,2.0,1.0,39,Unfurnished,Apartment,9.4,8.9,5.0,1,10.0,2,6473,25796000
Hyderabad,Kukatpally,4,2269,4.0,12,12,1.0,2.0,22,Unfurnished,Independent House,7.8,1.0,3.0,0,6.0,9,8353,16202000
Bengaluru,HSR Layout,2,1079,2.0,3,3,1.0,3.0,39,Unfurnished,Villa,6.1,1.5,3.0,1,7.0,5,2280,8503000
Ahmedabad,Bodakdev,3,1899,3.0,3,1,1.0,0.0,1,Semi-Furnished,Apartment,6.9,1.6,10.0,5,5.0,4,4625,11261000
Delhi,Rohini,5,2659,5.0,10,6,2.0,2.0,3,Unfurnished,Apartment,3.1,3.2,7.0,6,8.0,9,12071,25849000
Bengaluru,Indiranagar,2,1367,2.0,7,5,2.0,3.0,10,Semi-Furnished,Independent House,9.0,5.0,1.0,7,5.0,5,5760,12625000
Visakhapatnam,MVP Colony,2,1060,3.0,7,5,1.0,3.0,33,Unfurnished,Apartment,6.0,5.2,0.0,5,4.0,10,4894,5043000
Hyderabad,Kukatpally,2,1430,2.0,6,3,0.0,2.0,24,Fully-Furnished,Villa,17.8,4.1,3.0,5,6.0,3,8235,10658000
Delhi,Saket,3,1588,4.0,5,3,0.0,1.0,25,Semi-Furnished,Apartment,2.9,1.4,2.0,3,2.0,2,8158,14218000
Visakhapatnam,Rushikonda,5,2230,6.0,2,1,1.0,2.0,17,Fully-Furnished,Apartment,7.4,1.6,7.0,3,9.0,4,10495,14281000
Vijayawada,Patamata,2,1142,2.0,6,4,0.0,1.0,20,Semi-Furnished,Apartment,2.9,3.9,9.0,3,4.0,3,4047,6568000
Visakhapatnam,Madhurawada,3,1794,3.0,8,4,1.0,1.0,38,Semi-Furnished,Apartment,4.8,0.7,4.0,0,8.0,9,4951,9921000
Chennai,Porur,1,956,1.0,12,8,3.0,2.0,39,Unfurnished,Apartment,2.0,1.5,9.0,0,6.0,4,2448,6529000
Mumbai,Borivali,2,1534,2.0,3,1,1.0,1.0,3,Unfurnished,Independent House,6.9,2.7,2.0,1,1.0,6,4653,25131000
Bengaluru,Electronic City,2,1695,1.0,8,2,2.0,0.0,35,Semi-Furnished,Apartment,6.6,0.6,2.0,7,2.0,7,10057,15471000
Delhi,Mayur Vihar,3,1591,3.0,3,3,2.0,2.0,38,Fully-Furnished,Apartment,2.1,3.7,3.0,1,10.0,1,8652,14914000
Ahmedabad,Satellite,4,2202,4.0,6,6,1.0,1.0,29,Unfurnished,Independent House,1.4,4.2,10.0,1,1.0,4,5176,13553000
Kolkata,Rajarhat,1,991,1.0,8,5,1.0,1.0,16,Semi-Furnished,Apartment,8.8,1.7,1.0,6,1.0,6,3220,5566000
Pune,Kharadi,1,944,2.0,15,15,1.0,0.0,11,Semi-Furnished,Independent House,14.8,4.2,9.0,4,8.0,1,4202,8227000
Visakhapatnam,MVP Colony,2,1651,2.0,8,5,3.0,1.0,32,Fully-Furnished,Independent House,2.4,2.9,1.0,3,7.0,10,8951,10877000
Vijayawada,Poranki,3,1766,4.0,4,3,1.0,1.0,37,Fully-Furnished,Independent House,2.6,2.7,8.0,3,7.0,9,10257,9951000
Hyderabad,Gachibowli,1,494,2.0,10,5,1.0,1.0,20,Fully-Furnished,Apartment,4.7,3.9,2.0,3,3.0,10,995,4199000
Ahmedabad,Bodakdev,4,2469,4.0,8,1,1.0,2.0,7,Semi-Furnished,Independent House,19.2,0.3,8.0,7,3.0,1,6976,17377000
Ahmedabad,Prahlad Nagar,3,1435,4.0,8,1,0.0,2.0,34,Unfurnished,Apartment,7.9,1.8,7.0,2,8.0,10,4475,9369000
Mumbai,Powai,2,1103,2.0,10,4,2.0,1.0,37,Semi-Furnished,Villa,2.4,0.7,9.0,4,6.0,5,2357,17709000
Bengaluru,Electronic City,3,2040,3.0,7,7,2.0,1.0,17,Semi-Furnished,Apartment,7.0,2.7,9.0,6,2.0,9,7816,18056000
Hyderabad,Gachibowli,1,602,1.0,6,3,2.0,1.0,19,Semi-Furnished,Independent House,7.4,4.2,4.0,5,3.0,7,1431,4293000
Kolkata,Rajarhat,1,1137,1.0,4,2,2.0,3.0,5,Unfurnished,Independent House,10.8,4.5,5.0,2,10.0,1,3936,6839000
Chennai,T Nagar,3,1636,3.0,4,4,2.0,2.0,30,Semi-Furnished,Apartment,2.9,6.3,7.0,2,2.0,10,6119,13766000
Delhi,Saket,4,2290,4.0,6,1,1.0,2.0,39,Semi-Furnished,Independent House,11.4,0.9,0.0,5,2.0,10,12835,20516000
Visakhapatnam,MVP Colony,3,1626,2.0,8,2,2.0,2.0,26,Semi-Furnished,Villa,18.7,4.1,6.0,4,5.0,2,5330,9520000
Pune,Hadapsar,3,1962,4.0,8,5,2.0,1.0,8,Semi-Furnished,Apartment,1.1,1.2,1.0,0,9.0,5,11226,16070000
Pune,Wakad,3,2087,4.0,5,2,1.0,1.0,11,Semi-Furnished,Independent House,2.0,3.9,0.0,2,9.0,3,10944,18797000
Delhi,Rohini,3,2226,3.0,6,5,0.0,2.0,12,Unfurnished,Villa,6.4,0.7,8.0,6,4.0,3,5526,21030000
Vijayawada,Governorpet,4,2575,4.0,4,3,0.0,1.0,0,Unfurnished,Apartment,10.6,2.9,4.0,2,4.0,9,10331,13571000
Vijayawada,Gunadala,2,1527,1.0,3,3,1.0,1.0,8,Semi-Furnished,Apartment,5.4,0.5,9.0,6,5.0,6,4051,8752000
Mumbai,Bandra,4,2746,4.0,4,4,3.0,2.0,4,Fully-Furnished,Apartment,8.8,1.8,10.0,4,1.0,6,6877,45633000
Pune,Viman Nagar,3,1868,4.0,7,2,1.0,2.0,32,Semi-Furnished,Apartment,4.7,2.1,5.0,5,7.0,10,9869,14987000
Kolkata,Ballygunge,3,1547,3.0,2,2,2.0,1.0,28,Semi-Furnished,Apartment,6.1,1.8,4.0,6,2.0,9,5336,9300000
Vijayawada,Patamata,2,1445,2.0,6,1,2.0,1.0,32,Unfurnished,Independent House,10.1,4.1,4.0,0,1.0,8,6250,4739000
Mumbai,Thane,2,1397,1.0,4,2,1.0,1.0,34,Semi-Furnished,Apartment,8.6,4.4,6.0,2,2.0,1,7469,20937000
Visakhapatnam,Madhurawada,1,889,1.0,15,12,1.0,2.0,2,Unfurnished,Apartment,7.2,1.2,7.0,4,5.0,4,3414,7259000
Ahmedabad,Prahlad Nagar,3,1788,3.0,7,1,2.0,3.0,14,Fully-Furnished,Apartment,8.3,2.9,3.0,6,2.0,5,6860,13009000
Visakhapatnam,Dwaraka Nagar,4,1894,4.0,2,2,0.0,1.0,4,Fully-Furnished,Apartment,9.7,1.9,7.0,0,2.0,2,11078,11537000
Pune,Hinjewadi,2,931,2.0,8,3,1.0,0.0,31,Unfurnished,Apartment,8.5,2.9,6.0,2,6.0,6,2918,7313000
Bengaluru,Whitefield,4,2617,3.0,4,1,1.0,2.0,15,Semi-Furnished,Apartment,6.0,3.1,9.0,1,7.0,4,14694,24460000
Delhi,Mayur Vihar,3,1600,3.0,4,3,2.0,2.0,23,Fully-Furnished,Apartment,5.6,1.6,1.0,7,1.0,1,5203,14640000
Kolkata,New Town,3,2109,3.0,3,1,2.0,1.0,27,Fully-Furnished,Independent House,8.1,7.0,10.0,1,6.0,1,10338,13449000
Hyderabad,Kondapur,2,1204,1.0,3,2,2.0,1.0,32,Fully-Furnished,Apartment,1.7,3.0,3.0,3,6.0,8,7130,8583000
Bengaluru,HSR Layout,1,1183,1.0,5,3,1.0,2.0,16,Unfurnished,Apartment,4.0,2.1,2.0,4,8.0,5,3183,11427000
Vijayawada,Benz Circle,2,1219,2.0,10,5,0.0,1.0,36,Unfurnished,Villa,2.3,4.8,3.0,7,3.0,9,7247,4402000
Vijayawada,Governorpet,2,971,2.0,5,1,0.0,1.0,4,Unfurnished,Apartment,11.4,1.3,10.0,3,8.0,2,4164,4635000
Chennai,Anna Nagar,2,1326,2.0,8,1,0.0,1.0,25,Unfurnished,Apartment,12.7,1.0,3.0,1,9.0,4,6697,9115000
Kolkata,New Town,3,1634,4.0,5,2,3.0,1.0,38,Semi-Furnished,Apartment,7.9,1.3,0.0,0,7.0,6,3808,9885000
Kolkata,New Town,1,450,1.0,15,3,1.0,2.0,13,Semi-Furnished,Apartment,17.1,0.8,4.0,6,9.0,3,1461,3043000
Hyderabad,Kukatpally,4,2246,4.0,2,1,1.0,1.0,20,Fully-Furnished,Apartment,3.7,6.1,9.0,5,5.0,3,5795,17814000
Hyderabad,Gachibowli,3,1820,3.0,15,6,2.0,2.0,35,Fully-Furnished,Independent House,1.9,10.2,4.0,6,8.0,5,7410,13714000
Visakhapatnam,Gajuwaka,1,506,1.0,15,3,0.0,2.0,3,Semi-Furnished,Independent House,15.2,2.0,0.0,4,8.0,4,1263,3805000
Hyderabad,Kukatpally,3,1954,2.0,2,2,2.0,3.0,0,Semi-Furnished,Apartment,5.3,4.8,3.0,1,3.0,6,4924,14272000
Hyderabad,Kondapur,2,1403,2.0,6,3,2.0,1.0,13,Semi-Furnished,Apartment,6.5,2.7,3.0,6,3.0,3,6203,10402000
Delhi,Dwarka,2,1461,3.0,4,1,0.0,1.0,1,Fully-Furnished,Independent House,11.0,1.2,3.0,7,5.0,5,4563,15104000
Vijayawada,Patamata,3,1973,4.0,4,1,1.0,1.0,39,Unfurnished,Apartment,8.8,1.2,2.0,3,,8,5092,8077000
Ahmedabad,Prahlad Nagar,4,2239,5.0,6,6,2.0,1.0,26,Fully-Furnished,Independent House,2.2,3.0,4.0,1,1.0,4,4579,16706000
Chennai,T Nagar,3,1626,3.0,6,4,0.0,1.0,18,Semi-Furnished,Apartment,13.0,3.2,2.0,6,9.0,6,5054,12796000
Chennai,Anna Nagar,4,2242,5.0,12,4,2.0,2.0,9,Unfurnished,Apartment,7.7,3.2,5.0,6,8.0,10,7314,18326000
Vijayawada,Benz Circle,3,2147,3.0,2,2,2.0,1.0,23,Semi-Furnished,Independent House,1.5,3.7,4.0,2,8.0,10,10940,11962000
Delhi,Mayur Vihar,3,2158,4.0,8,2,2.0,1.0,15,Unfurnished,Apartment,11.1,0.8,2.0,1,1.0,7,11252,20471000
Vijayawada,Gunadala,1,765,1.0,5,4,2.0,1.0,34,Semi-Furnished,Independent House,10.4,2.2,9.0,1,5.0,9,3572,4627000
Chennai,Adyar,2,1221,1.0,2,1,2.0,0.0,29,Semi-Furnished,Apartment,5.1,5.9,9.0,4,6.0,5,5988,8977000
Delhi,Mayur Vihar,4,2152,5.0,4,4,2.0,1.0,34,Unfurnished,Apartment,3.2,2.3,3.0,4,4.0,10,4826,19752000
Vijayawada,Governorpet,4,2183,4.0,8,8,1.0,2.0,4,Semi-Furnished,Villa,1.1,4.1,0.0,2,10.0,4,7928,13210000
Bengaluru,Koramangala,3,1841,4.0,6,2,2.0,1.0,0,Fully-Furnished,Independent House,3.5,2.2,10.0,0,5.0,2,6931,20064000
Pune,Wakad,4,2256,5.0,10,1,3.0,3.0,40,Fully-Furnished,Apartment,17.0,6.3,8.0,6,3.0,4,9391,19450000
Ahmedabad,Satellite,3,2253,4.0,12,6,1.0,1.0,34,Semi-Furnished,Apartment,4.1,1.5,2.0,2,4.0,3,5205,14160000
Delhi,Vasant Kunj,3,1701,3.0,4,3,1.0,0.0,37,Fully-Furnished,Apartment,2.6,5.1,0.0,6,8.0,1,4557,16577000
Pune,Kharadi,3,1898,3.0,6,5,0.0,1.0,23,Unfurnished,Villa,6.4,9.7,3.0,0,1.0,1,9243,13197000
Delhi,Dwarka,3,1347,3.0,5,3,3.0,2.0,5,Unfurnished,Apartment,4.5,5.7,7.0,7,,3,3993,14651000
Bengaluru,Whitefield,1,1141,1.0,10,3,1.0,2.0,4,Fully-Furnished,Apartment,4.4,3.5,9.0,1,8.0,7,4771,12096000
Hyderabad,Kukatpally,2,1454,3.0,6,2,1.0,1.0,2,Semi-Furnished,Villa,5.5,2.9,7.0,1,7.0,7,4507,11918000
Bengaluru,Koramangala,2,1358,1.0,8,4,0.0,1.0,1,Semi-Furnished,Apartment,22.1,1.9,6.0,3,1.0,7,8124,12414000
Vijayawada,Benz Circle,2,1493,1.0,10,5,1.0,1.0,17,Unfurnished,Apartment,16.4,4.1,10.0,0,6.0,1,8145,6848000
Delhi,Dwarka,4,2353,3.0,3,1,1.0,0.0,40,Unfurnished,Apartment,24.7,2.4,3.0,0,10.0,5,14035,20958000
Mumbai,Bandra,2,1265,3.0,2,1,1.0,1.0,27,Semi-Furnished,Apartment,9.1,5.0,6.0,7,5.0,2,3247,19749000
Pune,Baner,3,1934,3.0,7,3,1.0,2.0,39,Unfurnished,Apartment,13.6,3.4,6.0,5,7.0,9,5963,14083000
Mumbai,Navi Mumbai,4,2096,4.0,3,2,1.0,1.0,35,Unfurnished,Apartment,3.9,1.7,1.0,4,3.0,9,11878,31988000
Bengaluru,Whitefield,3,2051,2.0,5,2,3.0,2.0,10,Semi-Furnished,Villa,7.7,5.3,6.0,7,2.0,1,4506,19489000
Kolkata,New Town,3,2084,3.0,7,1,1.0,1.0,4,Semi-Furnished,Villa,7.4,6.7,6.0,3,1.0,8,6333,13735000
Delhi,Saket,1,1002,1.0,12,7,1.0,0.0,9,Semi-Furnished,Villa,11.1,4.8,5.0,3,8.0,3,4704,9265000
Ahmedabad,Vastrapur,3,1882,4.0,6,1,2.0,2.0,1,Semi-Furnished,Apartment,2.5,0.6,5.0,5,4.0,1,4492,13868000
Bengaluru,Yelahanka,2,1066,2.0,15,11,1.0,0.0,1,Unfurnished,Apartment,5.3,3.8,6.0,3,5.0,1,2798,9808000
Bengaluru,Whitefield,4,2038,3.0,6,5,1.0,1.0,40,Semi-Furnished,Apartment,5.3,2.6,9.0,4,8.0,1,9164,18628000
Delhi,Rohini,4,2448,4.0,12,8,0.0,2.0,24,Fully-Furnished,Apartment,0.9,1.8,5.0,6,5.0,9,13745,25828000
Kolkata,Behala,3,1915,4.0,2,2,0.0,1.0,0,Semi-Furnished,Apartment,9.5,1.6,9.0,1,2.0,7,4944,12681000
Kolkata,Rajarhat,2,1472,3.0,4,2,2.0,2.0,12,Unfurnished,Apartment,15.4,9.0,2.0,0,10.0,8,7648,8386000
Pune,Wakad,4,2433,5.0,6,1,1.0,0.0,4,Unfurnished,Apartment,4.1,1.9,0.0,2,7.0,3,11885,20883000
Vijayawada,Patamata,1,1285,1.0,7,1,2.0,2.0,11,Unfurnished,Apartment,1.7,1.6,10.0,3,1.0,10,6324,6656000
Vijayawada,Gunadala,3,1768,3.0,7,3,3.0,1.0,16,Semi-Furnished,Apartment,4.1,6.5,1.0,3,3.0,6,5492,9340000
Delhi,Vasant Kunj,5,2557,6.0,15,2,2.0,2.0,0,Semi-Furnished,Apartment,7.6,3.2,9.0,1,6.0,10,6913,26438000
Vijayawada,Benz Circle,3,2033,4.0,6,4,2.0,2.0,21,Unfurnished,Independent House,2.7,1.7,0.0,2,9.0,7,12018,9539000
Bengaluru,Yelahanka,2,1327,2.0,6,4,1.0,1.0,18,Semi-Furnished,Apartment,1.5,0.7,8.0,3,3.0,7,4670,12545000
Chennai,Velachery,4,2054,4.0,2,2,2.0,2.0,25,Semi-Furnished,Apartment,16.2,1.7,3.0,4,9.0,8,9631,16032000
Chennai,Velachery,2,1413,1.0,12,8,2.0,3.0,10,Semi-Furnished,Apartment,1.9,2.9,10.0,0,5.0,8,4901,11283000
Vijayawada,Gunadala,2,1650,2.0,10,6,2.0,0.0,13,Semi-Furnished,Apartment,8.7,2.2,8.0,7,6.0,6,4099,8867000
Visakhapatnam,Gajuwaka,4,2450,5.0,6,4,2.0,1.0,36,Fully-Furnished,Independent House,2.6,12.2,6.0,2,3.0,2,6062,15671000
Pune,Viman Nagar,3,1972,4.0,10,9,2.0,2.0,5,Unfurnished,Apartment,4.0,5.1,6.0,2,8.0,8,9746,15994000
Chennai,OMR,3,1817,3.0,4,4,2.0,3.0,25,Fully-Furnished,Apartment,1.7,3.0,6.0,0,3.0,6,5333,13606000
Visakhapatnam,Madhurawada,3,1924,2.0,7,2,1.0,1.0,4,Fully-Furnished,Apartment,8.9,7.8,0.0,5,10.0,2,10286,11369000
Vijayawada,Governorpet,4,2408,3.0,3,3,1.0,0.0,24,Semi-Furnished,Apartment,2.5,0.8,9.0,2,8.0,5,10155,13387000
Delhi,Vasant Kunj,3,1685,3.0,6,5,2.0,2.0,20,Fully-Furnished,Apartment,4.5,2.0,6.0,2,3.0,5,7109,16484000
Visakhapatnam,Dwaraka Nagar,3,1823,3.0,3,1,2.0,2.0,37,Semi-Furnished,Apartment,14.1,2.9,0.0,1,1.0,10,8836,9942000
Bengaluru,Yelahanka,2,1372,3.0,12,2,1.0,1.0,17,Semi-Furnished,Apartment,12.6,3.5,7.0,3,5.0,8,4835,11958000
Mumbai,Bandra,2,1282,2.0,2,1,1.0,1.0,32,Unfurnished,Villa,7.8,4.8,3.0,5,7.0,7,3548,18769000
Bengaluru,Electronic City,3,1554,3.0,8,5,2.0,0.0,40,Unfurnished,Apartment,4.5,1.5,4.0,7,8.0,6,7085,13834000
Visakhapatnam,Seethammadhara,3,1687,4.0,7,4,1.0,1.0,15,Unfurnished,Independent House,11.6,1.4,1.0,3,7.0,4,9844,9181000
Kolkata,Dum Dum,2,1551,2.0,7,5,0.0,2.0,29,Fully-Furnished,Apartment,7.3,1.2,5.0,3,10.0,1,7238,10632000
Bengaluru,Indiranagar,4,2056,3.0,4,4,1.0,1.0,35,Fully-Furnished,Independent House,11.6,3.0,7.0,1,8.0,5,5459,19374000
Delhi,Pitampura,2,1065,3.0,6,2,2.0,1.0,11,Fully-Furnished,Apartment,5.9,1.0,5.0,1,6.0,4,3293,12091000
Pune,Viman Nagar,1,1183,2.0,7,3,0.0,0.0,17,Unfurnished,Independent House,3.7,3.6,7.0,7,8.0,6,3672,10525000
Vijayawada,Governorpet,2,1597,3.0,2,2,1.0,1.0,17,Unfurnished,Villa,3.5,4.3,9.0,7,2.0,4,3558,8307000
Vijayawada,Moghalrajpuram,4,2173,4.0,15,4,2.0,2.0,30,Unfurnished,Apartment,3.6,0.8,2.0,4,1.0,5,11700,9737000
Visakhapatnam,Seethammadhara,4,2659,5.0,8,2,1.0,2.0,23,Semi-Furnished,Independent House,2.7,7.2,7.0,6,3.0,2,7365,16362000
Delhi,Pitampura,4,2165,4.0,15,14,,1.0,39,Semi-Furnished,Apartment,15.0,6.5,7.0,2,,9,12010,19711000
Bengaluru,Indiranagar,2,1141,1.0,3,1,2.0,1.0,34,Unfurnished,Apartment,6.5,1.6,3.0,1,4.0,10,4496,9131000
Vijayawada,Governorpet,3,1715,3.0,6,2,1.0,1.0,31,Unfurnished,Apartment,13.5,2.4,7.0,4,5.0,5,7441,7753000
Vijayawada,Benz Circle,3,1536,3.0,3,1,1.0,1.0,19,Fully-Furnished,Apartment,4.5,1.7,1.0,3,2.0,3,5049,8336000
Vijayawada,Gunadala,2,1366,2.0,15,13,1.0,2.0,9,Semi-Furnished,Apartment,10.7,0.3,0.0,1,6.0,7,4207,8241000
Vijayawada,Poranki,2,1613,2.0,5,1,2.0,1.0,6,Semi-Furnished,Apartment,4.7,0.2,7.0,7,3.0,10,9088,10836000
Bengaluru,Whitefield,4,2471,5.0,10,9,3.0,1.0,21,Semi-Furnished,Apartment,4.1,4.8,0.0,1,2.0,5,12042,22693000
Mumbai,Bandra,2,1534,3.0,8,8,2.0,1.0,31,Unfurnished,Independent House,2.0,0.4,10.0,5,6.0,10,5446,24631000
Mumbai,Powai,4,2363,3.0,10,10,1.0,1.0,30,Unfurnished,Independent House,7.1,2.7,10.0,4,8.0,2,8924,35786000
Delhi,Vasant Kunj,1,1083,1.0,4,3,1.0,1.0,29,Unfurnished,Apartment,7.1,1.3,9.0,6,9.0,4,4817,10339000
Mumbai,Andheri,2,1060,3.0,12,2,0.0,0.0,3,Fully-Furnished,Villa,5.7,10.3,0.0,4,8.0,1,2458,17213000
Mumbai,Borivali,3,1888,4.0,6,2,3.0,1.0,8,Semi-Furnished,Independent House,1.7,2.4,2.0,1,5.0,1,5532,30239000
Pune,Wakad,2,1357,3.0,5,4,1.0,1.0,40,Semi-Furnished,Apartment,4.5,1.3,1.0,1,5.0,7,6761,10993000
Chennai,Porur,3,1862,4.0,12,11,2.0,2.0,26,Unfurnished,Independent House,4.5,2.8,9.0,0,7.0,10,7965,13119000
Chennai,Adyar,4,2199,4.0,3,3,1.0,3.0,5,Semi-Furnished,Independent House,8.2,1.1,6.0,7,8.0,9,6695,19484000
Chennai,T Nagar,2,1087,1.0,12,8,1.0,2.0,23,Semi-Furnished,Apartment,9.5,13.8,7.0,1,3.0,4,5196,7670000
Mumbai,Thane,1,1052,2.0,7,1,1.0,2.0,12,Semi-Furnished,Villa,10.5,5.3,4.0,1,3.0,1,5337,16398000
Delhi,Vasant Kunj,4,1658,3.0,6,6,3.0,1.0,36,Semi-Furnished,Independent House,7.1,3.8,2.0,6,6.0,2,5203,15848000
Mumbai,Navi Mumbai,2,977,2.0,15,8,0.0,1.0,29,Semi-Furnished,Apartment,12.1,2.4,7.0,1,2.0,5,5805,14484000
Delhi,Vasant Kunj,4,2016,3.0,10,7,1.0,1.0,34,Semi-Furnished,Apartment,9.8,8.9,3.0,5,9.0,4,10386,18734000
Pune,Hinjewadi,3,1840,3.0,6,5,2.0,1.0,14,Unfurnished,Independent House,12.4,8.3,8.0,0,3.0,4,5328,13399000
Pune,Hadapsar,3,2005,3.0,10,9,1.0,1.0,1,Unfurnished,Apartment,6.8,1.0,5.0,2,6.0,10,7143,16150000
Bengaluru,Whitefield,3,1607,3.0,5,4,3.0,1.0,40,Fully-Furnished,Apartment,16.8,2.4,0.0,3,4.0,8,9349,15002000
Ahmedabad,Prahlad Nagar,3,1554,2.0,10,6,1.0,0.0,34,Semi-Furnished,Apartment,8.1,4.7,0.0,3,10.0,8,5965,10327000
Chennai,OMR,3,1631,4.0,3,1,2.0,2.0,26,Unfurnished,Independent House,9.4,3.4,7.0,1,8.0,6,3359,13121000
Pune,Wakad,2,1822,,8,2,1.0,2.0,5,Unfurnished,Independent House,2.9,0.6,6.0,5,2.0,9,10563,15735000
Kolkata,New Town,3,1607,4.0,10,6,0.0,2.0,0,Fully-Furnished,Apartment,15.2,1.1,0.0,7,5.0,7,9414,11679000
Visakhapatnam,Rushikonda,4,2186,3.0,10,8,1.0,2.0,19,Fully-Furnished,Apartment,6.2,2.0,10.0,1,5.0,10,6205,13856000
Vijayawada,Poranki,3,1554,4.0,2,2,3.0,2.0,0,Semi-Furnished,Independent House,5.2,6.3,5.0,0,8.0,1,8275,9619000
Visakhapatnam,MVP Colony,1,613,2.0,6,2,0.0,2.0,36,Semi-Furnished,Apartment,3.7,0.5,6.0,3,8.0,8,3468,3064000
Visakhapatnam,Rushikonda,3,1894,3.0,10,1,1.0,2.0,32,Semi-Furnished,Villa,0.6,9.1,3.0,7,8.0,4,10092,10843000
Hyderabad,Kondapur,3,1815,3.0,6,3,2.0,1.0,20,Semi-Furnished,Apartment,8.4,3.2,0.0,2,10.0,8,5986,13501000
Hyderabad,Miyapur,2,1231,2.0,7,1,1.0,2.0,30,Unfurnished,Villa,4.6,0.4,0.0,4,3.0,10,3142,7773000
Visakhapatnam,Madhurawada,2,1319,3.0,12,6,2.0,1.0,23,Unfurnished,Apartment,4.2,3.0,3.0,5,8.0,3,5248,7134000
Ahmedabad,Maninagar,2,1657,2.0,8,7,2.0,0.0,23,Fully-Furnished,Apartment,7.1,7.0,8.0,3,6.0,5,8549,11958000
Chennai,Adyar,4,2483,4.0,7,4,2.0,0.0,29,Semi-Furnished,Apartment,5.3,1.9,0.0,0,2.0,10,9357,19267000
Ahmedabad,Chandkheda,2,1224,3.0,8,3,1.0,1.0,19,Fully-Furnished,Apartment,8.0,4.8,6.0,1,3.0,5,5502,9033000
Visakhapatnam,Rushikonda,2,1476,2.0,6,2,2.0,3.0,1,Semi-Furnished,Apartment,1.3,8.5,3.0,7,3.0,9,7280,8412000
Pune,Viman Nagar,4,2193,4.0,12,7,1.0,2.0,24,Unfurnished,Independent House,3.4,8.2,4.0,3,5.0,1,10205,18181000
Pune,Wakad,2,899,2.0,10,2,2.0,1.0,16,Semi-Furnished,Independent House,7.1,0.3,8.0,3,6.0,5,2808,8625000
Delhi,Mayur Vihar,3,1876,2.0,12,1,0.0,3.0,3,Fully-Furnished,Apartment,3.3,1.2,4.0,3,10.0,8,9688,20093000
Hyderabad,Miyapur,2,1330,2.0,4,2,2.0,1.0,5,Fully-Furnished,Apartment,13.5,4.0,9.0,7,8.0,1,7825,11276000
Chennai,T Nagar,2,1255,2.0,8,3,0.0,1.0,15,Fully-Furnished,Apartment,8.9,2.8,3.0,1,7.0,8,7016,10352000
Kolkata,Ballygunge,3,1896,3.0,15,8,2.0,1.0,29,Unfurnished,Apartment,14.4,0.3,5.0,3,4.0,6,9123,10200000
Pune,Wakad,2,1133,1.0,2,2,1.0,1.0,3,Semi-Furnished,Villa,3.0,0.3,8.0,3,6.0,10,4085,11044000
Kolkata,Behala,3,1498,3.0,15,3,3.0,2.0,1,Semi-Furnished,Independent House,6.8,2.1,6.0,7,4.0,3,5396,9629000
Pune,Viman Nagar,3,1605,2.0,5,2,1.0,2.0,16,Semi-Furnished,Apartment,9.6,2.2,6.0,3,2.0,7,7947,14094000
Pune,Hinjewadi,5,2622,4.0,5,2,0.0,1.0,22,Unfurnished,Apartment,10.7,6.8,4.0,4,7.0,7,6581,20434000
Hyderabad,Gachibowli,2,1557,3.0,6,4,1.0,2.0,40,Semi-Furnished,Apartment,7.9,3.5,0.0,3,7.0,6,4056,10184000
Kolkata,New Town,4,2038,4.0,7,4,1.0,2.0,9,Fully-Furnished,Independent House,3.6,5.1,6.0,2,6.0,3,9877,14778000
Delhi,Dwarka,3,1459,3.0,10,2,2.0,2.0,40,Fully-Furnished,Independent House,1.2,2.9,10.0,7,4.0,5,6756,13846000
Vijayawada,Patamata,4,1720,3.0,15,5,0.0,1.0,2,Unfurnished,Apartment,13.4,0.2,0.0,1,4.0,1,5930,8928000
Visakhapatnam,Dwaraka Nagar,2,1218,2.0,7,7,1.0,2.0,14,Fully-Furnished,Apartment,7.2,5.4,1.0,7,7.0,9,2510,7935000
Kolkata,Dum Dum,2,1658,3.0,12,5,2.0,2.0,4,Semi-Furnished,Apartment,5.3,2.8,7.0,0,1.0,3,6710,10905000
Mumbai,Bandra,5,3082,5.0,6,6,2.0,1.0,22,Semi-Furnished,Apartment,13.6,2.5,6.0,3,6.0,7,14008,48906000
Vijayawada,Moghalrajpuram,2,1017,2.0,10,5,0.0,3.0,40,Fully-Furnished,Apartment,15.1,2.1,10.0,3,4.0,6,3787,4638000
Vijayawada,Governorpet,2,1578,3.0,6,2,2.0,1.0,32,Semi-Furnished,Apartment,7.1,1.6,10.0,5,3.0,3,7630,8326000
Hyderabad,Gachibowli,2,1343,2.0,7,4,1.0,2.0,16,Fully-Furnished,Apartment,2.4,2.8,1.0,2,4.0,8,4812,11325000
Delhi,Dwarka,4,2138,5.0,3,3,1.0,2.0,37,Unfurnished,Apartment,6.3,1.9,10.0,7,8.0,10,11716,19375000
Chennai,OMR,3,1542,3.0,10,4,1.0,0.0,35,Fully-Furnished,Independent House,7.5,,9.0,1,8.0,5,6389,13133000
Visakhapatnam,Gajuwaka,3,1826,4.0,10,8,1.0,0.0,3,Semi-Furnished,Apartment,13.4,0.6,6.0,2,4.0,10,8626,12137000
Delhi,Pitampura,4,2364,4.0,15,8,1.0,2.0,4,Unfurnished,Apartment,4.9,3.5,3.0,7,5.0,1,7466,22167000
Kolkata,Ballygunge,2,1520,1.0,8,5,2.0,1.0,30,Fully-Furnished,Independent House,8.9,2.8,1.0,1,1.0,6,6069,8766000
Hyderabad,Kukatpally,3,1701,2.0,7,3,2.0,2.0,22,Semi-Furnished,Independent House,3.1,0.9,4.0,3,6.0,4,5195,13126000
Mumbai,Thane,4,1902,4.0,12,9,1.0,1.0,12,Unfurnished,Apartment,5.3,3.1,9.0,0,7.0,5,8189,29143000
Vijayawada,Governorpet,5,2220,5.0,15,4,2.0,1.0,12,Semi-Furnished,Apartment,7.2,2.6,2.0,3,6.0,1,4632,12399000
Vijayawada,Governorpet,4,2138,5.0,5,4,1.0,1.0,19,Unfurnished,Apartment,1.9,1.4,10.0,7,7.0,4,11499,10069000
Mumbai,Borivali,4,2100,3.0,3,2,2.0,2.0,25,Unfurnished,Apartment,5.9,3.3,4.0,3,3.0,8,6022,31718000
Kolkata,Behala,2,1729,2.0,15,2,1.0,2.0,24,Fully-Furnished,Apartment,6.8,5.1,1.0,7,7.0,5,8792,11608000
Mumbai,Bandra,2,949,2.0,3,1,1.0,0.0,3,Fully-Furnished,Apartment,8.1,7.4,0.0,0,5.0,8,5369,16194000
Bengaluru,HSR Layout,5,2624,4.0,8,3,0.0,2.0,5,Fully-Furnished,Independent House,13.5,3.4,9.0,6,3.0,6,14087,27190000
Kolkata,Salt Lake,4,2364,4.0,12,7,3.0,1.0,40,Semi-Furnished,Apartment,3.3,3.5,8.0,1,4.0,7,7536,13860000
Bengaluru,Yelahanka,5,2834,5.0,10,5,1.0,0.0,27,Fully-Furnished,Apartment,5.6,3.1,10.0,7,7.0,6,7910,28623000
Pune,Wakad,3,2091,3.0,2,1,1.0,1.0,27,Unfurnished,Apartment,3.3,4.8,3.0,2,9.0,8,5497,16649000
Chennai,Velachery,1,615,1.0,4,4,1.0,0.0,39,Unfurnished,Apartment,7.7,2.2,7.0,1,8.0,9,1415,2807000
Ahmedabad,Chandkheda,2,1694,1.0,7,4,1.0,1.0,6,Fully-Furnished,Villa,5.1,1.4,1.0,3,2.0,3,8956,11386000
Chennai,Anna Nagar,3,1574,2.0,7,2,0.0,1.0,21,Fully-Furnished,Apartment,6.5,7.3,10.0,6,2.0,5,3318,13360000
Ahmedabad,Satellite,3,1529,3.0,5,3,1.0,3.0,18,Semi-Furnished,Apartment,13.8,9.3,4.0,3,9.0,4,4664,10763000
Mumbai,Bandra,3,1867,3.0,6,4,1.0,1.0,5,Semi-Furnished,Independent House,9.5,2.8,10.0,7,4.0,10,4738,30273000
Mumbai,Navi Mumbai,1,1345,1.0,7,4,1.0,1.0,27,Unfurnished,Villa,5.7,3.3,7.0,3,6.0,2,5433,19988000
Hyderabad,Miyapur,4,2163,4.0,10,1,2.0,2.0,24,Unfurnished,Independent House,10.7,7.8,3.0,4,3.0,1,12757,14050000
Pune,Wakad,3,1772,3.0,8,6,2.0,1.0,11,Fully-Furnished,Apartment,6.1,0.9,5.0,7,9.0,3,4842,17222000
Vijayawada,Poranki,4,2360,5.0,5,1,3.0,2.0,15,Unfurnished,Apartment,3.4,2.7,8.0,0,2.0,9,6529,10690000
Delhi,Rohini,4,1875,5.0,2,1,3.0,0.0,35,Semi-Furnished,Independent House,6.9,3.0,4.0,5,3.0,6,6025,18853000
Hyderabad,Kondapur,4,2397,3.0,6,2,2.0,2.0,8,Semi-Furnished,Apartment,8.8,7.7,2.0,7,9.0,1,11421,19138000
Vijayawada,Benz Circle,4,1838,4.0,12,7,3.0,1.0,34,Fully-Furnished,Apartment,5.6,6.6,5.0,5,1.0,7,7263,9519000
Bengaluru,Koramangala,3,1706,3.0,15,14,1.0,2.0,20,Unfurnished,Independent House,2.5,0.4,7.0,4,3.0,8,8472,15400000
Mumbai,Thane,3,1708,4.0,7,2,2.0,3.0,15,Semi-Furnished,Apartment,3.0,0.9,10.0,6,7.0,7,8754,28002000
Chennai,T Nagar,2,1854,1.0,10,2,2.0,1.0,30,Semi-Furnished,Apartment,3.0,1.0,10.0,5,2.0,5,9296,12966000
Visakhapatnam,MVP Colony,3,1668,4.0,8,5,1.0,2.0,10,Semi-Furnished,Apartment,1.4,2.5,3.0,1,9.0,8,6686,10716000
Bengaluru,Indiranagar,2,1137,2.0,8,5,1.0,2.0,0,Semi-Furnished,Villa,10.4,2.8,5.0,7,10.0,9,6290,10713000
Chennai,T Nagar,4,2642,3.0,12,2,0.0,2.0,8,Fully-Furnished,Apartment,6.8,1.0,0.0,7,5.0,2,9129,21121000
Ahmedabad,Prahlad Nagar,3,1785,4.0,12,12,1.0,1.0,15,Semi-Furnished,Apartment,1.6,4.6,7.0,1,8.0,2,5857,13275000
Delhi,Vasant Kunj,3,1582,4.0,10,5,1.0,1.0,3,Semi-Furnished,Apartment,4.1,5.2,9.0,3,8.0,7,4960,16481000
Delhi,Vasant Kunj,3,1901,4.0,10,5,0.0,1.0,7,Unfurnished,Independent House,7.1,8.2,0.0,3,1.0,7,7436,17712000
Ahmedabad,Satellite,2,1205,3.0,15,1,2.0,1.0,27,Unfurnished,Independent House,1.3,9.2,1.0,0,6.0,1,3587,7111000
Kolkata,Dum Dum,2,825,1.0,4,2,1.0,1.0,34,Semi-Furnished,Apartment,10.8,2.6,5.0,7,4.0,7,2227,4017000
Kolkata,Salt Lake,2,1608,1.0,7,4,1.0,0.0,39,Unfurnished,Apartment,14.3,0.9,6.0,6,7.0,9,4139,9737000
Visakhapatnam,Gajuwaka,4,1509,4.0,7,2,2.0,2.0,8,Semi-Furnished,Apartment,9.7,2.5,10.0,3,5.0,7,7059,8706000
Delhi,Rohini,3,1342,3.0,15,14,0.0,2.0,22,Fully-Furnished,Apartment,6.8,2.3,5.0,5,9.0,10,5487,13371000
Hyderabad,Kondapur,2,1613,1.0,7,3,2.0,1.0,13,Semi-Furnished,Independent House,3.2,1.7,0.0,2,2.0,7,7454,10762000
Bengaluru,Indiranagar,4,2122,5.0,4,3,1.0,1.0,31,Semi-Furnished,Apartment,3.1,1.4,8.0,6,2.0,7,8370,20411000
Visakhapatnam,Madhurawada,3,1420,3.0,8,5,2.0,1.0,17,Unfurnished,Apartment,6.9,3.4,8.0,5,7.0,3,8432,6836000
Ahmedabad,Prahlad Nagar,3,1862,2.0,4,4,3.0,3.0,36,Semi-Furnished,Independent House,0.9,1.3,4.0,6,6.0,7,4337,12490000
Kolkata,Salt Lake,3,1640,3.0,6,5,0.0,0.0,21,Semi-Furnished,Apartment,14.5,0.2,10.0,5,5.0,1,9412,10097000
Kolkata,New Town,4,2282,3.0,10,7,1.0,1.0,3,Unfurnished,Apartment,8.1,3.0,4.0,4,4.0,3,6523,13810000
Chennai,T Nagar,5,2480,5.0,7,6,2.0,1.0,10,Semi-Furnished,Independent House,1.5,1.2,9.0,5,1.0,5,12363,20161000
Kolkata,Ballygunge,3,1345,3.0,3,2,1.0,3.0,14,Unfurnished,Apartment,2.5,1.6,2.0,4,5.0,1,3390,8892000
Visakhapatnam,Seethammadhara,2,1298,2.0,6,5,1.0,1.0,39,Unfurnished,Apartment,2.3,1.0,1.0,0,4.0,10,6152,7433000
Bengaluru,HSR Layout,4,1987,4.0,12,6,3.0,3.0,28,Semi-Furnished,Independent House,4.7,0.7,5.0,6,4.0,2,6596,17626000
Chennai,Porur,4,1957,4.0,5,5,0.0,3.0,15,Unfurnished,Independent House,1.7,9.5,7.0,6,6.0,8,9871,14050000
Chennai,Adyar,4,1974,4.0,3,3,0.0,2.0,22,Semi-Furnished,Apartment,3.9,4.9,6.0,6,5.0,1,8400,14501000
Kolkata,Rajarhat,3,2062,3.0,10,8,1.0,1.0,28,Semi-Furnished,Apartment,0.9,4.8,4.0,4,5.0,4,5491,13184000
Chennai,Velachery,4,2373,3.0,6,4,2.0,3.0,25,Fully-Furnished,Villa,7.5,,10.0,5,2.0,7,13019,20154000
Pune,Baner,2,1214,2.0,2,1,1.0,1.0,19,Semi-Furnished,Apartment,7.4,1.6,1.0,4,1.0,1,5739,8868000
Chennai,T Nagar,1,1027,1.0,6,5,2.0,1.0,28,Fully-Furnished,Apartment,10.6,4.9,7.0,1,10.0,10,5428,7523000
Mumbai,Navi Mumbai,2,1216,2.0,12,5,2.0,0.0,17,Unfurnished,Apartment,6.2,2.7,8.0,3,10.0,9,7051,19685000
Vijayawada,Governorpet,4,1980,4.0,6,6,1.0,2.0,33,Fully-Furnished,Independent House,5.1,9.7,0.0,6,4.0,8,4669,9763000
Delhi,Vasant Kunj,4,2139,3.0,10,4,2.0,3.0,7,Fully-Furnished,Apartment,1.9,2.7,10.0,0,6.0,2,12750,22357000
Visakhapatnam,Seethammadhara,3,1809,3.0,15,7,1.0,2.0,31,Unfurnished,Apartment,5.3,8.5,0.0,2,5.0,6,9858,9179000
Chennai,Velachery,1,1130,1.0,15,7,1.0,3.0,3,Unfurnished,Independent House,18.6,6.3,1.0,2,4.0,10,5009,9018000
Mumbai,Andheri,4,2116,3.0,8,6,1.0,2.0,5,Unfurnished,Independent House,2.2,1.3,10.0,4,3.0,6,10200,33879000
Hyderabad,Kukatpally,3,1811,3.0,15,2,2.0,2.0,8,Fully-Furnished,Apartment,9.2,1.4,7.0,4,6.0,9,7959,15831000
Bengaluru,Electronic City,4,2142,3.0,3,3,2.0,1.0,14,Unfurnished,Apartment,13.8,1.6,7.0,4,2.0,10,6442,20441000
Chennai,OMR,3,1856,3.0,3,3,1.0,1.0,13,Unfurnished,Apartment,1.1,2.8,6.0,4,2.0,6,4016,13383000
Kolkata,Behala,4,2018,5.0,4,1,2.0,2.0,30,Fully-Furnished,Apartment,12.1,3.9,2.0,0,8.0,6,9254,12915000
Pune,Hinjewadi,3,2146,2.0,2,1,2.0,1.0,39,Semi-Furnished,Apartment,3.3,7.2,4.0,1,4.0,10,5200,16701000
Bengaluru,Koramangala,1,723,2.0,8,8,2.0,2.0,14,Semi-Furnished,Apartment,5.9,2.1,7.0,2,1.0,6,3271,7642000
Bengaluru,Yelahanka,4,2290,5.0,2,2,2.0,3.0,2,Unfurnished,Independent House,5.3,3.9,5.0,3,5.0,6,7210,21052000
Kolkata,Dum Dum,2,1351,2.0,7,5,2.0,1.0,38,Unfurnished,Apartment,6.9,2.8,9.0,5,10.0,6,3202,7266000
Bengaluru,HSR Layout,3,2080,4.0,4,1,1.0,2.0,16,Semi-Furnished,Independent House,5.2,2.4,1.0,0,8.0,1,11109,19709000
Ahmedabad,Maninagar,2,1249,3.0,10,9,2.0,2.0,13,Semi-Furnished,Apartment,9.0,2.0,1.0,6,3.0,3,6330,8447000
Bengaluru,Indiranagar,3,2271,2.0,12,10,1.0,1.0,12,Fully-Furnished,Apartment,5.3,4.5,10.0,6,3.0,6,10743,21411000
Kolkata,Behala,3,1970,3.0,4,1,1.0,0.0,10,Semi-Furnished,Apartment,3.0,0.6,10.0,1,7.0,4,8497,12329000
Visakhapatnam,Madhurawada,1,895,1.0,15,4,2.0,2.0,38,Unfurnished,Apartment,3.9,4.5,7.0,4,6.0,1,2953,3313000
Chennai,Velachery,3,1371,3.0,8,2,0.0,2.0,13,Semi-Furnished,Independent House,0.8,2.1,8.0,7,8.0,2,4240,11867000
Bengaluru,Yelahanka,3,1841,4.0,12,2,0.0,2.0,26,Semi-Furnished,Apartment,5.1,2.3,0.0,1,6.0,9,6863,17434000
Ahmedabad,Bodakdev,5,2738,4.0,10,7,2.0,2.0,25,Unfurnished,Villa,1.2,1.5,5.0,7,8.0,8,11193,17117000
Pune,Baner,3,2080,3.0,3,1,1.0,1.0,18,Semi-Furnished,Apartment,3.4,5.0,8.0,5,2.0,4,4651,17562000
Bengaluru,Indiranagar,3,1850,4.0,7,2,2.0,2.0,12,Unfurnished,Apartment,1.6,6.7,5.0,0,10.0,3,7862,18831000
Vijayawada,Benz Circle,5,2659,5.0,7,4,1.0,1.0,20,Unfurnished,Apartment,12.0,3.4,1.0,5,10.0,5,8080,12526000
Hyderabad,Miyapur,3,1606,4.0,4,2,1.0,2.0,12,Fully-Furnished,Apartment,2.1,2.2,1.0,0,6.0,8,7573,12485000
Pune,Wakad,2,1211,2.0,4,3,2.0,1.0,26,Unfurnished,Apartment,9.9,5.1,6.0,2,2.0,4,6501,8555000
Delhi,Saket,2,1539,2.0,10,6,3.0,2.0,8,Semi-Furnished,Apartment,5.5,2.0,0.0,7,1.0,6,4522,14148000
Visakhapatnam,Madhurawada,3,1533,3.0,15,1,2.0,1.0,5,Fully-Furnished,Independent House,10.9,3.3,1.0,2,1.0,1,5753,9049000
Hyderabad,Madhapur,3,1925,4.0,7,2,3.0,1.0,8,Unfurnished,Apartment,18.3,6.6,4.0,4,9.0,3,4168,13023000
Mumbai,Navi Mumbai,3,1744,3.0,5,2,1.0,3.0,8,Semi-Furnished,Apartment,13.2,3.9,5.0,2,9.0,10,3628,29146000
Pune,Viman Nagar,3,1695,2.0,15,11,2.0,1.0,3,Fully-Furnished,Apartment,2.5,4.2,1.0,5,2.0,7,6817,15846000
Vijayawada,Gunadala,2,1148,1.0,12,3,0.0,1.0,18,Fully-Furnished,Independent House,12.9,3.1,7.0,6,2.0,10,6148,6539000
Hyderabad,Madhapur,2,1311,3.0,3,2,2.0,0.0,2,Semi-Furnished,Apartment,11.8,7.8,7.0,0,10.0,7,2976,10796000
Kolkata,Ballygunge,3,1450,4.0,12,10,1.0,1.0,35,Unfurnished,Independent House,4.9,2.1,6.0,1,7.0,9,6398,7745000
Bengaluru,Whitefield,4,2186,4.0,12,9,0.0,1.0,40,Unfurnished,Apartment,3.9,10.4,1.0,4,5.0,9,10854,18085000
Visakhapatnam,Seethammadhara,5,2338,5.0,5,3,2.0,2.0,11,Semi-Furnished,Independent House,0.9,1.4,4.0,1,1.0,5,9009,13044000
Visakhapatnam,Dwaraka Nagar,4,2174,4.0,2,2,1.0,2.0,31,Semi-Furnished,Apartment,10.6,4.5,8.0,2,5.0,7,8354,13576000
Kolkata,Dum Dum,5,2774,5.0,15,14,2.0,3.0,23,Unfurnished,Villa,5.0,3.1,5.0,7,7.0,5,14368,16954000
Bengaluru,Koramangala,1,685,1.0,15,12,2.0,2.0,33,Fully-Furnished,Independent House,2.1,2.4,5.0,5,1.0,7,1864,5992000
